campaign_id,timestamp,repetition,scenario,severity,reference_policy_version,reference_policy_sha256,selected_decision,executed_decision,aggregation_mode,expected_decision,correct,confidence,confidence_margin,ce,ch,cc,cr,decision_latency_ms,recovery_success,recovery_attempted,operator_escalation,safety_status,safety_reason,action_execution_mode,recovery_verification_latency_ms,pre_availability,post_availability,availability_gain,cpu,memory,allocated_memory_mb,latency_ms,error_rate,dependency_available
0ab6e4b7-ed17-40ee-b57e-3a54441b350b,2026-09-05T09:21:31.391637+00:00,1,cpu,0.6,1.0,526a06484cc5d50d7c0dc8b8487e4c04f32ee18de6a97eee8ae6965169fe5856,Do Nothing,Do Nothing,multiplicative,Do Nothing,1,0.6175521725460178,0.3046984953394888,0.804,0.804,0.45,0.5,0.23396313190460205,,0,0,autonomous_observation,,prototype_fault_reset,,1.0,1.0,0.0,59.8,2.146271168946654,0.0,6.936897960258648,0.0,1.0
0ab6e4b7-ed17-40ee-b57e-3a54441b350b,2026-09-05T09:21:53.450411+00:00,2,cpu,0.6,1.0,526a06484cc5d50d7c0dc8b8487e4c04f32ee18de6a97eee8ae6965169fe5856,Do Nothing,Do Nothing,multiplicative,Do Nothing,1,0.6251859873644097,0.3287236269138325,0.8240000000000001,0.8240000000000001,0.45,0.5,0.22613443434238434,,0,0,autonomous_observation,,prototype_fault_reset,,1.0,1.0,0.0,58.8,2.1474621082802043,0.0,7.488595514905893,0.0,1.0
0ab6e4b7-ed17-40ee-b57e-3a54441b350b,2026-09-05T09:22:15.513590+00:00,3,cpu,0.6,1.0,526a06484cc5d50d7c0dc8b8487e4c04f32ee18de6a97eee8ae6965169fe5856,Do Nothing,Do Nothing,multiplicative,Do Nothing,1,0.6468147605306148,0.4040675590049482,0.882,0.882,0.45,0.5,0.4073847085237503,,0,0,autonomous_observation,,prototype_fault_reset,,1.0,1.0,0.0,55.9,2.1480575779469793,0.0,7.675437155418438,0.0,1.0
0ab6e4b7-ed17-40ee-b57e-3a54441b350b,2026-09-05T09:22:37.577375+00:00,4,cpu,0.6,1.0,526a06484cc5d50d7c0dc8b8487e4c04f32ee18de6a97eee8ae6965169fe5856,Do Nothing,Do Nothing,multiplicative,Do Nothing,1,0.6251859873644097,0.3287236269138325,0.8240000000000001,0.8240000000000001,0.45,0.5,0.2791471779346466,,0,0,autonomous_observation,,prototype_fault_reset,,1.0,1.0,0.0,58.8,2.1484545577248295,0.0,7.666864970553956,0.0,1.0
0ab6e4b7-ed17-40ee-b57e-3a54441b350b,2026-09-05T09:22:59.638662+00:00,5,cpu,0.6,1.0,526a06484cc5d50d7c0dc8b8487e4c04f32ee18de6a97eee8ae6965169fe5856,Do Nothing,Do Nothing,multiplicative,Do Nothing,1,0.6251859873644097,0.3287236269138325,0.8240000000000001,0.8240000000000001,0.45,0.5,0.21356064826250076,,0,0,autonomous_observation,,prototype_fault_reset,,1.0,1.0,0.0,58.8,2.1488515375026798,0.0,7.723850732636169,0.0,1.0
0ab6e4b7-ed17-40ee-b57e-3a54441b350b,2026-09-05T09:23:21.709566+00:00,6,cpu,0.6,1.0,526a06484cc5d50d7c0dc8b8487e4c04f32ee18de6a97eee8ae6965169fe5856,Do Nothing,Do Nothing,multiplicative,Do Nothing,1,0.6244268055575137,0.32628475823493314,0.8220000000000001,0.8220000000000001,0.45,0.5,0.21097436547279358,,0,0,autonomous_observation,,prototype_fault_reset,,1.0,1.0,0.0,58.9,2.1492485172805296,0.0,7.493250711253409,0.0,1.0
0ab6e4b7-ed17-40ee-b57e-3a54441b350b,2026-09-05T09:23:43.789102+00:00,1,cpu,0.7,1.0,526a06484cc5d50d7c0dc8b8487e4c04f32ee18de6a97eee8ae6965169fe5856,Do Nothing,Do Nothing,multiplicative,Do Nothing,1,0.5770509835497469,0.1912872819810088,0.702,0.702,0.45,0.5,1.4796219766139984,,0,0,autonomous_observation,,prototype_fault_reset,,1.0,1.0,0.0,64.9,2.15043945661408,0.0,7.910548141722143,0.0,1.0
0ab6e4b7-ed17-40ee-b57e-3a54441b350b,2026-09-05T09:24:05.864691+00:00,2,cpu,0.7,1.0,526a06484cc5d50d7c0dc8b8487e4c04f32ee18de6a97eee8ae6965169fe5856,Do Nothing,Operator Review,multiplicative,Do Nothing,1,0.5352591484610564,0.09056560778519057,0.6040000000000001,0.6040000000000001,0.45,0.5,0.23201946169137955,0,0,1,operator_escalation,confidence 0.535 is below the autonomous threshold 0.550,prototype_fault_reset,0.0,1.0,1.0,0.0,69.8,2.15083643639193,0.0,8.59279909375063,0.0,1.0
0ab6e4b7-ed17-40ee-b57e-3a54441b350b,2026-09-05T09:24:27.954625+00:00,3,cpu,0.7,1.0,526a06484cc5d50d7c0dc8b8487e4c04f32ee18de6a97eee8ae6965169fe5856,Do Nothing,Operator Review,multiplicative,Do Nothing,1,0.5440488847445238,0.11073046494088934,0.6240000000000001,0.6240000000000001,0.45,0.5,0.5296943709254265,0,0,1,operator_escalation,confidence 0.544 is below the autonomous threshold 0.550,prototype_fault_reset,0.0,1.0,1.0,0.0,68.8,2.1510349262808552,0.0,9.439400397241116,0.0,1.0
0ab6e4b7-ed17-40ee-b57e-3a54441b350b,2026-09-05T09:24:50.029682+00:00,4,cpu,0.7,1.0,526a06484cc5d50d7c0dc8b8487e4c04f32ee18de6a97eee8ae6965169fe5856,Do Nothing,Do Nothing,multiplicative,Do Nothing,1,0.5620600841999199,0.1536593993720063,0.6659999999999999,0.6659999999999999,0.45,0.5,0.4106815904378891,,0,0,autonomous_observation,,prototype_fault_reset,,1.0,1.0,0.0,66.7,2.1514319060587055,0.0,9.450524243575757,0.0,1.0
0ab6e4b7-ed17-40ee-b57e-3a54441b350b,2026-09-05T09:25:12.123115+00:00,5,cpu,0.7,1.0,526a06484cc5d50d7c0dc8b8487e4c04f32ee18de6a97eee8ae6965169fe5856,Do Nothing,Operator Review,multiplicative,Do Nothing,1,0.5457898456254581,0.1147824738722884,0.6280000000000001,0.6280000000000001,0.45,0.5,0.2463432028889656,0,0,1,operator_escalation,confidence 0.546 is below the autonomous threshold 0.550,prototype_fault_reset,0.0,1.0,1.0,0.0,68.6,2.1516303959476306,0.0,10.031893102661568,0.0,1.0
0ab6e4b7-ed17-40ee-b57e-3a54441b350b,2026-09-05T09:25:34.204279+00:00,6,cpu,0.7,1.0,526a06484cc5d50d7c0dc8b8487e4c04f32ee18de6a97eee8ae6965169fe5856,Do Nothing,Do Nothing,multiplicative,Do Nothing,1,0.5612155156023135,0.15159389924682787,0.664,0.664,0.45,0.5,0.23891963064670563,,0,0,autonomous_observation,,prototype_fault_reset,,1.0,1.0,0.0,66.8,2.1522258656144055,0.0,10.663982312685464,0.0,1.0
0ab6e4b7-ed17-40ee-b57e-3a54441b350b,2026-09-05T09:25:56.285908+00:00,1,cpu,0.8,1.0,526a06484cc5d50d7c0dc8b8487e4c04f32ee18de6a97eee8ae6965169fe5856,Scale Out,Operator Review,multiplicative,Scale Out,1,0.5269272080094087,0.06800707098422432,0.4169999999999999,0.38919999999999993,0.95,0.5,0.2539902925491333,0,0,1,operator_escalation,confidence 0.527 is below the autonomous threshold 0.550,prototype_fault_reset,0.0,1.0,1.0,0.0,77.8,2.1524243555033307,0.0,11.441082478715824,0.0,1.0
0ab6e4b7-ed17-40ee-b57e-3a54441b350b,2026-09-05T09:26:18.365619+00:00,2,cpu,0.8,1.0,526a06484cc5d50d7c0dc8b8487e4c04f32ee18de6a97eee8ae6965169fe5856,Scale Out,Operator Review,multiplicative,Scale Out,1,0.5259786434094248,0.06602606382619802,0.41550000000000004,0.38780000000000003,0.95,0.5,0.26674941182136536,0,0,1,operator_escalation,confidence 0.526 is below the autonomous threshold 0.550,prototype_fault_reset,0.0,1.0,1.0,0.0,77.7,2.153019825170106,0.0,11.521750639506875,0.0,1.0
0ab6e4b7-ed17-40ee-b57e-3a54441b350b,2026-09-05T09:26:40.437016+00:00,3,cpu,0.8,1.0,526a06484cc5d50d7c0dc8b8487e4c04f32ee18de6a97eee8ae6965169fe5856,Scale Out,Operator Review,multiplicative,Scale Out,1,0.5278740680866628,0.06998870157102116,0.4185000000000001,0.3906000000000001,0.95,0.5,0.9280769154429436,0,0,1,operator_escalation,confidence 0.528 is below the autonomous threshold 0.550,prototype_fault_reset,0.0,1.0,1.0,0.0,77.9,2.154409254392581,0.0,11.735972259524306,0.0,1.0
0ab6e4b7-ed17-40ee-b57e-3a54441b350b,2026-09-05T09:27:02.502511+00:00,4,cpu,0.8,1.0,526a06484cc5d50d7c0dc8b8487e4c04f32ee18de6a97eee8ae6965169fe5856,Scale Out,Operator Review,multiplicative,Scale Out,1,0.5363205894969069,0.08785558619485556,0.43199999999999994,0.40319999999999995,0.95,0.5,1.2138821184635162,0,0,1,operator_escalation,confidence 0.536 is below the autonomous threshold 0.550,prototype_fault_reset,0.0,1.0,1.0,0.0,78.8,2.1548062341704313,0.0,11.965833202305232,0.0,1.0
0ab6e4b7-ed17-40ee-b57e-3a54441b350b,2026-09-05T09:27:24.589447+00:00,5,cpu,0.8,1.0,526a06484cc5d50d7c0dc8b8487e4c04f32ee18de6a97eee8ae6965169fe5856,Scale Out,Operator Review,multiplicative,Scale Out,1,0.5363205894969069,0.08785558619485556,0.43199999999999994,0.40319999999999995,0.95,0.5,0.2122698351740837,0,0,1,operator_escalation,confidence 0.536 is below the autonomous threshold 0.550,prototype_fault_reset,0.0,1.0,1.0,0.0,78.8,2.1552032139482815,0.0,11.80517560138797,0.0,1.0
0ab6e4b7-ed17-40ee-b57e-3a54441b350b,2026-09-05T09:27:46.660209+00:00,6,cpu,0.8,1.0,526a06484cc5d50d7c0dc8b8487e4c04f32ee18de6a97eee8ae6965169fe5856,Scale Out,Operator Review,multiplicative,Scale Out,1,0.5259786434094248,0.06602606382619802,0.41550000000000004,0.38780000000000003,0.95,0.5,0.28024986386299133,0,0,1,operator_escalation,confidence 0.526 is below the autonomous threshold 0.550,prototype_fault_reset,0.0,1.0,1.0,0.0,77.7,2.1552032139482815,0.0,12.20153324362455,0.0,1.0
0ab6e4b7-ed17-40ee-b57e-3a54441b350b,2026-09-05T09:28:09.815668+00:00,1,cpu,0.9,1.0,526a06484cc5d50d7c0dc8b8487e4c04f32ee18de6a97eee8ae6965169fe5856,Scale Out,Scale Out,multiplicative,Scale Out,1,0.629685190754434,0.12985895331373082,0.5955,0.5558,0.95,0.5,0.39403047412633896,1,1,0,autonomous,,prototype_fault_reset,1058.5748488083482,1.0,1.0,0.0,89.7,2.1554017038372066,0.0,12.840152418974675,0.0,1.0
0ab6e4b7-ed17-40ee-b57e-3a54441b350b,2026-09-05T09:28:32.944332+00:00,2,cpu,0.9,1.0,526a06484cc5d50d7c0dc8b8487e4c04f32ee18de6a97eee8ae6965169fe5856,Scale Out,Scale Out,multiplicative,Scale Out,1,0.6680644971960116,0.17457344910586725,0.5805,0.5418,0.95,0.6666666666666666,0.25251880288124084,1,1,0,autonomous,,prototype_fault_reset,1074.9227758497,1.0,1.0,0.0,88.7,2.1554017038372066,0.0,13.408119337180176,0.0,1.0
0ab6e4b7-ed17-40ee-b57e-3a54441b350b,2026-09-05T09:28:56.096302+00:00,3,cpu,0.9,1.0,526a06484cc5d50d7c0dc8b8487e4c04f32ee18de6a97eee8ae6965169fe5856,Scale Out,Scale Out,multiplicative,Scale Out,1,0.6799812551085562,0.19226223070517057,0.567,0.5291999999999999,0.95,0.75,0.23152027279138565,1,1,0,autonomous,,prototype_fault_reset,1094.6016907691956,1.0,1.0,0.0,87.8,2.1554017038372066,0.0,13.417335515259763,0.0,1.0
0ab6e4b7-ed17-40ee-b57e-3a54441b350b,2026-09-05T09:29:19.266239+00:00,4,cpu,0.9,1.0,526a06484cc5d50d7c0dc8b8487e4c04f32ee18de6a97eee8ae6965169fe5856,Scale Out,Scale Out,multiplicative,Scale Out,1,0.6910414877038698,0.2033224633004841,0.567,0.5291999999999999,0.95,0.8,2.0789513364434242,1,1,0,autonomous,,prototype_fault_reset,1100.5878522992134,1.0,1.0,0.0,87.8,2.1554017038372066,0.0,13.433101433670013,0.0,1.0
0ab6e4b7-ed17-40ee-b57e-3a54441b350b,2026-09-05T09:29:42.415837+00:00,5,cpu,0.9,1.0,526a06484cc5d50d7c0dc8b8487e4c04f32ee18de6a97eee8ae6965169fe5856,Scale Out,Scale Out,multiplicative,Scale Out,1,0.7063922014599321,0.21290115336978777,0.5805,0.5418,0.95,0.8333333333333334,0.2715904265642166,1,1,0,autonomous,,prototype_fault_reset,1100.070521235466,1.0,1.0,0.0,88.7,2.1554017038372066,0.0,13.927332492312415,0.0,1.0
0ab6e4b7-ed17-40ee-b57e-3a54441b350b,2026-09-05T09:30:05.584472+00:00,6,cpu,0.9,1.0,526a06484cc5d50d7c0dc8b8487e4c04f32ee18de6a97eee8ae6965169fe5856,Scale Out,Scale Out,multiplicative,Scale Out,1,0.7030641081704515,0.21534508376706585,0.567,0.5291999999999999,0.95,0.8571428571428571,0.28667692095041275,1,1,0,autonomous,,prototype_fault_reset,1104.1916916146874,1.0,1.0,0.0,87.8,2.1577835825043072,0.0,14.268021932086691,0.0,1.0
0ab6e4b7-ed17-40ee-b57e-3a54441b350b,2026-09-05T09:30:28.692263+00:00,1,cpu,0.95,1.0,526a06484cc5d50d7c0dc8b8487e4c04f32ee18de6a97eee8ae6965169fe5856,Scale Out,Scale Out,multiplicative,Scale Out,1,0.7242408075981603,0.2244145701574572,0.5955,0.5558,0.95,0.875,0.3710296005010605,1,1,0,autonomous,,prototype_fault_reset,1041.9315053150058,1.0,1.0,0.0,89.7,2.1587760319489324,0.0,16.706335672606993,0.0,1.0
0ab6e4b7-ed17-40ee-b57e-3a54441b350b,2026-09-05T09:30:51.844893+00:00,2,cpu,0.95,1.0,526a06484cc5d50d7c0dc8b8487e4c04f32ee18de6a97eee8ae6965169fe5856,Scale Out,Scale Out,multiplicative,Scale Out,1,0.7460805792304724,0.2332050981231436,0.627,0.5851999999999999,0.95,0.8888888888888888,0.2659950405359268,1,1,0,autonomous,,prototype_fault_reset,1089.3299980089068,1.0,1.0,0.0,91.8,2.1589745218378575,0.0,16.983207940938883,0.0,1.0
0ab6e4b7-ed17-40ee-b57e-3a54441b350b,2026-09-05T09:31:15.013744+00:00,3,cpu,0.95,1.0,526a06484cc5d50d7c0dc8b8487e4c04f32ee18de6a97eee8ae6965169fe5856,Scale Out,Scale Out,multiplicative,Scale Out,1,0.7484012311373576,0.23552575003002874,0.627,0.5851999999999999,0.95,0.9,0.2755383029580116,1,1,0,autonomous,,prototype_fault_reset,1113.6325998231769,1.0,1.0,0.0,91.8,2.1589745218378575,0.0,17.086973694925444,0.0,1.0
0ab6e4b7-ed17-40ee-b57e-3a54441b350b,2026-09-05T09:31:38.175069+00:00,4,cpu,0.95,1.0,526a06484cc5d50d7c0dc8b8487e4c04f32ee18de6a97eee8ae6965169fe5856,Scale Out,Scale Out,multiplicative,Scale Out,1,0.739435965604026,0.2339759420470202,0.6089999999999999,0.5683999999999998,0.95,0.9090909090909091,0.26522669941186905,1,1,0,autonomous,,prototype_fault_reset,1103.4743273630738,1.0,1.0,0.0,90.6,2.1589745218378575,0.0,16.307289048563685,0.0,1.0
0ab6e4b7-ed17-40ee-b57e-3a54441b350b,2026-09-05T09:32:01.348659+00:00,5,cpu,0.95,1.0,526a06484cc5d50d7c0dc8b8487e4c04f32ee18de6a97eee8ae6965169fe5856,Scale Out,Scale Out,multiplicative,Scale Out,1,0.7607824214541083,0.2418083255590484,0.642,0.5992,0.95,0.9166666666666666,0.2805683761835098,1,1,0,autonomous,,prototype_fault_reset,1090.2763064950705,1.0,1.0,0.0,92.8,2.1589745218378575,0.0,16.849419496749054,0.0,1.0
0ab6e4b7-ed17-40ee-b57e-3a54441b350b,2026-09-05T09:32:24.509426+00:00,6,cpu,0.95,1.0,526a06484cc5d50d7c0dc8b8487e4c04f32ee18de6a97eee8ae6965169fe5856,Scale Out,Scale Out,multiplicative,Scale Out,1,0.7709607237801568,0.24595885207004964,0.6569999999999999,0.6131999999999999,0.95,0.9230769230769231,0.33886171877384186,1,1,0,autonomous,,prototype_fault_reset,1098.4065774828196,1.0,1.0,0.0,93.8,2.1589745218378575,0.0,16.763684252509847,0.0,1.0
0ab6e4b7-ed17-40ee-b57e-3a54441b350b,2026-09-05T09:32:44.652823+00:00,1,memory,100,1.0,526a06484cc5d50d7c0dc8b8487e4c04f32ee18de6a97eee8ae6965169fe5856,Do Nothing,Operator Review,multiplicative,Do Nothing,1,0.522302722898102,0.06387776083845731,0.6378849711395702,0.6666666666666667,0.35,0.5,0.29550958424806595,0,0,1,operator_escalation,confidence 0.522 is below the autonomous threshold 0.550,prototype_fault_reset,0.0,1.0,1.0,0.0,1.0,7.242300577208597,100.0,12.915471559777238,0.0,1.0
0ab6e4b7-ed17-40ee-b57e-3a54441b350b,2026-09-05T09:33:04.768921+00:00,2,memory,100,1.0,526a06484cc5d50d7c0dc8b8487e4c04f32ee18de6a97eee8ae6965169fe5856,Do Nothing,Operator Review,multiplicative,Do Nothing,1,0.5223433492331984,0.06397298088130104,0.6380834610284952,0.6666666666666667,0.35,0.5,0.33289846032857895,0,0,1,operator_escalation,confidence 0.522 is below the autonomous threshold 0.550,prototype_fault_reset,0.0,1.0,1.0,0.0,0.0,7.238330779430095,100.0,8.61495339935555,0.0,1.0
0ab6e4b7-ed17-40ee-b57e-3a54441b350b,2026-09-05T09:33:24.869927+00:00,3,memory,100,1.0,526a06484cc5d50d7c0dc8b8487e4c04f32ee18de6a97eee8ae6965169fe5856,Do Nothing,Operator Review,multiplicative,Do Nothing,1,0.5223433492331984,0.06397298088130104,0.6380834610284952,0.6666666666666667,0.35,0.5,0.2483166754245758,0,0,1,operator_escalation,confidence 0.522 is below the autonomous threshold 0.550,prototype_fault_reset,0.0,1.0,1.0,0.0,0.0,7.238330779430095,100.0,4.117977219160462,0.0,1.0
0ab6e4b7-ed17-40ee-b57e-3a54441b350b,2026-09-05T09:33:44.977812+00:00,4,memory,100,1.0,526a06484cc5d50d7c0dc8b8487e4c04f32ee18de6a97eee8ae6965169fe5856,Do Nothing,Operator Review,multiplicative,Do Nothing,1,0.5223453803011343,0.06397774180568994,0.6380933855229415,0.6666666666666667,0.35,0.5,0.24245120584964752,0,0,1,operator_escalation,confidence 0.522 is below the autonomous threshold 0.550,prototype_fault_reset,0.0,1.0,1.0,0.0,0.0,7.23813228954117,100.0,3.8465199289751832,0.0,1.0
0ab6e4b7-ed17-40ee-b57e-3a54441b350b,2026-09-05T09:34:05.090811+00:00,5,memory,100,1.0,526a06484cc5d50d7c0dc8b8487e4c04f32ee18de6a97eee8ae6965169fe5856,Do Nothing,Operator Review,multiplicative,Do Nothing,1,0.5223453803011343,0.06397774180568994,0.6380933855229415,0.6666666666666667,0.35,0.5,0.3143865615129471,0,0,1,operator_escalation,confidence 0.522 is below the autonomous threshold 0.550,prototype_fault_reset,0.0,1.0,1.0,0.0,0.0,7.23813228954117,100.0,3.7592049413284316,0.0,1.0
0ab6e4b7-ed17-40ee-b57e-3a54441b350b,2026-09-05T09:34:25.241898+00:00,1,memory,150,1.0,526a06484cc5d50d7c0dc8b8487e4c04f32ee18de6a97eee8ae6965169fe5856,Restart Service,Operator Review,multiplicative,Do Nothing,0,0.5512640822964701,0.002124234582115969,0.44778802867781914,0.44834102150836436,0.92,0.5,0.2775629982352257,0,0,1,operator_escalation,confidence margin 0.002 is below the ambiguity threshold 0.030,prototype_fault_reset,0.0,1.0,1.0,0.0,0.0,9.778802867781915,150.0,3.7984612626863306,0.0,1.0
0ab6e4b7-ed17-40ee-b57e-3a54441b350b,2026-09-05T09:34:45.394925+00:00,2,memory,150,1.0,526a06484cc5d50d7c0dc8b8487e4c04f32ee18de6a97eee8ae6965169fe5856,Restart Service,Operator Review,multiplicative,Do Nothing,0,0.5512640822964701,0.002124234582115969,0.44778802867781914,0.44834102150836436,0.92,0.5,0.5067102611064911,0,0,1,operator_escalation,confidence margin 0.002 is below the ambiguity threshold 0.030,prototype_fault_reset,0.0,1.0,1.0,0.0,0.0,9.778802867781915,150.0,3.7221587889018606,0.0,1.0
0ab6e4b7-ed17-40ee-b57e-3a54441b350b,2026-09-05T09:35:05.535419+00:00,3,memory,150,1.0,526a06484cc5d50d7c0dc8b8487e4c04f32ee18de6a97eee8ae6965169fe5856,Restart Service,Operator Review,multiplicative,Do Nothing,0,0.5512640822964701,0.002124234582115969,0.44778802867781914,0.44834102150836436,0.92,0.5,0.21099764853715897,0,0,1,operator_escalation,confidence margin 0.002 is below the ambiguity threshold 0.030,prototype_fault_reset,0.0,1.0,1.0,0.0,0.0,9.778802867781915,150.0,3.702288075182281,0.0,1.0
0ab6e4b7-ed17-40ee-b57e-3a54441b350b,2026-09-05T09:35:25.690213+00:00,4,memory,150,1.0,526a06484cc5d50d7c0dc8b8487e4c04f32ee18de6a97eee8ae6965169fe5856,Restart Service,Operator Review,multiplicative,Do Nothing,0,0.5512640822964701,0.002124234582115969,0.44778802867781914,0.44834102150836436,0.92,0.5,0.21408777683973312,0,0,1,operator_escalation,confidence margin 0.002 is below the ambiguity threshold 0.030,prototype_fault_reset,0.0,1.0,1.0,0.0,0.0,9.778802867781915,150.0,3.9553568835874064,0.0,1.0
0ab6e4b7-ed17-40ee-b57e-3a54441b350b,2026-09-05T09:35:45.830546+00:00,5,memory,150,1.0,526a06484cc5d50d7c0dc8b8487e4c04f32ee18de6a97eee8ae6965169fe5856,Restart Service,Operator Review,multiplicative,Do Nothing,0,0.5512640822964701,0.002124234582115969,0.44778802867781914,0.44834102150836436,0.92,0.5,1.3605132699012756,0,0,1,operator_escalation,confidence margin 0.002 is below the ambiguity threshold 0.030,prototype_fault_reset,0.0,1.0,1.0,0.0,0.0,9.778802867781915,150.0,4.112086038975442,0.0,1.0
0ab6e4b7-ed17-40ee-b57e-3a54441b350b,2026-09-05T09:36:06.014223+00:00,1,memory,200,1.0,526a06484cc5d50d7c0dc8b8487e4c04f32ee18de6a97eee8ae6965169fe5856,Restart Service,Operator Review,multiplicative,Restart Service,1,0.633185946972409,0.006278541724691222,0.5898653709246717,0.5923990281935039,0.92,0.5,0.22640172392129898,0,0,1,operator_escalation,confidence margin 0.006 is below the ambiguity threshold 0.030,prototype_fault_reset,0.0,1.0,1.0,0.0,0.0,12.31987042580051,200.0,4.088797444297421,0.0,1.0
0ab6e4b7-ed17-40ee-b57e-3a54441b350b,2026-09-05T09:36:26.205054+00:00,2,memory,200,1.0,526a06484cc5d50d7c0dc8b8487e4c04f32ee18de6a97eee8ae6965169fe5856,Restart Service,Operator Review,multiplicative,Restart Service,1,0.633185946972409,0.006278541724691222,0.5898653709246717,0.5923990281935039,0.92,0.5,0.2208612859249115,0,0,1,operator_escalation,confidence margin 0.006 is below the ambiguity threshold 0.030,prototype_fault_reset,0.0,1.0,1.0,0.0,0.0,12.31987042580051,200.0,3.9780241226957687,0.0,1.0
0ab6e4b7-ed17-40ee-b57e-3a54441b350b,2026-09-05T09:36:46.384037+00:00,3,memory,200,1.0,526a06484cc5d50d7c0dc8b8487e4c04f32ee18de6a97eee8ae6965169fe5856,Restart Service,Operator Review,multiplicative,Restart Service,1,0.633185946972409,0.006278541724691222,0.5898653709246717,0.5923990281935039,0.92,0.5,0.23631751537322998,0,0,1,operator_escalation,confidence margin 0.006 is below the ambiguity threshold 0.030,prototype_fault_reset,0.0,1.0,1.0,0.0,0.0,12.31987042580051,200.0,3.977544248224265,0.0,1.0
0ab6e4b7-ed17-40ee-b57e-3a54441b350b,2026-09-05T09:37:06.607181+00:00,4,memory,200,1.0,526a06484cc5d50d7c0dc8b8487e4c04f32ee18de6a97eee8ae6965169fe5856,Restart Service,Operator Review,multiplicative,Restart Service,1,0.633185946972409,0.006278541724691222,0.5898653709246717,0.5923990281935039,0.92,0.5,0.21487940102815628,0,0,1,operator_escalation,confidence margin 0.006 is below the ambiguity threshold 0.030,prototype_fault_reset,0.0,1.0,1.0,0.0,0.0,12.31987042580051,200.0,4.065601176892717,0.0,1.0
0ab6e4b7-ed17-40ee-b57e-3a54441b350b,2026-09-05T09:37:26.808145+00:00,5,memory,200,1.0,526a06484cc5d50d7c0dc8b8487e4c04f32ee18de6a97eee8ae6965169fe5856,Restart Service,Operator Review,multiplicative,Restart Service,1,0.633185946972409,0.006278541724691222,0.5898653709246717,0.5923990281935039,0.92,0.5,0.3454722464084625,0,0,1,operator_escalation,confidence margin 0.006 is below the ambiguity threshold 0.030,prototype_fault_reset,0.0,1.0,1.0,0.0,0.0,12.31987042580051,200.0,3.959237883488337,0.0,1.0
0ab6e4b7-ed17-40ee-b57e-3a54441b350b,2026-09-05T09:37:47.039640+00:00,1,memory,250,1.0,526a06484cc5d50d7c0dc8b8487e4c04f32ee18de6a97eee8ae6965169fe5856,Restart Service,Operator Review,multiplicative,Restart Service,1,0.7056593018177945,0.009621546437366235,0.7319407282726351,0.7364555462044763,0.92,0.5,1.331261359155178,0,0,1,operator_escalation,confidence margin 0.010 is below the ambiguity threshold 0.030,prototype_fault_reset,0.0,1.0,1.0,0.0,0.0,14.860739493930177,250.0,3.908339388047655,0.0,1.0
0ab6e4b7-ed17-40ee-b57e-3a54441b350b,2026-09-05T09:38:07.249437+00:00,2,memory,250,1.0,526a06484cc5d50d7c0dc8b8487e4c04f32ee18de6a97eee8ae6965169fe5856,Restart Service,Operator Review,multiplicative,Restart Service,1,0.7056593018177945,0.009621546437366235,0.7319407282726351,0.7364555462044763,0.92,0.5,0.2268729731440544,0,0,1,operator_escalation,confidence margin 0.010 is below the ambiguity threshold 0.030,prototype_fault_reset,0.0,1.0,1.0,0.0,0.0,14.860739493930177,250.0,3.8310428714898768,0.0,1.0
0ab6e4b7-ed17-40ee-b57e-3a54441b350b,2026-09-05T09:38:27.438095+00:00,3,memory,250,1.0,526a06484cc5d50d7c0dc8b8487e4c04f32ee18de6a97eee8ae6965169fe5856,Restart Service,Operator Review,multiplicative,Restart Service,1,0.7056593018177945,0.009621546437366235,0.7319407282726351,0.7364555462044763,0.92,0.5,0.19403360784053802,0,0,1,operator_escalation,confidence margin 0.010 is below the ambiguity threshold 0.030,prototype_fault_reset,0.0,1.0,1.0,0.0,0.0,14.860739493930177,250.0,3.8409265949100746,0.0,1.0
0ab6e4b7-ed17-40ee-b57e-3a54441b350b,2026-09-05T09:38:47.670206+00:00,4,memory,250,1.0,526a06484cc5d50d7c0dc8b8487e4c04f32ee18de6a97eee8ae6965169fe5856,Restart Service,Operator Review,multiplicative,Restart Service,1,0.7056609718410553,0.009619620678452345,0.7319446980704136,0.7364585235528102,0.92,0.5,0.3314577043056488,0,0,1,operator_escalation,confidence margin 0.010 is below the ambiguity threshold 0.030,prototype_fault_reset,0.0,1.0,1.0,0.0,1.0,14.861136473708028,250.0,3.8869097492978217,0.0,1.0
0ab6e4b7-ed17-40ee-b57e-3a54441b350b,2026-09-05T09:39:07.910048+00:00,5,memory,250,1.0,526a06484cc5d50d7c0dc8b8487e4c04f32ee18de6a97eee8ae6965169fe5856,Restart Service,Operator Review,multiplicative,Restart Service,1,0.7056609718410553,0.009619620678452345,0.7319446980704136,0.7364585235528102,0.92,0.5,0.3900565207004547,0,0,1,operator_escalation,confidence margin 0.010 is below the ambiguity threshold 0.030,prototype_fault_reset,0.0,1.0,1.0,0.0,1.0,14.861136473708028,250.0,3.9222480332265133,0.0,1.0
0ab6e4b7-ed17-40ee-b57e-3a54441b350b,2026-09-05T09:39:28.199452+00:00,1,memory,300,1.0,526a06484cc5d50d7c0dc8b8487e4c04f32ee18de6a97eee8ae6965169fe5856,Restart Service,Operator Review,multiplicative,Restart Service,1,0.7713529450417212,0.012456287664081356,0.8740160856205985,0.8805120642154489,0.92,0.5,0.19785668700933456,0,0,1,operator_escalation,confidence margin 0.012 is below the ambiguity threshold 0.030,prototype_fault_reset,0.0,1.0,1.0,0.0,0.0,17.40160856205985,300.0,4.0093357824990825,0.0,1.0
0ab6e4b7-ed17-40ee-b57e-3a54441b350b,2026-09-05T09:39:48.445466+00:00,2,memory,300,1.0,526a06484cc5d50d7c0dc8b8487e4c04f32ee18de6a97eee8ae6965169fe5856,Restart Service,Operator Review,multiplicative,Restart Service,1,0.771352181073902,0.012457172695690133,0.8740141007217092,0.8805105755412819,0.92,0.5,0.18816720694303513,0,0,1,operator_escalation,confidence margin 0.012 is below the ambiguity threshold 0.030,prototype_fault_reset,0.0,1.0,1.0,0.0,0.0,17.401410072170922,300.0,4.045632340374492,0.0,1.0
0ab6e4b7-ed17-40ee-b57e-3a54441b350b,2026-09-05T09:40:08.737610+00:00,3,memory,300,1.0,526a06484cc5d50d7c0dc8b8487e4c04f32ee18de6a97eee8ae6965169fe5856,Restart Service,Operator Review,multiplicative,Restart Service,1,0.7733198379927263,0.01018393633701764,0.8791331549570864,0.8843498662178149,0.92,0.5,0.35079848021268845,0,0,1,operator_escalation,confidence margin 0.010 is below the ambiguity threshold 0.030,prototype_fault_reset,0.0,1.0,1.0,0.0,0.0,17.91331549570865,300.0,3.8864487378547583,0.0,1.0
0ab6e4b7-ed17-40ee-b57e-3a54441b350b,2026-09-05T09:40:29.045354+00:00,4,memory,300,1.0,526a06484cc5d50d7c0dc8b8487e4c04f32ee18de6a97eee8ae6965169fe5856,Restart Service,Operator Review,multiplicative,Restart Service,1,0.773318314108247,0.010185692086410292,0.8791291851593079,0.884346888869481,0.92,0.5,1.719868741929531,0,0,1,operator_escalation,confidence margin 0.010 is below the ambiguity threshold 0.030,prototype_fault_reset,0.0,1.0,1.0,0.0,0.0,17.912918515930798,300.0,4.10421358111004,0.0,1.0
0ab6e4b7-ed17-40ee-b57e-3a54441b350b,2026-09-05T09:40:49.311127+00:00,5,memory,300,1.0,526a06484cc5d50d7c0dc8b8487e4c04f32ee18de6a97eee8ae6965169fe5856,Restart Service,Operator Review,multiplicative,Restart Service,1,0.773318314108247,0.010185692086410292,0.8791291851593079,0.884346888869481,0.92,0.5,0.2546161413192749,0,0,1,operator_escalation,confidence margin 0.010 is below the ambiguity threshold 0.030,prototype_fault_reset,0.0,1.0,1.0,0.0,0.0,17.912918515930798,300.0,4.09879056034518,0.0,1.0
0ab6e4b7-ed17-40ee-b57e-3a54441b350b,2026-09-05T09:41:14.654128+00:00,1,latency,300,1.0,526a06484cc5d50d7c0dc8b8487e4c04f32ee18de6a97eee8ae6965169fe5856,Do Nothing,Do Nothing,multiplicative,Do Nothing,1,0.5946035575013605,0.3048376552306942,1.0,1.0,0.25,0.5,0.28402917087078094,,0,0,autonomous_observation,,prototype_fault_reset,,1.0,1.0,0.0,0.0,2.673460313931608,0.0,46.11487489179239,0.0,1.0
0ab6e4b7-ed17-40ee-b57e-3a54441b350b,2026-09-05T09:41:39.969561+00:00,2,latency,300,1.0,526a06484cc5d50d7c0dc8b8487e4c04f32ee18de6a97eee8ae6965169fe5856,Do Nothing,Do Nothing,multiplicative,Do Nothing,1,0.5824219353311965,0.2568847686755544,0.9594457860684703,0.9594457860684703,0.25,0.5,0.3788750618696213,,0,0,autonomous_observation,,prototype_fault_reset,,1.0,1.0,0.0,0.0,2.673460313931608,0.0,156.7758995041416,0.0,1.0
0ab6e4b7-ed17-40ee-b57e-3a54441b350b,2026-09-05T09:42:05.316117+00:00,3,latency,300,1.0,526a06484cc5d50d7c0dc8b8487e4c04f32ee18de6a97eee8ae6965169fe5856,Do Nothing,Do Nothing,multiplicative,Do Nothing,1,0.5599549973145395,0.1791424327023135,0.886852190814462,0.886852190814462,0.25,0.5,0.26137102395296097,,0,0,autonomous_observation,,prototype_fault_reset,,1.0,1.0,0.0,1.0,2.6736588038205333,0.0,258.40693285975317,0.0,1.0
0ab6e4b7-ed17-40ee-b57e-3a54441b350b,2026-09-05T09:42:30.647453+00:00,4,latency,300,1.0,526a06484cc5d50d7c0dc8b8487e4c04f32ee18de6a97eee8ae6965169fe5856,Do Nothing,Do Nothing,multiplicative,Do Nothing,1,0.5600662660578711,0.1795018610376441,0.8872046789019636,0.8872046789019636,0.25,0.5,0.4087751731276512,,0,0,autonomous_observation,,prototype_fault_reset,,1.0,1.0,0.0,0.0,2.6736588038205333,0.0,257.9134495372509,0.0,1.0
0ab6e4b7-ed17-40ee-b57e-3a54441b350b,2026-09-05T09:42:55.952059+00:00,5,latency,300,1.0,526a06484cc5d50d7c0dc8b8487e4c04f32ee18de6a97eee8ae6965169fe5856,Do Nothing,Do Nothing,multiplicative,Do Nothing,1,0.5602141175272463,0.17997979781937018,0.887673165713948,0.887673165713948,0.25,0.5,0.2449462190270424,,0,0,autonomous_observation,,prototype_fault_reset,,1.0,1.0,0.0,0.0,2.6738572937094585,0.0,257.25756800047265,0.0,1.0
0ab6e4b7-ed17-40ee-b57e-3a54441b350b,2026-09-05T09:43:19.254034+00:00,1,latency,500,1.0,526a06484cc5d50d7c0dc8b8487e4c04f32ee18de6a97eee8ae6965169fe5856,Do Nothing,Do Nothing,multiplicative,Do Nothing,1,0.554695014342706,0.16239107858765517,0.8702690092162515,0.8702690092162515,0.25,0.5,0.23497827351093292,,0,0,autonomous_observation,,prototype_fault_reset,,1.0,1.0,0.0,0.0,2.6738572937094585,0.0,281.623387097248,0.0,1.0
0ab6e4b7-ed17-40ee-b57e-3a54441b350b,2026-09-05T09:43:42.552183+00:00,2,latency,500,1.0,526a06484cc5d50d7c0dc8b8487e4c04f32ee18de6a97eee8ae6965169fe5856,Do Nothing,Operator Review,multiplicative,Do Nothing,1,0.5439879248501719,0.12961669907678092,0.8369962507960348,0.8369962507960348,0.25,0.5,0.33498648554086685,0,0,1,operator_escalation,confidence 0.544 is below the autonomous threshold 0.550,prototype_fault_reset,0.0,1.0,1.0,0.0,0.0,2.6738572937094585,0.0,328.20524888555127,0.0,1.0
0ab6e4b7-ed17-40ee-b57e-3a54441b350b,2026-09-05T09:44:05.864946+00:00,3,latency,500,1.0,526a06484cc5d50d7c0dc8b8487e4c04f32ee18de6a97eee8ae6965169fe5856,Do Nothing,Operator Review,multiplicative,Do Nothing,1,0.5296306938604675,0.0880513598598644,0.7933983362694322,0.7933983362694322,0.25,0.5,0.4379134625196457,0,0,1,operator_escalation,confidence 0.530 is below the autonomous threshold 0.550,prototype_fault_reset,0.0,1.0,1.0,0.0,0.0,2.6738572937094585,0.0,389.24232922279487,0.0,1.0
0ab6e4b7-ed17-40ee-b57e-3a54441b350b,2026-09-05T09:44:29.153384+00:00,4,latency,500,1.0,526a06484cc5d50d7c0dc8b8487e4c04f32ee18de6a97eee8ae6965169fe5856,Do Nothing,Operator Review,multiplicative,Do Nothing,1,0.5301926758422084,0.08963275854511676,0.7950829520967662,0.7950829520967662,0.25,0.5,0.2387380227446556,0,0,1,operator_escalation,confidence 0.530 is below the autonomous threshold 0.550,prototype_fault_reset,0.0,1.0,1.0,0.0,0.0,2.6740557835983836,0.0,386.8838670645274,0.0,1.0
0ab6e4b7-ed17-40ee-b57e-3a54441b350b,2026-09-05T09:44:52.431056+00:00,5,latency,500,1.0,526a06484cc5d50d7c0dc8b8487e4c04f32ee18de6a97eee8ae6965169fe5856,Do Nothing,Operator Review,multiplicative,Do Nothing,1,0.5296842849490626,0.08820201318619225,0.7935589056329004,0.7935589056329004,0.25,0.5,0.24135783314704895,0,0,1,operator_escalation,confidence 0.530 is below the autonomous threshold 0.550,prototype_fault_reset,0.0,1.0,1.0,0.0,1.0,2.6740557835983836,0.0,389.01753211393947,0.0,1.0
0ab6e4b7-ed17-40ee-b57e-3a54441b350b,2026-09-05T09:45:18.941697+00:00,1,latency,700,1.0,526a06484cc5d50d7c0dc8b8487e4c04f32ee18de6a97eee8ae6965169fe5856,Do Nothing,Operator Review,multiplicative,Rollback,0,0.5241945377636209,0.07292991970059154,0.7771949604559774,0.7771949604559774,0.25,0.5,0.36086421459913254,0,0,1,operator_escalation,confidence 0.524 is below the autonomous threshold 0.550,prototype_fault_reset,0.0,1.0,1.0,0.0,0.0,2.6740557835983836,0.0,411.92705536163163,0.0,1.0
0ab6e4b7-ed17-40ee-b57e-3a54441b350b,2026-09-05T09:45:45.418941+00:00,2,latency,700,1.0,526a06484cc5d50d7c0dc8b8487e4c04f32ee18de6a97eee8ae6965169fe5856,Do Nothing,Operator Review,multiplicative,Rollback,0,0.5117915452495576,0.039537902297419325,0.7408515736460686,0.7408515736460686,0.25,0.5,1.3714833185076714,0,0,1,operator_escalation,confidence 0.512 is below the autonomous threshold 0.550,prototype_fault_reset,0.0,1.0,1.0,0.0,0.0,2.6740557835983836,0.0,462.80779689550394,0.0,1.0
0ab6e4b7-ed17-40ee-b57e-3a54441b350b,2026-09-05T09:46:11.883271+00:00,3,latency,700,1.0,526a06484cc5d50d7c0dc8b8487e4c04f32ee18de6a97eee8ae6965169fe5856,Do Nothing,Operator Review,multiplicative,Rollback,0,0.503220866272157,0.017279500511841017,0.7162461087610277,0.7162461087610277,0.25,0.5,0.28736982494592667,0,0,1,operator_escalation,confidence 0.503 is below the autonomous threshold 0.550; confidence margin 0.017 is below the ambiguity threshold 0.030,prototype_fault_reset,0.0,1.0,1.0,0.0,0.0,2.6742542734873087,0.0,497.25544773456124,0.0,1.0
0ab6e4b7-ed17-40ee-b57e-3a54441b350b,2026-09-05T09:46:38.356080+00:00,4,latency,700,1.0,526a06484cc5d50d7c0dc8b8487e4c04f32ee18de6a97eee8ae6965169fe5856,Do Nothing,Operator Review,multiplicative,Rollback,0,0.5026094156094699,0.015715146095550248,0.7145065819773213,0.7145065819773213,0.25,0.5,0.2598250284790993,0,0,1,operator_escalation,confidence 0.503 is below the autonomous threshold 0.550; confidence margin 0.016 is below the ambiguity threshold 0.030,prototype_fault_reset,0.0,1.0,1.0,0.0,1.0,2.6742542734873087,0.0,499.6907852317502,0.0,1.0
0ab6e4b7-ed17-40ee-b57e-3a54441b350b,2026-09-05T09:47:04.833820+00:00,5,latency,700,1.0,526a06484cc5d50d7c0dc8b8487e4c04f32ee18de6a97eee8ae6965169fe5856,Do Nothing,Operator Review,multiplicative,Rollback,0,0.5038967922918394,0.019012373368260338,0.7181715238423618,0.7181715238423618,0.25,0.5,0.29289163649082184,0,0,1,operator_escalation,confidence 0.504 is below the autonomous threshold 0.550; confidence margin 0.019 is below the ambiguity threshold 0.030,prototype_fault_reset,0.0,1.0,1.0,0.0,0.0,2.6742542734873087,0.0,494.55986662069336,0.0,1.0
0ab6e4b7-ed17-40ee-b57e-3a54441b350b,2026-09-05T09:47:32.851624+00:00,1,latency,900,1.0,526a06484cc5d50d7c0dc8b8487e4c04f32ee18de6a97eee8ae6965169fe5856,Do Nothing,Operator Review,multiplicative,Rollback,0,0.4987503233117821,0.005911388804551998,0.7035765788759476,0.7035765788759476,0.25,0.5,0.2828408032655716,0,0,1,operator_escalation,confidence 0.499 is below the autonomous threshold 0.550; confidence margin 0.006 is below the ambiguity threshold 0.030,prototype_fault_reset,0.0,1.0,1.0,0.0,0.0,2.6742542734873087,0.0,514.9927895736733,0.0,1.0
0ab6e4b7-ed17-40ee-b57e-3a54441b350b,2026-09-05T09:48:00.882131+00:00,2,latency,900,1.0,526a06484cc5d50d7c0dc8b8487e4c04f32ee18de6a97eee8ae6965169fe5856,Rollback,Operator Review,multiplicative,Rollback,1,0.5104365430870805,0.02357512761099212,0.3971748733303832,0.3636531982190755,0.94,0.5,0.2523539587855339,0,0,1,operator_escalation,confidence 0.510 is below the autonomous threshold 0.550; confidence margin 0.024 is below the ambiguity threshold 0.030,prototype_fault_reset,0.0,1.0,1.0,0.0,0.0,2.6742542734873087,0.0,561.3930968833821,0.0,1.0
0ab6e4b7-ed17-40ee-b57e-3a54441b350b,2026-09-05T09:48:28.915000+00:00,3,latency,900,1.0,526a06484cc5d50d7c0dc8b8487e4c04f32ee18de6a97eee8ae6965169fe5856,Rollback,Operator Review,multiplicative,Rollback,1,0.5198064908771697,0.03957209166408737,0.4107703299057169,0.378155018566098,0.94,0.5,0.2704896032810211,0,0,1,operator_escalation,confidence 0.520 is below the autonomous threshold 0.550,prototype_fault_reset,0.0,1.0,1.0,0.0,0.0,2.6742542734873087,0.0,586.7712824906715,0.0,1.0
0ab6e4b7-ed17-40ee-b57e-3a54441b350b,2026-09-05T09:48:56.953602+00:00,4,latency,900,1.0,526a06484cc5d50d7c0dc8b8487e4c04f32ee18de6a97eee8ae6965169fe5856,Rollback,Operator Review,multiplicative,Rollback,1,0.5198214494902702,0.039597801183589854,0.41079223422380556,0.3781783831720593,0.94,0.5,0.3502843901515007,0,0,1,operator_escalation,confidence 0.520 is below the autonomous threshold 0.550,prototype_fault_reset,0.0,1.0,1.0,0.0,0.0,2.6742542734873087,0.0,586.8121705511038,0.0,1.0
0ab6e4b7-ed17-40ee-b57e-3a54441b350b,2026-09-05T09:49:25.002645+00:00,5,latency,900,1.0,526a06484cc5d50d7c0dc8b8487e4c04f32ee18de6a97eee8ae6965169fe5856,Rollback,Operator Review,multiplicative,Rollback,1,0.5197840072519433,0.039533449871163695,0.4107374076991726,0.3781199015457841,0.94,0.5,0.27595367282629013,0,0,1,operator_escalation,confidence 0.520 is below the autonomous threshold 0.550,prototype_fault_reset,0.0,1.0,1.0,0.0,0.0,2.6742542734873087,0.0,586.7098277051222,0.0,1.0
0ab6e4b7-ed17-40ee-b57e-3a54441b350b,2026-09-05T09:49:53.593450+00:00,1,latency,1200,1.0,526a06484cc5d50d7c0dc8b8487e4c04f32ee18de6a97eee8ae6965169fe5856,Rollback,Operator Review,multiplicative,Rollback,1,0.537486910784619,0.07035642099430123,0.4371047903283208,0.4062451096835421,0.94,0.5,0.3447290509939194,0,0,1,operator_escalation,confidence 0.537 is below the autonomous threshold 0.550,prototype_fault_reset,0.0,1.0,1.0,0.0,0.0,2.6742542734873087,0.0,635.9289419461987,0.0,1.0
0ab6e4b7-ed17-40ee-b57e-3a54441b350b,2026-09-05T09:50:22.256375+00:00,2,latency,1200,1.0,526a06484cc5d50d7c0dc8b8487e4c04f32ee18de6a97eee8ae6965169fe5856,Rollback,Rollback,multiplicative,Rollback,1,0.5586815647389304,0.108374115795692,0.4698454519835717,0.44116848211580983,0.94,0.5,0.3436403349041939,1,1,0,autonomous,,prototype_fault_reset,1049.937104806304,1.0,1.0,0.0,1.0,2.6742542734873087,0.0,697.0448437026672,0.0,1.0
0ab6e4b7-ed17-40ee-b57e-3a54441b350b,2026-09-05T09:50:50.831119+00:00,3,latency,1200,1.0,526a06484cc5d50d7c0dc8b8487e4c04f32ee18de6a97eee8ae6965169fe5856,Do Nothing,Operator Review,multiplicative,Rollback,0,0.518702475916524,0.02360430076143122,0.7609947059776575,0.7609947059776575,0.25,0.5,0.280146487057209,0,0,1,operator_escalation,confidence 0.519 is below the autonomous threshold 0.550; confidence margin 0.024 is below the ambiguity threshold 0.030,prototype_fault_reset,0.0,1.0,1.0,0.0,0.0,2.6742542734873087,0.0,434.60741163127955,0.0,1.0
0ab6e4b7-ed17-40ee-b57e-3a54441b350b,2026-09-05T09:51:19.426790+00:00,4,latency,1200,1.0,526a06484cc5d50d7c0dc8b8487e4c04f32ee18de6a97eee8ae6965169fe5856,Do Nothing,Operator Review,multiplicative,Rollback,0,0.5187887492791871,0.02384806361720193,0.7612478724275132,0.7612478724275132,0.25,0.5,0.3176592290401459,0,0,1,operator_escalation,confidence 0.519 is below the autonomous threshold 0.550; confidence margin 0.024 is below the ambiguity threshold 0.030,prototype_fault_reset,0.0,1.0,1.0,0.0,2.0,2.6742542734873087,0.0,434.25297860148146,0.0,1.0
0ab6e4b7-ed17-40ee-b57e-3a54441b350b,2026-09-05T09:51:48.007137+00:00,5,latency,1200,1.0,526a06484cc5d50d7c0dc8b8487e4c04f32ee18de6a97eee8ae6965169fe5856,Rollback,Rollback,multiplicative,Rollback,1,0.604270009543901,0.1569956889308044,0.47562070566440556,0.4473287527086993,0.94,0.6666666666666666,0.9653083980083466,1,1,0,autonomous,,prototype_fault_reset,1046.4318860322237,1.0,1.0,0.0,0.0,2.6742542734873087,0.0,707.8253172402237,0.0,1.0
0ab6e4b7-ed17-40ee-b57e-3a54441b350b,2026-09-05T09:52:11.050273+00:00,1,errors,0.1,1.0,526a06484cc5d50d7c0dc8b8487e4c04f32ee18de6a97eee8ae6965169fe5856,Do Nothing,Operator Review,multiplicative,Do Nothing,1,0.5107718737008639,0.0395446050260127,0.825,0.825,0.2,0.5,0.27552712708711624,0,0,1,operator_escalation,confidence 0.511 is below the autonomous threshold 0.550,prototype_fault_reset,0.0,0.9125,0.9333333333333333,0.02083333333333337,0.0,2.6744527633762334,0.0,161.7595666198452,7.000000000000001,1.0
0ab6e4b7-ed17-40ee-b57e-3a54441b350b,2026-09-05T09:52:34.106492+00:00,2,errors,0.1,1.0,526a06484cc5d50d7c0dc8b8487e4c04f32ee18de6a97eee8ae6965169fe5856,Do Nothing,Operator Review,multiplicative,Do Nothing,1,0.5029733718731741,0.01743912521025781,0.8,0.8,0.2,0.5,0.34753698855638504,0,0,1,operator_escalation,confidence 0.503 is below the autonomous threshold 0.550; confidence margin 0.017 is below the ambiguity threshold 0.030,prototype_fault_reset,0.0,0.9125,0.8333333333333334,-0.07916666666666661,0.0,2.6744527633762334,0.0,42.16133054718375,8.0,1.0
0ab6e4b7-ed17-40ee-b57e-3a54441b350b,2026-09-05T09:52:57.148126+00:00,3,errors,0.1,1.0,526a06484cc5d50d7c0dc8b8487e4c04f32ee18de6a97eee8ae6965169fe5856,Rollback,Operator Review,multiplicative,Do Nothing,0,0.5021671200176456,0.007115083699190117,0.31875000000000003,0.28,0.95,0.75,0.8854307234287262,0,0,1,operator_escalation,confidence 0.502 is below the autonomous threshold 0.550; confidence margin 0.007 is below the ambiguity threshold 0.030,prototype_fault_reset,0.0,0.9,0.9,0.0,0.0,2.6744527633762334,0.0,3.637885881139885,9.0,1.0
0ab6e4b7-ed17-40ee-b57e-3a54441b350b,2026-09-05T09:53:20.183489+00:00,4,errors,0.1,1.0,526a06484cc5d50d7c0dc8b8487e4c04f32ee18de6a97eee8ae6965169fe5856,Rollback,Operator Review,multiplicative,Do Nothing,0,0.5021671200176456,0.007115083699190117,0.31875000000000003,0.28,0.95,0.75,0.32976921647787094,0,0,1,operator_escalation,confidence 0.502 is below the autonomous threshold 0.550; confidence margin 0.007 is below the ambiguity threshold 0.030,prototype_fault_reset,0.0,0.8875,0.9,0.012500000000000067,0.0,2.6744527633762334,0.0,3.653650218046006,9.0,1.0
0ab6e4b7-ed17-40ee-b57e-3a54441b350b,2026-09-05T09:53:43.227969+00:00,5,errors,0.1,1.0,526a06484cc5d50d7c0dc8b8487e4c04f32ee18de6a97eee8ae6965169fe5856,Rollback,Operator Review,multiplicative,Do Nothing,0,0.5021671200176456,0.007115083699190117,0.31875000000000003,0.28,0.95,0.75,0.28312113136053085,0,0,1,operator_escalation,confidence 0.502 is below the autonomous threshold 0.550; confidence margin 0.007 is below the ambiguity threshold 0.030,prototype_fault_reset,0.0,0.8875,0.8666666666666667,-0.02083333333333326,0.0,2.6744527633762334,0.0,3.5880754047509615,9.0,1.0
0ab6e4b7-ed17-40ee-b57e-3a54441b350b,2026-09-05T09:54:07.305714+00:00,1,errors,0.2,1.0,526a06484cc5d50d7c0dc8b8487e4c04f32ee18de6a97eee8ae6965169fe5856,Rollback,Rollback,multiplicative,Rollback,1,0.7171546731910841,0.21124466106635764,0.61875,0.6,0.95,0.75,0.3490922972559929,1,1,0,autonomous,,prototype_fault_reset,1042.68809966743,0.725,1.0,0.275,0.0,2.6744527633762334,0.0,3.4153884087033846,25.0,1.0
0ab6e4b7-ed17-40ee-b57e-3a54441b350b,2026-09-05T09:54:31.389961+00:00,2,errors,0.2,1.0,526a06484cc5d50d7c0dc8b8487e4c04f32ee18de6a97eee8ae6965169fe5856,Rollback,Rollback,multiplicative,Rollback,1,0.6425197933375384,0.21324091304526333,0.4875,0.4600000000000001,0.95,0.8,0.2912767231464386,1,1,0,autonomous,,prototype_fault_reset,1036.8908466771245,0.775,1.0,0.22499999999999998,0.0,2.6744527633762334,0.0,3.3783411671375405,18.0,1.0
0ab6e4b7-ed17-40ee-b57e-3a54441b350b,2026-09-05T09:54:55.467618+00:00,3,errors,0.2,1.0,526a06484cc5d50d7c0dc8b8487e4c04f32ee18de6a97eee8ae6965169fe5856,Rollback,Rollback,multiplicative,Rollback,1,0.6219436539967498,0.18635593652746357,0.45,0.42000000000000004,0.95,0.8333333333333334,0.26824232190847397,1,1,0,autonomous,,prototype_fault_reset,1040.8832989633083,0.8,1.0,0.19999999999999996,0.0,2.6744527633762334,0.0,3.357166566761436,16.0,1.0
0ab6e4b7-ed17-40ee-b57e-3a54441b350b,2026-09-05T09:55:19.561868+00:00,4,errors,0.2,1.0,526a06484cc5d50d7c0dc8b8487e4c04f32ee18de6a97eee8ae6965169fe5856,Rollback,Rollback,multiplicative,Rollback,1,0.5676383776112391,0.09714986955627447,0.37499999999999994,0.33999999999999997,0.95,0.8571428571428571,0.41562411934137344,1,1,0,autonomous,,prototype_fault_reset,1049.1921082139015,0.85,1.0,0.15000000000000002,0.0,2.6744527633762334,0.0,3.5606211788902344,12.0,1.0
0ab6e4b7-ed17-40ee-b57e-3a54441b350b,2026-09-05T09:55:43.644442+00:00,5,errors,0.2,1.0,526a06484cc5d50d7c0dc8b8487e4c04f32ee18de6a97eee8ae6965169fe5856,Rollback,Rollback,multiplicative,Rollback,1,0.6008067481705771,0.1474326775501405,0.41250000000000003,0.38,0.95,0.875,0.27215946465730667,1,1,0,autonomous,,prototype_fault_reset,1038.4598867967725,0.825,1.0,0.17500000000000004,0.0,2.6744527633762334,0.0,3.768706268941363,14.000000000000002,1.0
0ab6e4b7-ed17-40ee-b57e-3a54441b350b,2026-09-05T09:56:07.733841+00:00,1,errors,0.3,1.0,526a06484cc5d50d7c0dc8b8487e4c04f32ee18de6a97eee8ae6965169fe5856,Rollback,Rollback,multiplicative,Rollback,1,0.7362708079731919,0.24058225378485965,0.6,0.58,0.95,0.8888888888888888,0.3034239634871483,1,1,0,autonomous,,prototype_fault_reset,1048.5531855374575,0.7,1.0,0.30000000000000004,0.0,2.6744527633762334,0.0,3.4741777987554188,24.0,1.0
0ab6e4b7-ed17-40ee-b57e-3a54441b350b,2026-09-05T09:56:31.807845+00:00,2,errors,0.3,1.0,526a06484cc5d50d7c0dc8b8487e4c04f32ee18de6a97eee8ae6965169fe5856,Rollback,Rollback,multiplicative,Rollback,1,0.7856035834540044,0.2501987523101251,0.675,0.66,0.95,0.9,0.3520362079143524,1,1,0,autonomous,,prototype_fault_reset,1037.9319982603192,0.65,1.0,0.35,0.0,2.6744527633762334,0.0,3.0663097855555854,28.000000000000004,1.0
0ab6e4b7-ed17-40ee-b57e-3a54441b350b,2026-09-05T09:56:55.911008+00:00,3,errors,0.3,1.0,526a06484cc5d50d7c0dc8b8487e4c04f32ee18de6a97eee8ae6965169fe5856,Rollback,Rollback,multiplicative,Rollback,1,0.6900253673539163,0.23752569631046377,0.525,0.5,0.95,0.9090909090909091,0.47889724373817444,1,1,0,autonomous,,prototype_fault_reset,1051.5636373311281,0.75,1.0,0.25,0.0,2.6744527633762334,0.0,3.0602090809421214,20.0,1.0
0ab6e4b7-ed17-40ee-b57e-3a54441b350b,2026-09-05T09:57:19.986040+00:00,4,errors,0.3,1.0,526a06484cc5d50d7c0dc8b8487e4c04f32ee18de6a97eee8ae6965169fe5856,Rollback,Rollback,multiplicative,Rollback,1,0.7776713216831019,0.2519142146484141,0.6562500000000001,0.64,0.95,0.9166666666666666,0.276993028819561,1,1,0,autonomous,,prototype_fault_reset,1040.846991352737,0.6625,1.0,0.3375,0.0,2.6744527633762334,0.0,3.1166412362378413,27.0,1.0
0ab6e4b7-ed17-40ee-b57e-3a54441b350b,2026-09-05T09:57:44.067087+00:00,5,errors,0.3,1.0,526a06484cc5d50d7c0dc8b8487e4c04f32ee18de6a97eee8ae6965169fe5856,Rollback,Rollback,multiplicative,Rollback,1,0.7056527334184536,0.2419785483389364,0.5437500000000001,0.52,0.95,0.9230769230769231,0.27601607143878937,1,1,0,autonomous,,prototype_fault_reset,1036.7481196299195,0.7375,1.0,0.26249999999999996,0.0,2.6744527633762334,0.0,3.1178524577685827,21.0,1.0
0ab6e4b7-ed17-40ee-b57e-3a54441b350b,2026-09-05T09:58:08.149924+00:00,1,errors,0.35,1.0,526a06484cc5d50d7c0dc8b8487e4c04f32ee18de6a97eee8ae6965169fe5856,Rollback,Rollback,multiplicative,Rollback,1,0.8255327830180578,0.26217523575666657,0.7312500000000001,0.7200000000000001,0.95,0.9285714285714286,0.2933042123913765,1,1,0,autonomous,,prototype_fault_reset,1042.3365700989962,0.6125,1.0,0.38749999999999996,0.0,2.6744527633762334,0.0,2.9953871884084995,31.0,1.0
0ab6e4b7-ed17-40ee-b57e-3a54441b350b,2026-09-05T09:58:32.227286+00:00,2,errors,0.35,1.0,526a06484cc5d50d7c0dc8b8487e4c04f32ee18de6a97eee8ae6965169fe5856,Rollback,Rollback,multiplicative,Rollback,1,0.8590657148401595,0.269078326076183,0.7875,0.78,0.95,0.9333333333333333,0.3583300858736038,1,1,0,autonomous,,prototype_fault_reset,1042.719442397356,0.575,1.0,0.42500000000000004,0.0,2.6744527633762334,0.0,2.928579527446453,34.0,1.0
0ab6e4b7-ed17-40ee-b57e-3a54441b350b,2026-09-05T09:58:56.310155+00:00,3,errors,0.35,1.0,526a06484cc5d50d7c0dc8b8487e4c04f32ee18de6a97eee8ae6965169fe5856,Rollback,Rollback,multiplicative,Rollback,1,0.8051034684680819,0.2602217098938685,0.69375,0.6799999999999999,0.95,0.9375,0.3417413681745529,1,1,0,autonomous,,prototype_fault_reset,1037.510722875595,0.6375,1.0,0.36250000000000004,0.0,2.6744527633762334,0.0,2.949932614475294,28.999999999999996,1.0
0ab6e4b7-ed17-40ee-b57e-3a54441b350b,2026-09-05T09:59:20.394286+00:00,4,errors,0.35,1.0,526a06484cc5d50d7c0dc8b8487e4c04f32ee18de6a97eee8ae6965169fe5856,Rollback,Rollback,multiplicative,Rollback,1,0.75904108222906,0.25313107010433356,0.61875,0.6,0.95,0.9411764705882353,0.34419726580381393,1,1,0,autonomous,,prototype_fault_reset,1038.4154422208667,0.6875,1.0,0.3125,0.0,2.6744527633762334,0.0,3.08873317222677,25.0,1.0
0ab6e4b7-ed17-40ee-b57e-3a54441b350b,2026-09-05T09:59:44.483154+00:00,5,errors,0.35,1.0,526a06484cc5d50d7c0dc8b8487e4c04f32ee18de6a97eee8ae6965169fe5856,Rollback,Rollback,multiplicative,Rollback,1,0.7596991158614868,0.25378910373676034,0.61875,0.6,0.95,0.9444444444444444,0.30189286917448044,1,1,0,autonomous,,prototype_fault_reset,1042.9638167843223,0.6875,1.0,0.3125,0.0,2.6744527633762334,0.0,3.151373061187128,25.0,1.0
0ab6e4b7-ed17-40ee-b57e-3a54441b350b,2026-09-05T10:00:08.797863+00:00,1,errors,0.4,1.0,526a06484cc5d50d7c0dc8b8487e4c04f32ee18de6a97eee8ae6965169fe5856,Rollback,Rollback,multiplicative,Rollback,1,0.8296792358104583,0.2663216885490671,0.7312500000000001,0.7200000000000001,0.95,0.9473684210526315,0.6846319884061813,1,1,0,autonomous,,prototype_fault_reset,1212.2251158580184,0.6125,1.0,0.38749999999999996,0.0,2.6744527633762334,0.0,3.005830242353327,31.0,1.0
0ab6e4b7-ed17-40ee-b57e-3a54441b350b,2026-09-05T10:00:32.894321+00:00,2,errors,0.4,1.0,526a06484cc5d50d7c0dc8b8487e4c04f32ee18de6a97eee8ae6965169fe5856,Rollback,Rollback,multiplicative,Rollback,1,0.8412693149183493,0.2688974745286492,0.7500000000000001,0.7400000000000001,0.95,0.95,0.30630361288785934,1,1,0,autonomous,,prototype_fault_reset,1045.6084022298455,0.6,1.0,0.4,0.0,2.6744527633762334,0.0,3.9716939099060213,32.0,1.0
0ab6e4b7-ed17-40ee-b57e-3a54441b350b,2026-09-05T10:00:56.990290+00:00,3,errors,0.4,1.0,526a06484cc5d50d7c0dc8b8487e4c04f32ee18de6a97eee8ae6965169fe5856,Rollback,Rollback,multiplicative,Rollback,1,0.8948636035186303,0.2793975104276295,0.8437500000000001,0.8400000000000001,0.95,0.9523809523809523,0.3244131803512573,1,1,0,autonomous,,prototype_fault_reset,1054.842316545546,0.5375,1.0,0.4625,0.0,2.6744527633762334,0.0,3.9087691801084077,37.0,1.0
0ab6e4b7-ed17-40ee-b57e-3a54441b350b,2026-09-05T10:01:21.121285+00:00,4,errors,0.4,1.0,526a06484cc5d50d7c0dc8b8487e4c04f32ee18de6a97eee8ae6965169fe5856,Rollback,Rollback,multiplicative,Rollback,1,0.8639057131766044,0.27391832441262787,0.7875,0.78,0.95,0.9545454545454546,0.5794176831841469,1,1,0,autonomous,,prototype_fault_reset,1070.1226526871324,0.575,1.0,0.42500000000000004,1.0,2.6744527633762334,0.0,3.2608210032058373,34.0,1.0
0ab6e4b7-ed17-40ee-b57e-3a54441b350b,2026-09-05T10:01:45.215809+00:00,5,errors,0.4,1.0,526a06484cc5d50d7c0dc8b8487e4c04f32ee18de6a97eee8ae6965169fe5856,Rollback,Rollback,multiplicative,Rollback,1,0.8204938680308337,0.2662972166139841,0.7125,0.7000000000000001,0.95,0.9565217391304348,0.44301990419626236,1,1,0,autonomous,,prototype_fault_reset,1047.5540962070227,0.625,1.0,0.375,0.0,2.6744527633762334,0.0,3.2601688134300097,30.0,1.0
0ab6e4b7-ed17-40ee-b57e-3a54441b350b,2026-09-05T10:02:08.258025+00:00,1,dependency,1.0,1.0,526a06484cc5d50d7c0dc8b8487e4c04f32ee18de6a97eee8ae6965169fe5856,Restart Dependency,Operator Review,multiplicative,Restart Dependency,1,0.8064641973828496,0.006513029978834739,0.9,1.0,0.94,0.5,1.4789439737796783,0,0,1,operator_escalation,confidence margin 0.007 is below the ambiguity threshold 0.030,prototype_fault_reset,0.0,0.0,0.0,0.0,0.0,2.6744527633762334,0.0,2.9122312268128203,60.0,0.0
0ab6e4b7-ed17-40ee-b57e-3a54441b350b,2026-09-05T10:02:31.307797+00:00,2,dependency,1.0,1.0,526a06484cc5d50d7c0dc8b8487e4c04f32ee18de6a97eee8ae6965169fe5856,Restart Dependency,Operator Review,multiplicative,Restart Dependency,1,0.8064641973828496,0.006513029978834739,0.9,1.0,0.94,0.5,0.3769434988498688,0,0,1,operator_escalation,confidence margin 0.007 is below the ambiguity threshold 0.030,prototype_fault_reset,0.0,0.0,0.0,0.0,0.0,2.6744527633762334,0.0,1.8898520786735347,88.0,0.0
0ab6e4b7-ed17-40ee-b57e-3a54441b350b,2026-09-05T10:02:54.358784+00:00,3,dependency,1.0,1.0,526a06484cc5d50d7c0dc8b8487e4c04f32ee18de6a97eee8ae6965169fe5856,Restart Dependency,Operator Review,multiplicative,Restart Dependency,1,0.8064641973828496,0.006513029978834739,0.9,1.0,0.94,0.5,0.3379257395863533,0,0,1,operator_escalation,confidence margin 0.007 is below the ambiguity threshold 0.030,prototype_fault_reset,0.0,0.0,0.0,0.0,0.0,2.6744527633762334,0.0,0.6177368845174631,88.0,0.0
0ab6e4b7-ed17-40ee-b57e-3a54441b350b,2026-09-05T10:03:17.396926+00:00,4,dependency,1.0,1.0,526a06484cc5d50d7c0dc8b8487e4c04f32ee18de6a97eee8ae6965169fe5856,Restart Dependency,Operator Review,multiplicative,Restart Dependency,1,0.8064641973828496,0.006513029978834739,0.9,1.0,0.94,0.5,0.28309784829616547,0,0,1,operator_escalation,confidence margin 0.007 is below the ambiguity threshold 0.030,prototype_fault_reset,0.0,0.0,0.0,0.0,0.0,2.6744527633762334,0.0,0.6184646401614432,88.0,0.0
0ab6e4b7-ed17-40ee-b57e-3a54441b350b,2026-09-05T10:03:40.453820+00:00,5,dependency,1.0,1.0,526a06484cc5d50d7c0dc8b8487e4c04f32ee18de6a97eee8ae6965169fe5856,Restart Dependency,Operator Review,multiplicative,Restart Dependency,1,0.8064641973828496,0.006513029978834739,0.9,1.0,0.94,0.5,0.35064853727817535,0,0,1,operator_escalation,confidence margin 0.007 is below the ambiguity threshold 0.030,prototype_fault_reset,0.0,0.0,0.0,0.0,0.0,2.6746512532651585,0.0,0.5736777535832125,88.0,0.0
1c7cf97f-1282-4264-9042-675cf00e69dc,2026-09-05T10:07:44.964375+00:00,1,cpu,0.6,1.0,526a06484cc5d50d7c0dc8b8487e4c04f32ee18de6a97eee8ae6965169fe5856,Do Nothing,Do Nothing,multiplicative,Do Nothing,1,0.6167826356339294,0.29341348910601595,0.8,0.804,0.45,0.5,0.2549411728978157,,0,0,autonomous_observation,,prototype_fault_reset,,1.0,1.0,0.0,59.8,2.6746512532651585,0.0,7.679526422483225,4.0,1.0
1c7cf97f-1282-4264-9042-675cf00e69dc,2026-09-05T10:08:07.039597+00:00,2,cpu,0.6,1.0,526a06484cc5d50d7c0dc8b8487e4c04f32ee18de6a97eee8ae6965169fe5856,Do Nothing,Do Nothing,multiplicative,Do Nothing,1,0.6259442483918692,0.3311711459110695,0.826,0.826,0.45,0.5,0.20128116011619568,,0,0,autonomous_observation,,prototype_fault_reset,,1.0,1.0,0.0,58.7,2.6746512532651585,0.0,7.131295510426095,0.0,1.0
1c7cf97f-1282-4264-9042-675cf00e69dc,2026-09-05T10:08:29.095880+00:00,3,cpu,0.6,1.0,526a06484cc5d50d7c0dc8b8487e4c04f32ee18de6a97eee8ae6965169fe5856,Do Nothing,Do Nothing,multiplicative,Do Nothing,1,0.6167835945599203,0.3023377763981598,0.802,0.802,0.45,0.5,0.19530858844518661,,0,0,autonomous_observation,,prototype_fault_reset,,1.0,1.0,0.0,59.9,2.6746512532651585,0.0,7.111430935787433,0.0,1.0
1c7cf97f-1282-4264-9042-675cf00e69dc,2026-09-05T10:08:51.165855+00:00,4,cpu,0.6,1.0,526a06484cc5d50d7c0dc8b8487e4c04f32ee18de6a97eee8ae6965169fe5856,Do Nothing,Do Nothing,multiplicative,Do Nothing,1,0.6251859873644097,0.3287236269138325,0.8240000000000001,0.8240000000000001,0.45,0.5,0.21785683929920197,,0,0,autonomous_observation,,prototype_fault_reset,,1.0,1.0,0.0,58.8,2.6746512532651585,0.0,6.893795838748867,0.0,1.0
1c7cf97f-1282-4264-9042-675cf00e69dc,2026-09-05T10:09:13.222952+00:00,5,cpu,0.6,1.0,526a06484cc5d50d7c0dc8b8487e4c04f32ee18de6a97eee8ae6965169fe5856,Do Nothing,Do Nothing,multiplicative,Do Nothing,1,0.6167835945599203,0.3023377763981598,0.802,0.802,0.45,0.5,0.21308381110429764,,0,0,autonomous_observation,,prototype_fault_reset,,1.0,1.0,0.0,59.9,2.6746512532651585,0.0,7.213540589719108,0.0,1.0
1c7cf97f-1282-4264-9042-675cf00e69dc,2026-09-05T10:09:35.289982+00:00,6,cpu,0.6,1.0,526a06484cc5d50d7c0dc8b8487e4c04f32ee18de6a97eee8ae6965169fe5856,Do Nothing,Do Nothing,multiplicative,Do Nothing,1,0.6244268055575137,0.32628475823493314,0.8220000000000001,0.8220000000000001,0.45,0.5,0.2347659319639206,,0,0,autonomous_observation,,prototype_fault_reset,,1.0,1.0,0.0,58.9,2.6746512532651585,0.0,7.412461197060166,0.0,1.0
1c7cf97f-1282-4264-9042-675cf00e69dc,2026-09-05T10:09:57.362332+00:00,1,cpu,0.7,1.0,526a06484cc5d50d7c0dc8b8487e4c04f32ee18de6a97eee8ae6965169fe5856,Do Nothing,Operator Review,multiplicative,Do Nothing,1,0.5440488847445238,0.11073046494088934,0.6240000000000001,0.6240000000000001,0.45,0.5,0.20300131291151047,0,0,1,operator_escalation,confidence 0.544 is below the autonomous threshold 0.550,prototype_fault_reset,0.0,1.0,1.0,0.0,68.8,2.6746512532651585,0.0,7.7074121937833056,0.0,1.0
1c7cf97f-1282-4264-9042-675cf00e69dc,2026-09-05T10:10:19.445055+00:00,2,cpu,0.7,1.0,526a06484cc5d50d7c0dc8b8487e4c04f32ee18de6a97eee8ae6965169fe5856,Do Nothing,Operator Review,multiplicative,Do Nothing,1,0.5352591484610564,0.09056560778519057,0.6040000000000001,0.6040000000000001,0.45,0.5,0.34033600240945816,0,0,1,operator_escalation,confidence 0.535 is below the autonomous threshold 0.550,prototype_fault_reset,0.0,1.0,1.0,0.0,69.8,2.6746512532651585,0.0,9.10228066372149,0.0,1.0
1c7cf97f-1282-4264-9042-675cf00e69dc,2026-09-05T10:10:41.502937+00:00,3,cpu,0.7,1.0,526a06484cc5d50d7c0dc8b8487e4c04f32ee18de6a97eee8ae6965169fe5856,Do Nothing,Do Nothing,multiplicative,Do Nothing,1,0.5526988528776456,0.1310623260403711,0.6440000000000001,0.6440000000000001,0.45,0.5,0.20745862275362015,,0,0,autonomous_observation,,prototype_fault_reset,,1.0,1.0,0.0,67.8,2.6746512532651585,0.0,9.523940921732875,0.0,1.0
1c7cf97f-1282-4264-9042-675cf00e69dc,2026-09-05T10:11:03.572394+00:00,4,cpu,0.7,1.0,526a06484cc5d50d7c0dc8b8487e4c04f32ee18de6a97eee8ae6965169fe5856,Do Nothing,Operator Review,multiplicative,Do Nothing,1,0.5440488847445238,0.11073046494088934,0.6240000000000001,0.6240000000000001,0.45,0.5,0.21340139210224152,0,0,1,operator_escalation,confidence 0.544 is below the autonomous threshold 0.550,prototype_fault_reset,0.0,1.0,1.0,0.0,68.8,2.6746512532651585,0.0,9.234376054312756,0.0,1.0
1c7cf97f-1282-4264-9042-675cf00e69dc,2026-09-05T10:11:25.631014+00:00,5,cpu,0.7,1.0,526a06484cc5d50d7c0dc8b8487e4c04f32ee18de6a97eee8ae6965169fe5856,Do Nothing,Operator Review,multiplicative,Do Nothing,1,0.5440488847445238,0.11073046494088934,0.6240000000000001,0.6240000000000001,0.45,0.5,0.35677291452884674,0,0,1,operator_escalation,confidence 0.544 is below the autonomous threshold 0.550,prototype_fault_reset,0.0,1.0,1.0,0.0,68.8,2.6746512532651585,0.0,8.478176460419535,0.0,1.0
1c7cf97f-1282-4264-9042-675cf00e69dc,2026-09-05T10:11:47.700484+00:00,6,cpu,0.7,1.0,526a06484cc5d50d7c0dc8b8487e4c04f32ee18de6a97eee8ae6965169fe5856,Do Nothing,Do Nothing,multiplicative,Do Nothing,1,0.5526988528776456,0.1310623260403711,0.6440000000000001,0.6440000000000001,0.45,0.5,0.42075011879205704,,0,0,autonomous_observation,,prototype_fault_reset,,1.0,1.0,0.0,67.8,2.6746512532651585,0.0,8.654367352268222,0.0,1.0
1c7cf97f-1282-4264-9042-675cf00e69dc,2026-09-05T10:12:09.769904+00:00,1,cpu,0.8,1.0,526a06484cc5d50d7c0dc8b8487e4c04f32ee18de6a97eee8ae6965169fe5856,Scale Out,Operator Review,multiplicative,Scale Out,1,0.5066345319531433,0.026499091242634276,0.3855,0.3598,0.95,0.5,0.26602577418088913,0,0,1,operator_escalation,confidence 0.507 is below the autonomous threshold 0.550; confidence margin 0.026 is below the ambiguity threshold 0.030,prototype_fault_reset,0.0,1.0,1.0,0.0,75.7,2.6746512532651585,0.0,9.083172548892936,0.0,1.0
1c7cf97f-1282-4264-9042-675cf00e69dc,2026-09-05T10:12:31.825285+00:00,2,cpu,0.8,1.0,526a06484cc5d50d7c0dc8b8487e4c04f32ee18de6a97eee8ae6965169fe5856,Scale Out,Operator Review,multiplicative,Scale Out,1,0.5455522586297565,0.10779202036432911,0.44699999999999995,0.41719999999999996,0.95,0.5,1.3760318979620934,0,0,1,operator_escalation,confidence 0.546 is below the autonomous threshold 0.550,prototype_fault_reset,0.0,1.0,1.0,0.0,79.8,2.6746512532651585,0.0,9.712549144148651,0.0,1.0
1c7cf97f-1282-4264-9042-675cf00e69dc,2026-09-05T10:12:53.906606+00:00,3,cpu,0.8,1.0,526a06484cc5d50d7c0dc8b8487e4c04f32ee18de6a97eee8ae6965169fe5856,Scale Out,Operator Review,multiplicative,Scale Out,1,0.5363205894969069,0.08785558619485556,0.43199999999999994,0.40319999999999995,0.95,0.5,0.24182256311178207,0,0,1,operator_escalation,confidence 0.536 is below the autonomous threshold 0.550,prototype_fault_reset,0.0,1.0,1.0,0.0,78.8,2.6746512532651585,0.0,10.252093733701656,0.0,1.0
1c7cf97f-1282-4264-9042-675cf00e69dc,2026-09-05T10:13:15.956885+00:00,4,cpu,0.8,1.0,526a06484cc5d50d7c0dc8b8487e4c04f32ee18de6a97eee8ae6965169fe5856,Scale Out,Operator Review,multiplicative,Scale Out,1,0.5455522586297565,0.10779202036432911,0.44699999999999995,0.41719999999999996,0.95,0.5,0.19413698464632034,0,0,1,operator_escalation,confidence 0.546 is below the autonomous threshold 0.550,prototype_fault_reset,0.0,1.0,1.0,0.0,79.8,2.6746512532651585,0.0,10.362234619616933,0.0,1.0
1c7cf97f-1282-4264-9042-675cf00e69dc,2026-09-05T10:13:38.023588+00:00,5,cpu,0.8,1.0,526a06484cc5d50d7c0dc8b8487e4c04f32ee18de6a97eee8ae6965169fe5856,Scale Out,Operator Review,multiplicative,Scale Out,1,0.5363205894969069,0.08785558619485556,0.43199999999999994,0.40319999999999995,0.95,0.5,0.2075042575597763,0,0,1,operator_escalation,confidence 0.536 is below the autonomous threshold 0.550,prototype_fault_reset,0.0,1.0,1.0,0.0,78.8,2.6746512532651585,0.0,10.12973357873732,0.0,1.0
1c7cf97f-1282-4264-9042-675cf00e69dc,2026-09-05T10:14:00.084493+00:00,6,cpu,0.8,1.0,526a06484cc5d50d7c0dc8b8487e4c04f32ee18de6a97eee8ae6965169fe5856,Scale Out,Operator Review,multiplicative,Scale Out,1,0.5455522586297565,0.10779202036432911,0.44699999999999995,0.41719999999999996,0.95,0.5,0.2135997638106346,0,0,1,operator_escalation,confidence 0.546 is below the autonomous threshold 0.550,prototype_fault_reset,0.0,1.0,1.0,0.0,79.8,2.6746512532651585,0.0,10.545325242313584,0.0,1.0
1c7cf97f-1282-4264-9042-675cf00e69dc,2026-09-05T10:14:23.205153+00:00,1,cpu,0.9,1.0,526a06484cc5d50d7c0dc8b8487e4c04f32ee18de6a97eee8ae6965169fe5856,Scale Out,Scale Out,multiplicative,Scale Out,1,0.6144324245332284,0.12671340012984278,0.567,0.5291999999999999,0.95,0.5,0.22346433252096176,1,1,0,autonomous,,prototype_fault_reset,1051.6563588753343,1.0,1.0,0.0,87.8,2.6746512532651585,0.0,12.13576735586986,0.0,1.0
1c7cf97f-1282-4264-9042-675cf00e69dc,2026-09-05T10:14:46.354240+00:00,2,cpu,0.9,1.0,526a06484cc5d50d7c0dc8b8487e4c04f32ee18de6a97eee8ae6965169fe5856,Scale Out,Scale Out,multiplicative,Scale Out,1,0.6602506085408449,0.17253158413745928,0.567,0.5291999999999999,0.95,0.6666666666666666,0.28955936431884766,1,1,0,autonomous,,prototype_fault_reset,1077.3039618507028,1.0,1.0,0.0,87.8,2.6746512532651585,0.0,12.989392696091763,0.0,1.0
1c7cf97f-1282-4264-9042-675cf00e69dc,2026-09-05T10:15:09.586152+00:00,3,cpu,0.9,1.0,526a06484cc5d50d7c0dc8b8487e4c04f32ee18de6a97eee8ae6965169fe5856,Scale Out,Scale Out,multiplicative,Scale Out,1,0.6968612157109801,0.197034978270277,0.5955,0.5558,0.95,0.75,0.41797105222940445,1,1,0,autonomous,,prototype_fault_reset,1116.596064530313,1.0,1.0,0.0,89.7,2.6746512532651585,0.0,14.13867373882634,0.0,1.0
1c7cf97f-1282-4264-9042-675cf00e69dc,2026-09-05T10:15:32.729479+00:00,4,cpu,0.9,1.0,526a06484cc5d50d7c0dc8b8487e4c04f32ee18de6a97eee8ae6965169fe5856,Scale Out,Scale Out,multiplicative,Scale Out,1,0.7144122689725265,0.21019875785204423,0.6060000000000001,0.5656000000000001,0.95,0.8,0.27753598988056183,1,1,0,autonomous,,prototype_fault_reset,1080.7760935276747,1.0,1.0,0.0,90.4,2.6746512532651585,0.0,15.382357587805018,0.0,1.0
1c7cf97f-1282-4264-9042-675cf00e69dc,2026-09-05T10:15:55.883670+00:00,5,cpu,0.9,1.0,526a06484cc5d50d7c0dc8b8487e4c04f32ee18de6a97eee8ae6965169fe5856,Scale Out,Scale Out,multiplicative,Scale Out,1,0.7063922014599321,0.21290115336978777,0.5805,0.5418,0.95,0.8333333333333334,0.26574917137622833,1,1,0,autonomous,,prototype_fault_reset,1092.3896003514528,1.0,1.0,0.0,88.7,2.6746512532651585,0.0,15.616023254930408,0.0,1.0
1c7cf97f-1282-4264-9042-675cf00e69dc,2026-09-05T10:16:19.025672+00:00,6,cpu,0.9,1.0,526a06484cc5d50d7c0dc8b8487e4c04f32ee18de6a97eee8ae6965169fe5856,Scale Out,Scale Out,multiplicative,Scale Out,1,0.700268613567912,0.2144888374982571,0.5625,0.5249999999999999,0.95,0.8571428571428571,0.231252983212471,1,1,0,autonomous,,prototype_fault_reset,1097.0216505229473,1.0,1.0,0.0,87.5,2.6746512532651585,0.0,14.828726189301872,0.0,1.0
1c7cf97f-1282-4264-9042-675cf00e69dc,2026-09-05T10:16:42.204287+00:00,1,cpu,0.95,1.0,526a06484cc5d50d7c0dc8b8487e4c04f32ee18de6a97eee8ae6965169fe5856,Scale Out,Scale Out,multiplicative,Scale Out,1,0.760719928399081,0.23571805668897383,0.6569999999999999,0.6131999999999999,0.95,0.875,0.2513322979211807,1,1,0,autonomous,,prototype_fault_reset,1109.913658350706,1.0,1.0,0.0,93.8,2.6746512532651585,0.0,14.116305127390659,0.0,1.0
1c7cf97f-1282-4264-9042-675cf00e69dc,2026-09-05T10:17:05.358048+00:00,2,cpu,0.95,1.0,526a06484cc5d50d7c0dc8b8487e4c04f32ee18de6a97eee8ae6965169fe5856,Scale Out,Scale Out,multiplicative,Scale Out,1,0.7723899270548222,0.24142870588312815,0.6719999999999999,0.6271999999999999,0.95,0.8888888888888888,1.6562463715672493,1,1,0,autonomous,,prototype_fault_reset,1099.8334642499685,1.0,1.0,0.0,94.8,2.6746512532651585,0.0,14.885678867491462,0.0,1.0
1c7cf97f-1282-4264-9042-675cf00e69dc,2026-09-05T10:17:28.506965+00:00,3,cpu,0.95,1.0,526a06484cc5d50d7c0dc8b8487e4c04f32ee18de6a97eee8ae6965169fe5856,Scale Out,Scale Out,multiplicative,Scale Out,1,0.7747924130690372,0.24383119189734315,0.6719999999999999,0.6271999999999999,0.95,0.9,0.26888586580753326,1,1,0,autonomous,,prototype_fault_reset,1098.752765916288,1.0,1.0,0.0,94.8,2.6746512532651585,0.0,15.525525764678603,0.0,1.0
1c7cf97f-1282-4264-9042-675cf00e69dc,2026-09-05T10:17:51.674484+00:00,4,cpu,0.95,1.0,526a06484cc5d50d7c0dc8b8487e4c04f32ee18de6a97eee8ae6965169fe5856,Scale Out,Scale Out,multiplicative,Scale Out,1,0.76714643681288,0.24274422477500757,0.6555000000000001,0.6118,0.95,0.9090909090909091,1.3972930610179901,1,1,0,autonomous,,prototype_fault_reset,1099.67300016433,1.0,1.0,0.0,93.7,2.6746512532651585,0.0,15.842354606491881,0.0,1.0
1c7cf97f-1282-4264-9042-675cf00e69dc,2026-09-05T10:18:14.842548+00:00,5,cpu,0.95,1.0,526a06484cc5d50d7c0dc8b8487e4c04f32ee18de6a97eee8ae6965169fe5856,Scale Out,Scale Out,multiplicative,Scale Out,1,0.7687396882536021,0.24433747621572965,0.6555000000000001,0.6118,0.95,0.9166666666666666,3.129829652607441,1,1,0,autonomous,,prototype_fault_reset,1104.9120370298624,1.0,1.0,0.0,93.7,2.6746512532651585,0.0,16.639452510473372,0.0,1.0
1c7cf97f-1282-4264-9042-675cf00e69dc,2026-09-05T10:18:38.000134+00:00,6,cpu,0.95,1.0,526a06484cc5d50d7c0dc8b8487e4c04f32ee18de6a97eee8ae6965169fe5856,Scale Out,Scale Out,multiplicative,Scale Out,1,0.789226285564463,0.2517860965331068,0.6885000000000001,0.6426000000000001,0.95,0.9230769230769231,0.36897044628858566,1,1,0,autonomous,,prototype_fault_reset,1101.9648602232337,1.0,1.0,0.0,95.9,2.6746512532651585,0.0,16.86487570987083,0.0,1.0
1c7cf97f-1282-4264-9042-675cf00e69dc,2026-09-05T10:18:58.139487+00:00,1,memory,100,1.0,526a06484cc5d50d7c0dc8b8487e4c04f32ee18de6a97eee8ae6965169fe5856,Do Nothing,Operator Review,multiplicative,Do Nothing,1,0.5170182212385595,0.051652874733615406,0.6124584163682701,0.6666666666666667,0.35,0.5,0.5235588178038597,0,0,1,operator_escalation,confidence 0.517 is below the autonomous threshold 0.550,prototype_fault_reset,0.0,1.0,1.0,0.0,0.0,7.750831672634597,100.0,13.332059510370216,0.0,1.0
1c7cf97f-1282-4264-9042-675cf00e69dc,2026-09-05T10:19:18.255212+00:00,2,memory,100,1.0,526a06484cc5d50d7c0dc8b8487e4c04f32ee18de6a97eee8ae6965169fe5856,Do Nothing,Operator Review,multiplicative,Do Nothing,1,0.5170203157127098,0.051657657943444735,0.6124683408627164,0.6666666666666667,0.35,0.5,0.21306704729795456,0,0,1,operator_escalation,confidence 0.517 is below the autonomous threshold 0.550,prototype_fault_reset,0.0,1.0,1.0,0.0,0.0,7.750633182745672,100.0,9.095961260638989,0.0,1.0
1c7cf97f-1282-4264-9042-675cf00e69dc,2026-09-05T10:19:38.362195+00:00,3,memory,100,1.0,526a06484cc5d50d7c0dc8b8487e4c04f32ee18de6a97eee8ae6965169fe5856,Do Nothing,Operator Review,multiplicative,Do Nothing,1,0.5170203157127098,0.051657657943444735,0.6124683408627164,0.6666666666666667,0.35,0.5,0.2999948337674141,0,0,1,operator_escalation,confidence 0.517 is below the autonomous threshold 0.550,prototype_fault_reset,0.0,1.0,1.0,0.0,0.0,7.750633182745672,100.0,4.571612801162465,0.0,1.0
1c7cf97f-1282-4264-9042-675cf00e69dc,2026-09-05T10:19:58.481711+00:00,4,memory,100,1.0,526a06484cc5d50d7c0dc8b8487e4c04f32ee18de6a97eee8ae6965169fe5856,Do Nothing,Operator Review,multiplicative,Do Nothing,1,0.5170203157127098,0.051657657943444735,0.6124683408627164,0.6666666666666667,0.35,0.5,0.29103830456733704,0,0,1,operator_escalation,confidence 0.517 is below the autonomous threshold 0.550,prototype_fault_reset,0.0,1.0,1.0,0.0,0.0,7.750633182745672,100.0,4.387462840725978,0.0,1.0
1c7cf97f-1282-4264-9042-675cf00e69dc,2026-09-05T10:20:18.599007+00:00,5,memory,100,1.0,526a06484cc5d50d7c0dc8b8487e4c04f32ee18de6a97eee8ae6965169fe5856,Do Nothing,Operator Review,multiplicative,Do Nothing,1,0.5170203157127098,0.051657657943444735,0.6124683408627164,0.6666666666666667,0.35,0.5,0.2221483737230301,0,0,1,operator_escalation,confidence 0.517 is below the autonomous threshold 0.550,prototype_fault_reset,0.0,1.0,1.0,0.0,0.0,7.750633182745672,100.0,4.543360235790411,0.0,1.0
1c7cf97f-1282-4264-9042-675cf00e69dc,2026-09-05T10:20:38.740923+00:00,1,memory,150,1.0,526a06484cc5d50d7c0dc8b8487e4c04f32ee18de6a97eee8ae6965169fe5856,Scale Out,Operator Review,multiplicative,Do Nothing,0,0.5549922871196165,0.0009764901087649935,0.37936955641479625,0.3543695564147963,0.76,0.9285714285714286,0.20308420062065125,0,0,1,operator_escalation,confidence margin 0.001 is below the ambiguity threshold 0.030,prototype_fault_reset,0.0,1.0,1.0,0.0,0.0,10.291303760986416,150.0,4.672602076704303,0.0,1.0
1c7cf97f-1282-4264-9042-675cf00e69dc,2026-09-05T10:20:58.902582+00:00,2,memory,150,1.0,526a06484cc5d50d7c0dc8b8487e4c04f32ee18de6a97eee8ae6965169fe5856,Scale Out,Operator Review,multiplicative,Do Nothing,0,0.5549922871196165,0.0009764901087649935,0.37936955641479625,0.3543695564147963,0.76,0.9285714285714286,0.21179672330617905,0,0,1,operator_escalation,confidence margin 0.001 is below the ambiguity threshold 0.030,prototype_fault_reset,0.0,1.0,1.0,0.0,0.0,10.291303760986416,150.0,4.524218715483048,0.0,1.0
1c7cf97f-1282-4264-9042-675cf00e69dc,2026-09-05T10:21:19.045584+00:00,3,memory,150,1.0,526a06484cc5d50d7c0dc8b8487e4c04f32ee18de6a97eee8ae6965169fe5856,Scale Out,Operator Review,multiplicative,Do Nothing,0,0.5549922871196165,0.0009764901087649935,0.37936955641479625,0.3543695564147963,0.76,0.9285714285714286,0.23370515555143356,0,0,1,operator_escalation,confidence margin 0.001 is below the ambiguity threshold 0.030,prototype_fault_reset,0.0,1.0,1.0,0.0,0.0,10.291303760986416,150.0,4.033328608044835,0.0,1.0
1c7cf97f-1282-4264-9042-675cf00e69dc,2026-09-05T10:21:39.200858+00:00,4,memory,150,1.0,526a06484cc5d50d7c0dc8b8487e4c04f32ee18de6a97eee8ae6965169fe5856,Scale Out,Operator Review,multiplicative,Do Nothing,0,0.5549922871196165,0.0009764901087649935,0.37936955641479625,0.3543695564147963,0.76,0.9285714285714286,1.5383213758468628,0,0,1,operator_escalation,confidence margin 0.001 is below the ambiguity threshold 0.030,prototype_fault_reset,0.0,1.0,1.0,0.0,0.0,10.291303760986416,150.0,3.930967887405489,0.0,1.0
1c7cf97f-1282-4264-9042-675cf00e69dc,2026-09-05T10:21:59.355716+00:00,5,memory,150,1.0,526a06484cc5d50d7c0dc8b8487e4c04f32ee18de6a97eee8ae6965169fe5856,Scale Out,Operator Review,multiplicative,Do Nothing,0,0.5549922871196165,0.0009764901087649935,0.37936955641479625,0.3543695564147963,0.76,0.9285714285714286,0.29561668634414673,0,0,1,operator_escalation,confidence margin 0.001 is below the ambiguity threshold 0.030,prototype_fault_reset,0.0,1.0,1.0,0.0,0.0,10.291303760986416,150.0,3.9923933838478853,0.0,1.0
1c7cf97f-1282-4264-9042-675cf00e69dc,2026-09-05T10:22:19.531241+00:00,1,memory,200,1.0,526a06484cc5d50d7c0dc8b8487e4c04f32ee18de6a97eee8ae6965169fe5856,Restart Service,Operator Review,multiplicative,Restart Service,1,0.6355827397944113,0.003544404887576791,0.5949883949578274,0.5962412962183706,0.92,0.5,0.19977055490016937,0,0,1,operator_escalation,confidence margin 0.004 is below the ambiguity threshold 0.030,prototype_fault_reset,0.0,1.0,1.0,0.0,0.0,12.832172829116084,200.0,3.8469949065417537,0.0,1.0
1c7cf97f-1282-4264-9042-675cf00e69dc,2026-09-05T10:22:39.723854+00:00,2,memory,200,1.0,526a06484cc5d50d7c0dc8b8487e4c04f32ee18de6a97eee8ae6965169fe5856,Restart Service,Operator Review,multiplicative,Restart Service,1,0.6355827397944113,0.003544404887576791,0.5949883949578274,0.5962412962183706,0.92,0.5,0.2057049423456192,0,0,1,operator_escalation,confidence margin 0.004 is below the ambiguity threshold 0.030,prototype_fault_reset,0.0,1.0,1.0,0.0,0.0,12.832172829116084,200.0,3.917647724146725,0.0,1.0
1c7cf97f-1282-4264-9042-675cf00e69dc,2026-09-05T10:22:59.903025+00:00,3,memory,200,1.0,526a06484cc5d50d7c0dc8b8487e4c04f32ee18de6a97eee8ae6965169fe5856,Restart Service,Operator Review,multiplicative,Restart Service,1,0.6355827397944113,0.003544404887576791,0.5949883949578274,0.5962412962183706,0.92,0.5,0.20378082990646362,0,0,1,operator_escalation,confidence margin 0.004 is below the ambiguity threshold 0.030,prototype_fault_reset,0.0,1.0,1.0,0.0,0.0,12.832172829116084,200.0,3.822056973566774,0.0,1.0
1c7cf97f-1282-4264-9042-675cf00e69dc,2026-09-05T10:23:20.106115+00:00,4,memory,200,1.0,526a06484cc5d50d7c0dc8b8487e4c04f32ee18de6a97eee8ae6965169fe5856,Restart Service,Operator Review,multiplicative,Restart Service,1,0.6355827397944113,0.003544404887576791,0.5949883949578274,0.5962412962183706,0.92,0.5,0.3157118335366249,0,0,1,operator_escalation,confidence margin 0.004 is below the ambiguity threshold 0.030,prototype_fault_reset,0.0,1.0,1.0,0.0,0.0,12.832172829116084,200.0,3.82912264415814,0.0,1.0
1c7cf97f-1282-4264-9042-675cf00e69dc,2026-09-05T10:23:40.293554+00:00,5,memory,200,1.0,526a06484cc5d50d7c0dc8b8487e4c04f32ee18de6a97eee8ae6965169fe5856,Restart Service,Operator Review,multiplicative,Restart Service,1,0.6355827397944113,0.003544404887576791,0.5949883949578274,0.5962412962183706,0.92,0.5,0.39861351251602173,0,0,1,operator_escalation,confidence margin 0.004 is below the ambiguity threshold 0.030,prototype_fault_reset,0.0,1.0,1.0,0.0,0.0,12.832172829116084,200.0,3.7702273937963673,0.0,1.0
1c7cf97f-1282-4264-9042-675cf00e69dc,2026-09-05T10:24:00.504169+00:00,1,memory,250,1.0,526a06484cc5d50d7c0dc8b8487e4c04f32ee18de6a97eee8ae6965169fe5856,Restart Service,Operator Review,multiplicative,Restart Service,1,0.70781104966101,0.007148330907550071,0.7370637523057909,0.7402978142293432,0.92,0.5,0.21957512944936752,0,0,1,operator_escalation,confidence margin 0.007 is below the ambiguity threshold 0.030,prototype_fault_reset,0.0,1.0,1.0,0.0,0.0,15.373041897245754,250.0,3.7429333043595148,0.0,1.0
1c7cf97f-1282-4264-9042-675cf00e69dc,2026-09-05T10:24:20.718294+00:00,2,memory,250,1.0,526a06484cc5d50d7c0dc8b8487e4c04f32ee18de6a97eee8ae6965169fe5856,Restart Service,Operator Review,multiplicative,Restart Service,1,0.70781104966101,0.007148330907550071,0.7370637523057909,0.7402978142293432,0.92,0.5,0.2734772861003876,0,0,1,operator_escalation,confidence margin 0.007 is below the ambiguity threshold 0.030,prototype_fault_reset,0.0,1.0,1.0,0.0,0.0,15.373041897245754,250.0,3.760263295844197,0.0,1.0
1c7cf97f-1282-4264-9042-675cf00e69dc,2026-09-05T10:24:40.923116+00:00,3,memory,250,1.0,526a06484cc5d50d7c0dc8b8487e4c04f32ee18de6a97eee8ae6965169fe5856,Restart Service,Operator Review,multiplicative,Restart Service,1,0.70781104966101,0.007148330907550071,0.7370637523057909,0.7402978142293432,0.92,0.5,0.27250126004219055,0,0,1,operator_escalation,confidence margin 0.007 is below the ambiguity threshold 0.030,prototype_fault_reset,0.0,1.0,1.0,0.0,0.0,15.373041897245754,250.0,3.6791449412703514,0.0,1.0
1c7cf97f-1282-4264-9042-675cf00e69dc,2026-09-05T10:25:01.170281+00:00,4,memory,250,1.0,526a06484cc5d50d7c0dc8b8487e4c04f32ee18de6a97eee8ae6965169fe5856,Restart Service,Operator Review,multiplicative,Restart Service,1,0.70781104966101,0.007148330907550071,0.7370637523057909,0.7402978142293432,0.92,0.5,0.21995417773723602,0,0,1,operator_escalation,confidence margin 0.007 is below the ambiguity threshold 0.030,prototype_fault_reset,0.0,1.0,1.0,0.0,0.0,15.373041897245754,250.0,3.6736828351362805,0.0,1.0
1c7cf97f-1282-4264-9042-675cf00e69dc,2026-09-05T10:25:21.382199+00:00,5,memory,250,1.0,526a06484cc5d50d7c0dc8b8487e4c04f32ee18de6a97eee8ae6965169fe5856,Restart Service,Operator Review,multiplicative,Restart Service,1,0.7078093849249536,0.007150238176004908,0.7370597825080124,0.7402948368810093,0.92,0.5,0.9991787374019623,0,0,1,operator_escalation,confidence margin 0.007 is below the ambiguity threshold 0.030,prototype_fault_reset,0.0,1.0,1.0,0.0,1.0,15.372644917467904,250.0,3.738080319322523,0.0,1.0
1c7cf97f-1282-4264-9042-675cf00e69dc,2026-09-05T10:25:41.621864+00:00,1,memory,300,1.0,526a06484cc5d50d7c0dc8b8487e4c04f32ee18de6a97eee8ae6965169fe5856,Restart Service,Operator Review,multiplicative,Restart Service,1,0.7733198379927263,0.01018393633701764,0.8791331549570864,0.8843498662178149,0.92,0.5,0.19829627126455307,0,0,1,operator_escalation,confidence margin 0.010 is below the ambiguity threshold 0.030,prototype_fault_reset,0.0,1.0,1.0,0.0,0.0,17.91331549570865,300.0,3.722645174406591,0.0,1.0
1c7cf97f-1282-4264-9042-675cf00e69dc,2026-09-05T10:26:01.912929+00:00,2,memory,300,1.0,526a06484cc5d50d7c0dc8b8487e4c04f32ee18de6a97eee8ae6965169fe5856,Restart Service,Operator Review,multiplicative,Restart Service,1,0.7733198379927263,0.01018393633701764,0.8791331549570864,0.8843498662178149,0.92,0.5,0.24202466011047363,0,0,1,operator_escalation,confidence margin 0.010 is below the ambiguity threshold 0.030,prototype_fault_reset,0.0,1.0,1.0,0.0,0.0,17.91331549570865,300.0,3.760321187924166,0.0,1.0
1c7cf97f-1282-4264-9042-675cf00e69dc,2026-09-05T10:26:22.158596+00:00,3,memory,300,1.0,526a06484cc5d50d7c0dc8b8487e4c04f32ee18de6a97eee8ae6965169fe5856,Restart Service,Operator Review,multiplicative,Restart Service,1,0.7733198379927263,0.01018393633701764,0.8791331549570864,0.8843498662178149,0.92,0.5,0.20535383373498917,0,0,1,operator_escalation,confidence margin 0.010 is below the ambiguity threshold 0.030,prototype_fault_reset,0.0,1.0,1.0,0.0,0.0,17.91331549570865,300.0,3.6770572458378603,0.0,1.0
1c7cf97f-1282-4264-9042-675cf00e69dc,2026-09-05T10:26:42.419151+00:00,4,memory,300,1.0,526a06484cc5d50d7c0dc8b8487e4c04f32ee18de6a97eee8ae6965169fe5856,Restart Service,Operator Review,multiplicative,Restart Service,1,0.7733198379927263,0.01018393633701764,0.8791331549570864,0.8843498662178149,0.92,0.5,0.23399200290441513,0,0,1,operator_escalation,confidence margin 0.010 is below the ambiguity threshold 0.030,prototype_fault_reset,0.0,1.0,1.0,0.0,0.0,17.91331549570865,300.0,3.768971340069847,0.0,1.0
1c7cf97f-1282-4264-9042-675cf00e69dc,2026-09-05T10:27:02.669606+00:00,5,memory,300,1.0,526a06484cc5d50d7c0dc8b8487e4c04f32ee18de6a97eee8ae6965169fe5856,Restart Service,Operator Review,multiplicative,Restart Service,1,0.7733213618740752,0.010182180598625412,0.8791371247548649,0.8843528435661487,0.92,0.5,0.391530804336071,0,0,1,operator_escalation,confidence margin 0.010 is below the ambiguity threshold 0.030,prototype_fault_reset,0.0,1.0,1.0,0.0,0.0,17.9137124754865,300.0,3.812463975821932,0.0,1.0
1c7cf97f-1282-4264-9042-675cf00e69dc,2026-09-05T10:27:28.001318+00:00,1,latency,300,1.0,526a06484cc5d50d7c0dc8b8487e4c04f32ee18de6a97eee8ae6965169fe5856,Do Nothing,Do Nothing,multiplicative,Do Nothing,1,0.5946035575013605,0.3048376552306942,1.0,1.0,0.25,0.5,0.2400912344455719,,0,0,autonomous_observation,,prototype_fault_reset,,1.0,1.0,0.0,0.0,2.6740557835983836,0.0,45.86150739053192,0.0,1.0
1c7cf97f-1282-4264-9042-675cf00e69dc,2026-09-05T10:27:53.355271+00:00,2,latency,300,1.0,526a06484cc5d50d7c0dc8b8487e4c04f32ee18de6a97eee8ae6965169fe5856,Do Nothing,Do Nothing,multiplicative,Do Nothing,1,0.585112883564699,0.26704209680345853,0.9683320698435699,0.9683320698435699,0.25,0.5,1.8158722668886185,,0,0,autonomous_observation,,prototype_fault_reset,,1.0,1.0,0.0,1.0,2.6740557835983836,0.0,144.3351022190022,0.0,1.0
1c7cf97f-1282-4264-9042-675cf00e69dc,2026-09-05T10:28:18.721876+00:00,3,latency,300,1.0,526a06484cc5d50d7c0dc8b8487e4c04f32ee18de6a97eee8ae6965169fe5856,Do Nothing,Do Nothing,multiplicative,Do Nothing,1,0.5600493872824591,0.1794473240276101,0.8871512041480759,0.8871512041480759,0.25,0.5,0.34554675221443176,,0,0,autonomous_observation,,prototype_fault_reset,,1.0,1.0,0.0,0.0,2.6744527633762334,0.0,257.98831419269374,0.0,1.0
1c7cf97f-1282-4264-9042-675cf00e69dc,2026-09-05T10:28:44.074228+00:00,4,latency,300,1.0,526a06484cc5d50d7c0dc8b8487e4c04f32ee18de6a97eee8ae6965169fe5856,Do Nothing,Do Nothing,multiplicative,Do Nothing,1,0.5601623775549724,0.17981250223614165,0.8875092067466909,0.8875092067466909,0.25,0.5,0.34869834780693054,,0,0,autonomous_observation,,prototype_fault_reset,,1.0,1.0,0.0,0.0,2.6744527633762334,0.0,257.4871105546328,0.0,1.0
1c7cf97f-1282-4264-9042-675cf00e69dc,2026-09-05T10:29:09.470850+00:00,5,latency,300,1.0,526a06484cc5d50d7c0dc8b8487e4c04f32ee18de6a97eee8ae6965169fe5856,Do Nothing,Do Nothing,multiplicative,Do Nothing,1,0.5598711339896909,0.17887167466368947,0.886586566597237,0.886586566597237,0.25,0.5,0.41481759399175644,,0,0,autonomous_observation,,prototype_fault_reset,,1.0,1.0,0.0,0.0,2.6744527633762334,0.0,258.77880676386826,0.0,1.0
1c7cf97f-1282-4264-9042-675cf00e69dc,2026-09-05T10:29:32.783384+00:00,1,latency,500,1.0,526a06484cc5d50d7c0dc8b8487e4c04f32ee18de6a97eee8ae6965169fe5856,Do Nothing,Do Nothing,multiplicative,Do Nothing,1,0.5546836643741998,0.16235542432812966,0.8702333953220004,0.8702333953220004,0.25,0.5,0.45424047857522964,,0,0,autonomous_observation,,prototype_fault_reset,,1.0,1.0,0.0,0.0,2.6744527633762334,0.0,281.67324654919946,0.0,1.0
1c7cf97f-1282-4264-9042-675cf00e69dc,2026-09-05T10:29:56.098671+00:00,2,latency,500,1.0,526a06484cc5d50d7c0dc8b8487e4c04f32ee18de6a97eee8ae6965169fe5856,Do Nothing,Operator Review,multiplicative,Do Nothing,1,0.5441307301003419,0.13004311616874054,0.8374357574189928,0.8374357574189928,0.25,0.5,0.4833126440644264,0,0,1,operator_escalation,confidence 0.544 is below the autonomous threshold 0.550,prototype_fault_reset,0.0,1.0,1.0,0.0,0.0,2.6744527633762334,0.0,327.5899396134101,0.0,1.0
1c7cf97f-1282-4264-9042-675cf00e69dc,2026-09-05T10:30:19.690740+00:00,3,latency,500,1.0,526a06484cc5d50d7c0dc8b8487e4c04f32ee18de6a97eee8ae6965169fe5856,Do Nothing,Operator Review,multiplicative,Do Nothing,1,0.5295749292711219,0.08789463000237718,0.793231271921648,0.793231271921648,0.25,0.5,0.3129914402961731,0,0,1,operator_escalation,confidence 0.530 is below the autonomous threshold 0.550,prototype_fault_reset,0.0,1.0,1.0,0.0,0.0,2.6744527633762334,0.0,389.47621930969285,0.0,1.0
1c7cf97f-1282-4264-9042-675cf00e69dc,2026-09-05T10:30:43.031727+00:00,4,latency,500,1.0,526a06484cc5d50d7c0dc8b8487e4c04f32ee18de6a97eee8ae6965169fe5856,Do Nothing,Operator Review,multiplicative,Do Nothing,1,0.5299942912536677,0.08907411264292636,0.7944880638540297,0.7944880638540297,0.25,0.5,1.4982037246227264,0,0,1,operator_escalation,confidence 0.530 is below the autonomous threshold 0.550,prototype_fault_reset,0.0,1.0,1.0,0.0,0.0,2.6744527633762334,0.0,387.7167106043584,0.0,1.0
1c7cf97f-1282-4264-9042-675cf00e69dc,2026-09-05T10:31:06.337099+00:00,5,latency,500,1.0,526a06484cc5d50d7c0dc8b8487e4c04f32ee18de6a97eee8ae6965169fe5856,Do Nothing,Operator Review,multiplicative,Do Nothing,1,0.5292083054722108,0.08686506082796536,0.7921333468498682,0.7921333468498682,0.25,0.5,0.27621909976005554,0,0,1,operator_escalation,confidence 0.529 is below the autonomous threshold 0.550,prototype_fault_reset,0.0,1.0,1.0,0.0,1.0,2.6744527633762334,0.0,391.0133144101844,0.0,1.0
1c7cf97f-1282-4264-9042-675cf00e69dc,2026-09-05T10:31:32.812865+00:00,1,latency,700,1.0,526a06484cc5d50d7c0dc8b8487e4c04f32ee18de6a97eee8ae6965169fe5856,Do Nothing,Operator Review,multiplicative,Rollback,0,0.5241566152020737,0.07282552390696395,0.7770825130514857,0.7770825130514857,0.25,0.5,0.333455391228199,0,0,1,operator_escalation,confidence 0.524 is below the autonomous threshold 0.550,prototype_fault_reset,0.0,1.0,1.0,0.0,0.0,2.6744527633762334,0.0,412.08448172792004,0.0,1.0
1c7cf97f-1282-4264-9042-675cf00e69dc,2026-09-05T10:31:59.278136+00:00,2,latency,700,1.0,526a06484cc5d50d7c0dc8b8487e4c04f32ee18de6a97eee8ae6965169fe5856,Do Nothing,Operator Review,multiplicative,Rollback,0,0.5118099371798538,0.03958635228433244,0.7409048216352456,0.7409048216352456,0.25,0.5,0.2981973811984062,0,0,1,operator_escalation,confidence 0.512 is below the autonomous threshold 0.550,prototype_fault_reset,0.0,1.0,1.0,0.0,0.0,2.6744527633762334,0.0,462.7332497106561,0.0,1.0
1c7cf97f-1282-4264-9042-675cf00e69dc,2026-09-05T10:32:25.749131+00:00,3,latency,700,1.0,526a06484cc5d50d7c0dc8b8487e4c04f32ee18de6a97eee8ae6965169fe5856,Do Nothing,Operator Review,multiplicative,Rollback,0,0.5032386423969725,0.017325025198903443,0.716296712008865,0.716296712008865,0.25,0.5,0.281001441180706,0,0,1,operator_escalation,confidence 0.503 is below the autonomous threshold 0.550; confidence margin 0.017 is below the ambiguity threshold 0.030,prototype_fault_reset,0.0,1.0,1.0,0.0,1.0,2.6744527633762334,0.0,497.18460318758895,0.0,1.0
1c7cf97f-1282-4264-9042-675cf00e69dc,2026-09-05T10:32:52.217584+00:00,4,latency,700,1.0,526a06484cc5d50d7c0dc8b8487e4c04f32ee18de6a97eee8ae6965169fe5856,Do Nothing,Operator Review,multiplicative,Rollback,0,0.5026352131654486,0.01578108576449838,0.7145799311666461,0.7145799311666461,0.25,0.5,0.4871683195233345,0,0,1,operator_escalation,confidence 0.503 is below the autonomous threshold 0.550; confidence margin 0.016 is below the ambiguity threshold 0.030,prototype_fault_reset,0.0,1.0,1.0,0.0,0.0,2.6744527633762334,0.0,499.58809636669554,0.0,1.0
1c7cf97f-1282-4264-9042-675cf00e69dc,2026-09-05T10:33:18.713680+00:00,5,latency,700,1.0,526a06484cc5d50d7c0dc8b8487e4c04f32ee18de6a97eee8ae6965169fe5856,Do Nothing,Operator Review,multiplicative,Rollback,0,0.5038464557963486,0.018883196143864744,0.7180280483028453,0.7180280483028453,0.25,0.5,0.24825241416692734,0,0,1,operator_escalation,confidence 0.504 is below the autonomous threshold 0.550; confidence margin 0.019 is below the ambiguity threshold 0.030,prototype_fault_reset,0.0,1.0,1.0,0.0,0.0,2.6744527633762334,0.0,494.7607323760166,0.0,1.0
1c7cf97f-1282-4264-9042-675cf00e69dc,2026-09-05T10:33:46.756119+00:00,1,latency,900,1.0,526a06484cc5d50d7c0dc8b8487e4c04f32ee18de6a97eee8ae6965169fe5856,Do Nothing,Operator Review,multiplicative,Rollback,0,0.4986720085910116,0.005713659195635379,0.7033556423682188,0.7033556423682188,0.25,0.5,0.3604032099246979,0,0,1,operator_escalation,confidence 0.499 is below the autonomous threshold 0.550; confidence margin 0.006 is below the ambiguity threshold 0.030,prototype_fault_reset,0.0,1.0,1.0,0.0,0.0,2.6744527633762334,0.0,515.3021006844938,0.0,1.0
1c7cf97f-1282-4264-9042-675cf00e69dc,2026-09-05T10:34:14.780034+00:00,2,latency,900,1.0,526a06484cc5d50d7c0dc8b8487e4c04f32ee18de6a97eee8ae6965169fe5856,Rollback,Operator Review,multiplicative,Rollback,1,0.5105122095066462,0.02370346378073651,0.39728366092550665,0.3637692383205404,0.94,0.5,0.30491966754198074,0,0,1,operator_escalation,confidence 0.511 is below the autonomous threshold 0.550; confidence margin 0.024 is below the ambiguity threshold 0.030,prototype_fault_reset,0.0,1.0,1.0,0.0,1.0,2.6744527633762334,0.0,561.5961670609457,0.0,1.0
1c7cf97f-1282-4264-9042-675cf00e69dc,2026-09-05T10:34:42.828011+00:00,3,latency,900,1.0,526a06484cc5d50d7c0dc8b8487e4c04f32ee18de6a97eee8ae6965169fe5856,Rollback,Operator Review,multiplicative,Rollback,1,0.51980260629125,0.03956541527752555,0.41076464170145904,0.378148951148223,0.94,0.5,0.26071909815073013,0,0,1,operator_escalation,confidence 0.520 is below the autonomous threshold 0.550,prototype_fault_reset,0.0,1.0,1.0,0.0,0.0,2.6744527633762334,0.0,586.7606645093903,0.0,1.0
1c7cf97f-1282-4264-9042-675cf00e69dc,2026-09-05T10:35:10.921666+00:00,4,latency,900,1.0,526a06484cc5d50d7c0dc8b8487e4c04f32ee18de6a97eee8ae6965169fe5856,Rollback,Operator Review,multiplicative,Rollback,1,0.5197803495594663,0.03952716364571379,0.4107320519682694,0.378114188766154,0.94,0.5,0.44884253293275833,0,0,1,operator_escalation,confidence 0.520 is below the autonomous threshold 0.550,prototype_fault_reset,0.0,1.0,1.0,0.0,0.0,2.6744527633762334,0.0,586.6998303407695,0.0,1.0
1c7cf97f-1282-4264-9042-675cf00e69dc,2026-09-05T10:35:38.967078+00:00,5,latency,900,1.0,526a06484cc5d50d7c0dc8b8487e4c04f32ee18de6a97eee8ae6965169fe5856,Rollback,Operator Review,multiplicative,Rollback,1,0.5199776774579813,0.03986634485016266,0.41102104130936706,0.3784224440633249,0.94,0.5,0.2968981862068176,0,0,1,operator_escalation,confidence 0.520 is below the autonomous threshold 0.550,prototype_fault_reset,0.0,1.0,1.0,0.0,0.0,2.6744527633762334,0.0,587.2392771108185,0.0,1.0
1c7cf97f-1282-4264-9042-675cf00e69dc,2026-09-05T10:36:07.562323+00:00,1,latency,1200,1.0,526a06484cc5d50d7c0dc8b8487e4c04f32ee18de6a97eee8ae6965169fe5856,Rollback,Operator Review,multiplicative,Rollback,1,0.5375734567090658,0.0705091189895734,0.4372358856396054,0.40638494468224584,0.94,0.5,0.24238042533397675,0,0,1,operator_escalation,confidence 0.538 is below the autonomous threshold 0.550,prototype_fault_reset,0.0,1.0,1.0,0.0,0.0,2.6744527633762334,0.0,636.1736531939302,0.0,1.0
1c7cf97f-1282-4264-9042-675cf00e69dc,2026-09-05T10:36:36.155047+00:00,2,latency,1200,1.0,526a06484cc5d50d7c0dc8b8487e4c04f32ee18de6a97eee8ae6965169fe5856,Rollback,Rollback,multiplicative,Rollback,1,0.5584944151609864,0.10803274479768299,0.4695507626316386,0.44085414680708124,0.94,0.5,0.4067933186888695,1,1,0,autonomous,,prototype_fault_reset,1039.7983640432358,1.0,1.0,0.0,0.0,2.6744527633762334,0.0,696.4947569123921,0.0,1.0
1c7cf97f-1282-4264-9042-675cf00e69dc,2026-09-05T10:37:04.757477+00:00,3,latency,1200,1.0,526a06484cc5d50d7c0dc8b8487e4c04f32ee18de6a97eee8ae6965169fe5856,Do Nothing,Operator Review,multiplicative,Rollback,0,0.5188424994477089,0.023999972173492035,0.7614056218819565,0.7614056218819565,0.25,0.5,0.3913724794983864,0,0,1,operator_escalation,confidence 0.519 is below the autonomous threshold 0.550; confidence margin 0.024 is below the ambiguity threshold 0.030,prototype_fault_reset,0.0,1.0,1.0,0.0,0.0,2.6744527633762334,0.0,434.0321293652609,0.0,1.0
1c7cf97f-1282-4264-9042-675cf00e69dc,2026-09-05T10:37:33.351976+00:00,4,latency,1200,1.0,526a06484cc5d50d7c0dc8b8487e4c04f32ee18de6a97eee8ae6965169fe5856,Do Nothing,Operator Review,multiplicative,Rollback,0,0.5188427038327537,0.02400054986307859,0.7614062217555322,0.7614062217555322,0.25,0.5,1.079530455172062,0,0,1,operator_escalation,confidence 0.519 is below the autonomous threshold 0.550; confidence margin 0.024 is below the ambiguity threshold 0.030,prototype_fault_reset,0.0,1.0,1.0,0.0,0.0,2.6744527633762334,0.0,434.03128954225485,0.0,1.0
1c7cf97f-1282-4264-9042-675cf00e69dc,2026-09-05T10:38:01.940754+00:00,5,latency,1200,1.0,526a06484cc5d50d7c0dc8b8487e4c04f32ee18de6a97eee8ae6965169fe5856,Rollback,Rollback,multiplicative,Rollback,1,0.6043744562370672,0.15718134957933727,0.47577480524239296,0.4474931255918859,0.94,0.6666666666666666,0.26970449835062027,1,1,0,autonomous,,prototype_fault_reset,1039.1902327537537,1.0,1.0,0.0,0.0,2.6744527633762334,0.0,708.1129697858003,0.0,1.0
1c7cf97f-1282-4264-9042-675cf00e69dc,2026-09-05T10:38:24.995555+00:00,1,errors,0.1,1.0,526a06484cc5d50d7c0dc8b8487e4c04f32ee18de6a97eee8ae6965169fe5856,Do Nothing,Operator Review,multiplicative,Do Nothing,1,0.5184530847765421,0.06501199517693274,0.85,0.85,0.2,0.5,0.38494542241096497,0,0,1,operator_escalation,confidence 0.518 is below the autonomous threshold 0.550,prototype_fault_reset,0.0,0.925,0.7666666666666667,-0.15833333333333333,0.0,2.6744527633762334,0.0,161.92983196264035,6.0,1.0
1c7cf97f-1282-4264-9042-675cf00e69dc,2026-09-05T10:38:48.033002+00:00,2,errors,0.1,1.0,526a06484cc5d50d7c0dc8b8487e4c04f32ee18de6a97eee8ae6965169fe5856,Rollback,Operator Review,multiplicative,Do Nothing,0,0.5182567594272647,0.031254886214616306,0.33749999999999997,0.30000000000000004,0.95,0.75,0.2762414515018463,0,0,1,operator_escalation,confidence 0.518 is below the autonomous threshold 0.550,prototype_fault_reset,0.0,0.9125,0.8666666666666667,-0.04583333333333328,0.0,2.6744527633762334,0.0,42.26206638664007,10.0,1.0
1c7cf97f-1282-4264-9042-675cf00e69dc,2026-09-05T10:39:11.080160+00:00,3,errors,0.1,1.0,526a06484cc5d50d7c0dc8b8487e4c04f32ee18de6a97eee8ae6965169fe5856,Rollback,Operator Review,multiplicative,Do Nothing,0,0.5182567594272647,0.031254886214616306,0.33749999999999997,0.30000000000000004,0.95,0.75,0.28943270444869995,0,0,1,operator_escalation,confidence 0.518 is below the autonomous threshold 0.550,prototype_fault_reset,0.0,0.8875,0.8333333333333334,-0.054166666666666585,1.0,2.6744527633762334,0.0,3.8493931517476523,10.0,1.0
1c7cf97f-1282-4264-9042-675cf00e69dc,2026-09-05T10:39:34.119135+00:00,4,errors,0.1,1.0,526a06484cc5d50d7c0dc8b8487e4c04f32ee18de6a97eee8ae6965169fe5856,Rollback,Operator Review,multiplicative,Do Nothing,0,0.5490017936775359,0.0785132856225712,0.37499999999999994,0.33999999999999997,0.95,0.75,0.3210855647921562,0,0,1,operator_escalation,confidence 0.549 is below the autonomous threshold 0.550,prototype_fault_reset,0.0,0.8625,0.9333333333333333,0.0708333333333333,0.0,2.6744527633762334,0.0,3.848578191626771,12.0,1.0
1c7cf97f-1282-4264-9042-675cf00e69dc,2026-09-05T10:39:57.161976+00:00,5,errors,0.1,1.0,526a06484cc5d50d7c0dc8b8487e4c04f32ee18de6a97eee8ae6965169fe5856,Do Nothing,Operator Review,multiplicative,Do Nothing,1,0.5107718737008639,0.04247402749804213,0.825,0.825,0.2,0.5,0.3681667149066925,0,0,1,operator_escalation,confidence 0.511 is below the autonomous threshold 0.550,prototype_fault_reset,0.0,0.925,0.9666666666666667,0.04166666666666663,0.0,2.6744527633762334,0.0,3.7994511113089477,7.000000000000001,1.0
1c7cf97f-1282-4264-9042-675cf00e69dc,2026-09-05T10:40:21.285506+00:00,1,errors,0.2,1.0,526a06484cc5d50d7c0dc8b8487e4c04f32ee18de6a97eee8ae6965169fe5856,Rollback,Rollback,multiplicative,Rollback,1,0.6322361584359372,0.2029572781436621,0.4875,0.4600000000000001,0.95,0.75,0.4969928413629532,1,1,0,autonomous,,prototype_fault_reset,1055.4944761097431,0.775,1.0,0.22499999999999998,0.0,2.6744527633762334,0.0,4.105122877790788,18.0,1.0
1c7cf97f-1282-4264-9042-675cf00e69dc,2026-09-05T10:40:45.365125+00:00,2,errors,0.2,1.0,526a06484cc5d50d7c0dc8b8487e4c04f32ee18de6a97eee8ae6965169fe5856,Rollback,Rollback,multiplicative,Rollback,1,0.615628687389152,0.1800409699198658,0.45,0.42000000000000004,0.95,0.8,0.3454117104411125,1,1,0,autonomous,,prototype_fault_reset,1040.6305817887187,0.8,1.0,0.19999999999999996,0.0,2.6744527633762334,0.0,4.146309096517981,16.0,1.0
1c7cf97f-1282-4264-9042-675cf00e69dc,2026-09-05T10:41:09.450260+00:00,3,errors,0.2,1.0,526a06484cc5d50d7c0dc8b8487e4c04f32ee18de6a97eee8ae6965169fe5856,Rollback,Rollback,multiplicative,Rollback,1,0.6491106022500581,0.21983172195778306,0.4875,0.4600000000000001,0.95,0.8333333333333334,0.29097776859998703,1,1,0,autonomous,,prototype_fault_reset,1039.3629763275385,0.775,1.0,0.22499999999999998,0.0,2.6744527633762334,0.0,3.764344195414121,18.0,1.0
1c7cf97f-1282-4264-9042-675cf00e69dc,2026-09-05T10:41:33.522114+00:00,4,errors,0.2,1.0,526a06484cc5d50d7c0dc8b8487e4c04f32ee18de6a97eee8ae6965169fe5856,Rollback,Rollback,multiplicative,Rollback,1,0.551976281900014,0.07315989709033821,0.35625,0.32000000000000006,0.95,0.8571428571428571,0.2914993092417717,1,1,0,autonomous,,prototype_fault_reset,1037.1094960719347,0.8625,1.0,0.13749999999999996,0.0,2.6746512532651585,0.0,3.338286818798956,11.0,1.0
1c7cf97f-1282-4264-9042-675cf00e69dc,2026-09-05T10:41:57.600989+00:00,5,errors,0.2,1.0,526a06484cc5d50d7c0dc8b8487e4c04f32ee18de6a97eee8ae6965169fe5856,Rollback,Rollback,multiplicative,Rollback,1,0.6434745930309115,0.21705817043478098,0.46874999999999994,0.44000000000000006,0.95,0.875,0.28494372963905334,1,1,0,autonomous,,prototype_fault_reset,1037.9969934001565,0.7875,1.0,0.21250000000000002,0.0,2.6746512532651585,0.0,3.2946978033139,17.0,1.0
1c7cf97f-1282-4264-9042-675cf00e69dc,2026-09-05T10:42:21.689888+00:00,1,errors,0.3,1.0,526a06484cc5d50d7c0dc8b8487e4c04f32ee18de6a97eee8ae6965169fe5856,Rollback,Rollback,multiplicative,Rollback,1,0.7831675740273126,0.24776274288343336,0.675,0.66,0.95,0.8888888888888888,0.47441665083169937,1,1,0,autonomous,,prototype_fault_reset,1043.4616710990667,0.65,1.0,0.35,0.0,2.6746512532651585,0.0,3.0626073491826555,28.000000000000004,1.0
1c7cf97f-1282-4264-9042-675cf00e69dc,2026-09-05T10:42:45.767934+00:00,2,errors,0.3,1.0,526a06484cc5d50d7c0dc8b8487e4c04f32ee18de6a97eee8ae6965169fe5856,Rollback,Rollback,multiplicative,Rollback,1,0.8512905648267117,0.26130317606273523,0.7875,0.78,0.95,0.9,0.25542546063661575,1,1,0,autonomous,,prototype_fault_reset,1045.32525036484,0.575,1.0,0.42500000000000004,0.0,2.6746512532651585,0.0,2.867045349691039,34.0,1.0
1c7cf97f-1282-4264-9042-675cf00e69dc,2026-09-05T10:43:09.838918+00:00,3,errors,0.3,1.0,526a06484cc5d50d7c0dc8b8487e4c04f32ee18de6a97eee8ae6965169fe5856,Rollback,Rollback,multiplicative,Rollback,1,0.8428152987399763,0.2615689471077154,0.7687499999999999,0.76,0.95,0.9090909090909091,0.3956882283091545,1,1,0,autonomous,,prototype_fault_reset,1037.6057177782059,0.5875,1.0,0.4125,0.0,2.6746512532651585,0.0,2.7157061861134046,33.0,1.0
1c7cf97f-1282-4264-9042-675cf00e69dc,2026-09-05T10:43:33.919808+00:00,4,errors,0.3,1.0,526a06484cc5d50d7c0dc8b8487e4c04f32ee18de6a97eee8ae6965169fe5856,Rollback,Rollback,multiplicative,Rollback,1,0.8118101711371947,0.2576135197203451,0.7125,0.7000000000000001,0.95,0.9166666666666666,0.2727927640080452,1,1,0,autonomous,,prototype_fault_reset,1037.5117184594274,0.625,1.0,0.375,1.0,2.6746512532651585,0.0,2.6508088747124656,30.0,1.0
1c7cf97f-1282-4264-9042-675cf00e69dc,2026-09-05T10:43:58.006069+00:00,5,errors,0.3,1.0,526a06484cc5d50d7c0dc8b8487e4c04f32ee18de6a97eee8ae6965169fe5856,Rollback,Rollback,multiplicative,Rollback,1,0.7309339311003751,0.24568209427891846,0.58125,0.5599999999999999,0.95,0.9230769230769231,0.27659814804792404,1,1,0,autonomous,,prototype_fault_reset,1048.2930121943355,0.7125,1.0,0.2875,0.0,2.6746512532651585,0.0,2.6438365008657665,23.0,1.0
1c7cf97f-1282-4264-9042-675cf00e69dc,2026-09-05T10:44:22.074981+00:00,1,errors,0.35,1.0,526a06484cc5d50d7c0dc8b8487e4c04f32ee18de6a97eee8ae6965169fe5856,Rollback,Rollback,multiplicative,Rollback,1,0.8255327830180578,0.26217523575666657,0.7312500000000001,0.7200000000000001,0.95,0.9285714285714286,0.2668770030140877,1,1,0,autonomous,,prototype_fault_reset,1036.0847124829888,0.6125,1.0,0.38749999999999996,0.0,2.6746512532651585,0.0,2.7789082925985844,31.0,1.0
1c7cf97f-1282-4264-9042-675cf00e69dc,2026-09-05T10:44:46.155243+00:00,2,errors,0.35,1.0,526a06484cc5d50d7c0dc8b8487e4c04f32ee18de6a97eee8ae6965169fe5856,Rollback,Rollback,multiplicative,Rollback,1,0.7811823424116129,0.2554252353769251,0.6562500000000001,0.64,0.95,0.9333333333333333,0.45282207429409027,1,1,0,autonomous,,prototype_fault_reset,1037.0724955573678,0.6625,1.0,0.3375,0.0,2.6746512532651585,0.0,2.763896358802038,27.0,1.0
1c7cf97f-1282-4264-9042-675cf00e69dc,2026-09-05T10:45:10.253044+00:00,3,errors,0.35,1.0,526a06484cc5d50d7c0dc8b8487e4c04f32ee18de6a97eee8ae6965169fe5856,Rollback,Rollback,multiplicative,Rollback,1,0.7461369222849578,0.2504483680966255,0.6,0.58,0.95,0.9375,0.695384107530117,1,1,0,autonomous,,prototype_fault_reset,1055.5944917723536,0.7,1.0,0.30000000000000004,0.0,2.6746512532651585,0.0,2.8964472885907084,24.0,1.0
1c7cf97f-1282-4264-9042-675cf00e69dc,2026-09-05T10:45:34.336406+00:00,4,errors,0.35,1.0,526a06484cc5d50d7c0dc8b8487e4c04f32ee18de6a97eee8ae6965169fe5856,Rollback,Rollback,multiplicative,Rollback,1,0.794439068903147,0.2590342377592677,0.675,0.66,0.95,0.9411764705882353,0.3065420314669609,1,1,0,autonomous,,prototype_fault_reset,1036.9319999590516,0.65,1.0,0.35,0.0,2.6746512532651585,0.0,3.0613324994501334,28.000000000000004,1.0
1c7cf97f-1282-4264-9042-675cf00e69dc,2026-09-05T10:45:58.414242+00:00,5,errors,0.35,1.0,526a06484cc5d50d7c0dc8b8487e4c04f32ee18de6a97eee8ae6965169fe5856,Rollback,Rollback,multiplicative,Rollback,1,0.7351276426407479,0.2498758058192913,0.58125,0.5599999999999999,0.95,0.9444444444444444,0.30732061713933945,1,1,0,autonomous,,prototype_fault_reset,1039.5022509619594,0.7125,1.0,0.2875,0.0,2.6746512532651585,0.0,3.013239494750118,23.0,1.0
1c7cf97f-1282-4264-9042-675cf00e69dc,2026-09-05T10:46:22.492284+00:00,1,errors,0.4,1.0,526a06484cc5d50d7c0dc8b8487e4c04f32ee18de6a97eee8ae6965169fe5856,Rollback,Rollback,multiplicative,Rollback,1,0.8406861122698441,0.268314271880144,0.7500000000000001,0.7400000000000001,0.95,0.9473684210526315,0.4719635471701622,1,1,0,autonomous,,prototype_fault_reset,1037.2505923733115,0.6,1.0,0.4,0.0,2.6746512532651585,0.0,2.9168608446234194,32.0,1.0
1c7cf97f-1282-4264-9042-675cf00e69dc,2026-09-05T10:46:46.578410+00:00,2,errors,0.4,1.0,526a06484cc5d50d7c0dc8b8487e4c04f32ee18de6a97eee8ae6965169fe5856,Rollback,Rollback,multiplicative,Rollback,1,0.8302548027440289,0.26689725548263765,0.7312500000000001,0.7200000000000001,0.95,0.95,0.2919873222708702,1,1,0,autonomous,,prototype_fault_reset,1043.7015695497394,0.6125,1.0,0.38749999999999996,0.0,2.6746512532651585,0.0,2.8796372996046653,31.0,1.0
1c7cf97f-1282-4264-9042-675cf00e69dc,2026-09-05T10:47:10.661931+00:00,3,errors,0.4,1.0,526a06484cc5d50d7c0dc8b8487e4c04f32ee18de6a97eee8ae6965169fe5856,Rollback,Rollback,multiplicative,Rollback,1,0.8948636035186303,0.2793975104276295,0.8437500000000001,0.8400000000000001,0.95,0.9523809523809523,0.3867410123348236,1,1,0,autonomous,,prototype_fault_reset,1043.1694062426686,0.5375,1.0,0.4625,1.0,2.6746512532651585,0.0,2.8560664982367787,37.0,1.0
1c7cf97f-1282-4264-9042-675cf00e69dc,2026-09-05T10:47:34.743138+00:00,4,errors,0.4,1.0,526a06484cc5d50d7c0dc8b8487e4c04f32ee18de6a97eee8ae6965169fe5856,Rollback,Rollback,multiplicative,Rollback,1,0.853158525666494,0.27191217403423307,0.7687499999999999,0.76,0.95,0.9545454545454546,0.27656834572553635,1,1,0,autonomous,,prototype_fault_reset,1036.544400267303,0.5875,1.0,0.4125,0.0,2.6746512532651585,0.0,2.8398939242266166,33.0,1.0
1c7cf97f-1282-4264-9042-675cf00e69dc,2026-09-05T10:47:58.829908+00:00,5,errors,0.4,1.0,526a06484cc5d50d7c0dc8b8487e4c04f32ee18de6a97eee8ae6965169fe5856,Rollback,Rollback,multiplicative,Rollback,1,0.7976576590542963,0.26225282791041704,0.675,0.66,0.95,0.9565217391304348,0.6014499813318253,1,1,0,autonomous,,prototype_fault_reset,1047.4787317216396,0.65,1.0,0.35,0.0,2.6746512532651585,0.0,2.8258831370740563,28.000000000000004,1.0
1c7cf97f-1282-4264-9042-675cf00e69dc,2026-09-05T10:48:21.879464+00:00,1,dependency,1.0,1.0,526a06484cc5d50d7c0dc8b8487e4c04f32ee18de6a97eee8ae6965169fe5856,Restart Dependency,Operator Review,multiplicative,Restart Dependency,1,0.8064641973828496,0.006513029978834739,0.9,1.0,0.94,0.5,0.3055958077311516,0,0,1,operator_escalation,confidence margin 0.007 is below the ambiguity threshold 0.030,prototype_fault_reset,0.0,0.0,0.0,0.0,0.0,2.6746512532651585,0.0,2.408362598772965,60.0,0.0
1c7cf97f-1282-4264-9042-675cf00e69dc,2026-09-05T10:48:44.916325+00:00,2,dependency,1.0,1.0,526a06484cc5d50d7c0dc8b8487e4c04f32ee18de6a97eee8ae6965169fe5856,Restart Dependency,Operator Review,multiplicative,Restart Dependency,1,0.8064641973828496,0.006513029978834739,0.9,1.0,0.94,0.5,0.42388588190078735,0,0,1,operator_escalation,confidence margin 0.007 is below the ambiguity threshold 0.030,prototype_fault_reset,0.0,0.0,0.0,0.0,1.0,2.6748497431540836,0.0,1.5737522722579034,88.0,0.0
1c7cf97f-1282-4264-9042-675cf00e69dc,2026-09-05T10:49:07.969752+00:00,3,dependency,1.0,1.0,526a06484cc5d50d7c0dc8b8487e4c04f32ee18de6a97eee8ae6965169fe5856,Restart Dependency,Operator Review,multiplicative,Restart Dependency,1,0.8064641973828496,0.006513029978834739,0.9,1.0,0.94,0.5,0.3947978839278221,0,0,1,operator_escalation,confidence margin 0.007 is below the ambiguity threshold 0.030,prototype_fault_reset,0.0,0.0,0.0,0.0,0.0,2.6746512532651585,0.0,0.5388669339631955,88.0,0.0
1c7cf97f-1282-4264-9042-675cf00e69dc,2026-09-05T10:49:31.013123+00:00,4,dependency,1.0,1.0,526a06484cc5d50d7c0dc8b8487e4c04f32ee18de6a97eee8ae6965169fe5856,Restart Dependency,Operator Review,multiplicative,Restart Dependency,1,0.8064641973828496,0.006513029978834739,0.9,1.0,0.94,0.5,1.1755116283893585,0,0,1,operator_escalation,confidence margin 0.007 is below the ambiguity threshold 0.030,prototype_fault_reset,0.0,0.0,0.0,0.0,1.0,2.6746512532651585,0.0,0.5413557237554943,88.0,0.0
1c7cf97f-1282-4264-9042-675cf00e69dc,2026-09-05T10:49:54.055728+00:00,5,dependency,1.0,1.0,526a06484cc5d50d7c0dc8b8487e4c04f32ee18de6a97eee8ae6965169fe5856,Restart Dependency,Operator Review,multiplicative,Restart Dependency,1,0.8064641973828496,0.006513029978834739,0.9,1.0,0.94,0.5,0.3504343330860138,0,0,1,operator_escalation,confidence margin 0.007 is below the ambiguity threshold 0.030,prototype_fault_reset,0.0,0.0,0.0,0.0,0.0,2.6746512532651585,0.0,0.5470295510012803,88.0,0.0
f7269a6b-8b60-4e52-9017-1b8a22f88b1f,2026-09-06T18:45:32.159814+00:00,1,cpu,0.6,1.0,526a06484cc5d50d7c0dc8b8487e4c04f32ee18de6a97eee8ae6965169fe5856,Do Nothing,Do Nothing,multiplicative,Do Nothing,1,0.610600144230127,0.28369623433978275,0.7859999999999999,0.7859999999999999,0.45,0.5,0.3385283052921295,,0,0,autonomous_observation,,prototype_fault_reset,,1.0,1.0,0.0,60.7,2.15043945661408,0.0,10.63182573610296,0.0,1.0
f7269a6b-8b60-4e52-9017-1b8a22f88b1f,2026-09-06T18:45:54.219266+00:00,2,cpu,0.6,1.0,526a06484cc5d50d7c0dc8b8487e4c04f32ee18de6a97eee8ae6965169fe5856,Do Nothing,Do Nothing,multiplicative,Do Nothing,1,0.6251859873644097,0.3287236269138325,0.8240000000000001,0.8240000000000001,0.45,0.5,0.28493721038103104,,0,0,autonomous_observation,,prototype_fault_reset,,1.0,1.0,0.0,58.8,2.1516303959476306,0.0,9.302638934641939,0.0,1.0
f7269a6b-8b60-4e52-9017-1b8a22f88b1f,2026-09-06T18:46:16.275765+00:00,3,cpu,0.6,1.0,526a06484cc5d50d7c0dc8b8487e4c04f32ee18de6a97eee8ae6965169fe5856,Do Nothing,Do Nothing,multiplicative,Do Nothing,1,0.6175521725460178,0.3046984953394888,0.804,0.804,0.45,0.5,0.23497547954320908,,0,0,autonomous_observation,,prototype_fault_reset,,1.0,1.0,0.0,59.8,2.1524243555033307,0.0,8.928790275205875,0.0,1.0
f7269a6b-8b60-4e52-9017-1b8a22f88b1f,2026-09-06T18:46:38.343019+00:00,4,cpu,0.6,1.0,526a06484cc5d50d7c0dc8b8487e4c04f32ee18de6a97eee8ae6965169fe5856,Do Nothing,Do Nothing,multiplicative,Do Nothing,1,0.6251859873644097,0.3287236269138325,0.8240000000000001,0.8240000000000001,0.45,0.5,0.905466265976429,,0,0,autonomous_observation,,prototype_fault_reset,,1.0,1.0,0.0,58.8,2.152821335281181,0.0,7.943807938549468,0.0,1.0
f7269a6b-8b60-4e52-9017-1b8a22f88b1f,2026-09-06T18:47:00.412870+00:00,5,cpu,0.6,1.0,526a06484cc5d50d7c0dc8b8487e4c04f32ee18de6a97eee8ae6965169fe5856,Do Nothing,Do Nothing,multiplicative,Do Nothing,1,0.6244268055575137,0.32628475823493314,0.8220000000000001,0.8220000000000001,0.45,0.5,0.2680998295545578,,0,0,autonomous_observation,,prototype_fault_reset,,1.0,1.0,0.0,58.9,2.153019825170106,0.0,8.001167305122465,0.0,1.0
f7269a6b-8b60-4e52-9017-1b8a22f88b1f,2026-09-06T18:47:22.486112+00:00,6,cpu,0.6,1.0,526a06484cc5d50d7c0dc8b8487e4c04f32ee18de6a97eee8ae6965169fe5856,Do Nothing,Do Nothing,multiplicative,Do Nothing,1,0.6175521725460178,0.3046984953394888,0.804,0.804,0.45,0.5,0.4139319062232971,,0,0,autonomous_observation,,prototype_fault_reset,,1.0,1.0,0.0,59.8,2.1532183150590307,0.0,8.20863336192433,0.0,1.0
f7269a6b-8b60-4e52-9017-1b8a22f88b1f,2026-09-06T18:47:44.557447+00:00,1,cpu,0.7,1.0,526a06484cc5d50d7c0dc8b8487e4c04f32ee18de6a97eee8ae6965169fe5856,Do Nothing,Operator Review,multiplicative,Do Nothing,1,0.5263226415714509,0.07053778300706531,0.5840000000000001,0.5840000000000001,0.45,0.5,0.24312548339366913,0,0,1,operator_escalation,confidence 0.526 is below the autonomous threshold 0.550,prototype_fault_reset,0.0,1.0,1.0,0.0,70.8,2.153813784725806,0.0,8.188181479610282,0.0,1.0
f7269a6b-8b60-4e52-9017-1b8a22f88b1f,2026-09-06T18:48:06.647567+00:00,2,cpu,0.7,1.0,526a06484cc5d50d7c0dc8b8487e4c04f32ee18de6a97eee8ae6965169fe5856,Do Nothing,Operator Review,multiplicative,Do Nothing,1,0.5361446067147422,0.09257545100047682,0.6059999999999999,0.6059999999999999,0.45,0.5,0.39269402623176575,0,0,1,operator_escalation,confidence 0.536 is below the autonomous threshold 0.550,prototype_fault_reset,0.0,1.0,1.0,0.0,69.7,2.154210764503656,0.0,9.020748887122911,0.0,1.0
f7269a6b-8b60-4e52-9017-1b8a22f88b1f,2026-09-06T18:48:28.706710+00:00,3,cpu,0.7,1.0,526a06484cc5d50d7c0dc8b8487e4c04f32ee18de6a97eee8ae6965169fe5856,Do Nothing,Operator Review,multiplicative,Do Nothing,1,0.5352591484610564,0.09056560778519057,0.6040000000000001,0.6040000000000001,0.45,0.5,0.9562717750668526,0,0,1,operator_escalation,confidence 0.535 is below the autonomous threshold 0.550,prototype_fault_reset,0.0,1.0,1.0,0.0,69.8,2.154607744281506,0.0,9.23061846705848,0.0,1.0
f7269a6b-8b60-4e52-9017-1b8a22f88b1f,2026-09-06T18:48:50.792236+00:00,4,cpu,0.7,1.0,526a06484cc5d50d7c0dc8b8487e4c04f32ee18de6a97eee8ae6965169fe5856,Do Nothing,Operator Review,multiplicative,Do Nothing,1,0.5352591484610564,0.09056560778519057,0.6040000000000001,0.6040000000000001,0.45,0.5,0.4004454240202904,0,0,1,operator_escalation,confidence 0.535 is below the autonomous threshold 0.550,prototype_fault_reset,0.0,1.0,1.0,0.0,69.8,2.1548062341704313,0.0,9.03283283610404,0.0,1.0
f7269a6b-8b60-4e52-9017-1b8a22f88b1f,2026-09-06T18:49:12.855013+00:00,5,cpu,0.7,1.0,526a06484cc5d50d7c0dc8b8487e4c04f32ee18de6a97eee8ae6965169fe5856,Do Nothing,Operator Review,multiplicative,Do Nothing,1,0.5352591484610564,0.09056560778519057,0.6040000000000001,0.6040000000000001,0.45,0.5,0.25765877217054367,0,0,1,operator_escalation,confidence 0.535 is below the autonomous threshold 0.550,prototype_fault_reset,0.0,1.0,1.0,0.0,69.8,2.1554017038372066,0.0,8.883439977074692,0.0,1.0
f7269a6b-8b60-4e52-9017-1b8a22f88b1f,2026-09-06T18:49:40.617531+00:00,6,cpu,0.7,1.0,526a06484cc5d50d7c0dc8b8487e4c04f32ee18de6a97eee8ae6965169fe5856,Do Nothing,Do Nothing,multiplicative,Do Nothing,1,0.6887246539984297,0.6886984013330869,1.0,1.0,0.45,0.5,0.22985320538282394,,0,0,autonomous_observation,,prototype_fault_reset,,1.0,1.0,0.0,1.0,2.1589745218378575,0.0,85.48247635896718,0.0,1.0
f7269a6b-8b60-4e52-9017-1b8a22f88b1f,2026-09-06T18:50:02.683566+00:00,1,cpu,0.8,1.0,526a06484cc5d50d7c0dc8b8487e4c04f32ee18de6a97eee8ae6965169fe5856,Scale Out,Operator Review,multiplicative,Scale Out,1,0.5477411011315746,0.10998086286614717,0.45014500361344467,0.42097400433613363,0.95,0.5,0.23733358830213547,0,0,1,operator_escalation,confidence 0.548 is below the autonomous threshold 0.550,prototype_fault_reset,0.0,1.0,1.0,0.0,79.8,2.1591730117267827,0.0,123.90202746217977,0.0,1.0
f7269a6b-8b60-4e52-9017-1b8a22f88b1f,2026-09-06T18:50:24.772329+00:00,2,cpu,0.8,1.0,526a06484cc5d50d7c0dc8b8487e4c04f32ee18de6a97eee8ae6965169fe5856,Scale Out,Operator Review,multiplicative,Scale Out,1,0.5382209531952118,0.08869949376890213,0.43449633514737096,0.4065956021768451,0.95,0.5,0.23907795548439026,0,0,1,operator_escalation,confidence 0.538 is below the autonomous threshold 0.550,prototype_fault_reset,0.0,1.0,1.0,0.0,78.7,2.159371501615708,0.0,130.37214712001872,0.0,1.0
f7269a6b-8b60-4e52-9017-1b8a22f88b1f,2026-09-06T18:50:46.837998+00:00,3,cpu,0.8,1.0,526a06484cc5d50d7c0dc8b8487e4c04f32ee18de6a97eee8ae6965169fe5856,Scale Out,Operator Review,multiplicative,Scale Out,1,0.5363205894969069,0.08785558619485556,0.43199999999999994,0.40319999999999995,0.95,0.5,1.4095064252614975,0,0,1,operator_escalation,confidence 0.536 is below the autonomous threshold 0.550,prototype_fault_reset,0.0,1.0,1.0,0.0,78.8,2.1595699915046325,0.0,12.884949735397923,0.0,1.0
f7269a6b-8b60-4e52-9017-1b8a22f88b1f,2026-09-06T18:51:08.894316+00:00,4,cpu,0.8,1.0,526a06484cc5d50d7c0dc8b8487e4c04f32ee18de6a97eee8ae6965169fe5856,Scale Out,Operator Review,multiplicative,Scale Out,1,0.5363205894969069,0.08785558619485556,0.43199999999999994,0.40319999999999995,0.95,0.5,0.5696360021829605,0,0,1,operator_escalation,confidence 0.536 is below the autonomous threshold 0.550,prototype_fault_reset,0.0,1.0,1.0,0.0,78.8,2.1599669712824827,0.0,13.082964431229957,0.0,1.0
f7269a6b-8b60-4e52-9017-1b8a22f88b1f,2026-09-06T18:51:30.984630+00:00,5,cpu,0.8,1.0,526a06484cc5d50d7c0dc8b8487e4c04f32ee18de6a97eee8ae6965169fe5856,Scale Out,Operator Review,multiplicative,Scale Out,1,0.5455522586297565,0.10779202036432911,0.44699999999999995,0.41719999999999996,0.95,0.5,0.22267457097768784,0,0,1,operator_escalation,confidence 0.546 is below the autonomous threshold 0.550,prototype_fault_reset,0.0,1.0,1.0,0.0,79.8,2.1599669712824827,0.0,12.51402128344545,0.0,1.0
f7269a6b-8b60-4e52-9017-1b8a22f88b1f,2026-09-06T18:51:54.098490+00:00,6,cpu,0.8,1.0,526a06484cc5d50d7c0dc8b8487e4c04f32ee18de6a97eee8ae6965169fe5856,Scale Out,Scale Out,multiplicative,Scale Out,1,0.5546302904401705,0.11438050322631621,0.46199999999999997,0.43119999999999997,0.95,0.5,0.2469504252076149,1,1,0,autonomous,,prototype_fault_reset,1044.9811797589064,1.0,1.0,0.0,80.8,2.1599669712824827,0.0,12.929962085842533,0.0,1.0
f7269a6b-8b60-4e52-9017-1b8a22f88b1f,2026-09-06T18:52:17.254598+00:00,1,cpu,0.9,1.0,526a06484cc5d50d7c0dc8b8487e4c04f32ee18de6a97eee8ae6965169fe5856,Scale Out,Scale Out,multiplicative,Scale Out,1,0.6774924289376949,0.17703708333428136,0.597,0.5571999999999999,0.95,0.6666666666666666,0.2946099266409874,1,1,0,autonomous,,prototype_fault_reset,1091.9257700443268,1.0,1.0,0.0,89.8,2.1599669712824827,0.0,12.907569658996305,0.0,1.0
f7269a6b-8b60-4e52-9017-1b8a22f88b1f,2026-09-06T18:52:40.408052+00:00,2,cpu,0.9,1.0,526a06484cc5d50d7c0dc8b8487e4c04f32ee18de6a97eee8ae6965169fe5856,Scale Out,Scale Out,multiplicative,Scale Out,1,0.6977383226858459,0.19728297708243236,0.597,0.5571999999999999,0.95,0.75,0.32458920031785965,1,1,0,autonomous,,prototype_fault_reset,1092.2917006537318,1.0,1.0,0.0,89.8,2.1599669712824827,0.0,13.19396327016875,0.0,1.0
f7269a6b-8b60-4e52-9017-1b8a22f88b1f,2026-09-06T18:53:03.564020+00:00,3,cpu,0.9,1.0,526a06484cc5d50d7c0dc8b8487e4c04f32ee18de6a97eee8ae6965169fe5856,Scale Out,Scale Out,multiplicative,Scale Out,1,0.7073035123425919,0.2081071758924653,0.594,0.5543999999999999,0.95,0.8,0.2607116475701332,1,1,0,autonomous,,prototype_fault_reset,1110.2504497393966,1.0,1.0,0.0,89.6,2.1599669712824827,0.0,14.47742308558124,0.0,1.0
f7269a6b-8b60-4e52-9017-1b8a22f88b1f,2026-09-06T18:53:26.720091+00:00,4,cpu,0.9,1.0,526a06484cc5d50d7c0dc8b8487e4c04f32ee18de6a97eee8ae6965169fe5856,Scale Out,Scale Out,multiplicative,Scale Out,1,0.7163610255572671,0.21590567995385357,0.597,0.5571999999999999,0.95,0.8333333333333334,0.2587083727121353,1,1,0,autonomous,,prototype_fault_reset,1095.6106716766953,1.0,1.0,0.0,89.8,2.1599669712824827,0.0,14.236083967261948,0.0,1.0
f7269a6b-8b60-4e52-9017-1b8a22f88b1f,2026-09-06T18:53:49.876052+00:00,5,cpu,0.9,1.0,526a06484cc5d50d7c0dc8b8487e4c04f32ee18de6a97eee8ae6965169fe5856,Scale Out,Scale Out,multiplicative,Scale Out,1,0.7214239626313755,0.220968617027962,0.597,0.5571999999999999,0.95,0.8571428571428571,0.2685440704226494,1,1,0,autonomous,,prototype_fault_reset,1110.3469645604491,1.0,1.0,0.0,89.8,2.1599669712824827,0.0,13.894925714561307,0.0,1.0
f7269a6b-8b60-4e52-9017-1b8a22f88b1f,2026-09-06T18:54:13.035019+00:00,6,cpu,0.9,1.0,526a06484cc5d50d7c0dc8b8487e4c04f32ee18de6a97eee8ae6965169fe5856,Scale Out,Scale Out,multiplicative,Scale Out,1,0.7242408075981603,0.2244145701574572,0.5955,0.5558,0.95,0.875,0.341721810400486,1,1,0,autonomous,,prototype_fault_reset,1093.415692448616,1.0,1.0,0.0,89.7,2.1599669712824827,0.0,13.799543763161635,0.0,1.0
f7269a6b-8b60-4e52-9017-1b8a22f88b1f,2026-09-06T18:54:36.188684+00:00,1,cpu,0.95,1.0,526a06484cc5d50d7c0dc8b8487e4c04f32ee18de6a97eee8ae6965169fe5856,Scale Out,Scale Out,multiplicative,Scale Out,1,0.7637208542254131,0.238718982515306,0.6569999999999999,0.6131999999999999,0.95,0.8888888888888888,1.3950439170002937,1,1,0,autonomous,,prototype_fault_reset,1089.1985930502415,1.0,1.0,0.0,93.8,2.1599669712824827,0.0,14.867487450082521,0.0,1.0
f7269a6b-8b60-4e52-9017-1b8a22f88b1f,2026-09-06T18:54:59.346893+00:00,2,cpu,0.95,1.0,526a06484cc5d50d7c0dc8b8487e4c04f32ee18de6a97eee8ae6965169fe5856,Scale Out,Scale Out,multiplicative,Scale Out,1,0.7747924130690372,0.24383119189734315,0.6719999999999999,0.6271999999999999,0.95,0.9,0.28963666409254074,1,1,0,autonomous,,prototype_fault_reset,1104.8582447692752,1.0,1.0,0.0,94.8,2.1599669712824827,0.0,15.84580686679225,0.0,1.0
f7269a6b-8b60-4e52-9017-1b8a22f88b1f,2026-09-06T18:55:22.522515+00:00,3,cpu,0.95,1.0,526a06484cc5d50d7c0dc8b8487e4c04f32ee18de6a97eee8ae6965169fe5856,Scale Out,Scale Out,multiplicative,Scale Out,1,0.76714643681288,0.24274422477500757,0.6555000000000001,0.6118,0.95,0.9090909090909091,0.2774391323328018,1,1,0,autonomous,,prototype_fault_reset,1105.5010994896293,1.0,1.0,0.0,93.7,2.1599669712824827,0.0,17.49440529383719,0.0,1.0
f7269a6b-8b60-4e52-9017-1b8a22f88b1f,2026-09-06T18:55:45.710800+00:00,4,cpu,0.95,1.0,526a06484cc5d50d7c0dc8b8487e4c04f32ee18de6a97eee8ae6965169fe5856,Scale Out,Scale Out,multiplicative,Scale Out,1,0.7696187505056481,0.24461687879554095,0.6569999999999999,0.6131999999999999,0.95,0.9166666666666666,0.2602888271212578,1,1,0,autonomous,,prototype_fault_reset,1114.2067424952984,1.0,1.0,0.0,93.8,2.1599669712824827,0.0,17.805476107907186,0.0,1.0
f7269a6b-8b60-4e52-9017-1b8a22f88b1f,2026-09-06T18:56:08.855526+00:00,5,cpu,0.95,1.0,526a06484cc5d50d7c0dc8b8487e4c04f32ee18de6a97eee8ae6965169fe5856,Scale Out,Scale Out,multiplicative,Scale Out,1,0.7805817062934816,0.24902822479134812,0.6735000000000001,0.6286,0.95,0.9230769230769231,0.4031425341963768,1,1,0,autonomous,,prototype_fault_reset,1071.9189373776317,1.0,1.0,0.0,94.9,2.1599669712824827,0.0,16.96923365234397,0.0,1.0
f7269a6b-8b60-4e52-9017-1b8a22f88b1f,2026-09-06T18:56:32.014230+00:00,6,cpu,0.95,1.0,526a06484cc5d50d7c0dc8b8487e4c04f32ee18de6a97eee8ae6965169fe5856,Scale Out,Scale Out,multiplicative,Scale Out,1,0.76324055500303,0.24426645910797007,0.642,0.5992,0.95,0.9285714285714286,0.23965351283550262,1,1,0,autonomous,,prototype_fault_reset,1097.1683030948043,1.0,1.0,0.0,92.8,2.1599669712824827,0.0,16.02024415780495,0.0,1.0
f7269a6b-8b60-4e52-9017-1b8a22f88b1f,2026-09-06T18:56:52.211686+00:00,1,memory,100,1.0,526a06484cc5d50d7c0dc8b8487e4c04f32ee18de6a97eee8ae6965169fe5856,Do Nothing,Operator Review,multiplicative,Do Nothing,1,0.5226842367904343,0.06418677267536066,0.6397507760954657,0.6666666666666667,0.35,0.5,0.9979791939258575,0,0,1,operator_escalation,confidence 0.523 is below the autonomous threshold 0.550,prototype_fault_reset,0.0,1.0,1.0,0.0,1.0,7.204984478090686,100.0,12.347479598247446,0.0,1.0
f7269a6b-8b60-4e52-9017-1b8a22f88b1f,2026-09-06T18:57:12.341525+00:00,2,memory,100,1.0,526a06484cc5d50d7c0dc8b8487e4c04f32ee18de6a97eee8ae6965169fe5856,Do Nothing,Operator Review,multiplicative,Do Nothing,1,0.5227268008682879,0.06428679817638094,0.6399591904788371,0.6666666666666667,0.35,0.5,0.3748983144760132,0,0,1,operator_escalation,confidence 0.523 is below the autonomous threshold 0.550,prototype_fault_reset,0.0,1.0,1.0,0.0,0.0,7.200816190423259,100.0,8.632942952794357,0.0,1.0
f7269a6b-8b60-4e52-9017-1b8a22f88b1f,2026-09-06T18:57:32.450846+00:00,3,memory,100,1.0,526a06484cc5d50d7c0dc8b8487e4c04f32ee18de6a97eee8ae6965169fe5856,Do Nothing,Operator Review,multiplicative,Do Nothing,1,0.5227268008682879,0.06428679817638094,0.6399591904788371,0.6666666666666667,0.35,0.5,0.4875464364886284,0,0,1,operator_escalation,confidence 0.523 is below the autonomous threshold 0.550,prototype_fault_reset,0.0,1.0,1.0,0.0,0.0,7.200816190423259,100.0,4.227035654888999,0.0,1.0
f7269a6b-8b60-4e52-9017-1b8a22f88b1f,2026-09-06T18:57:52.578981+00:00,4,memory,100,1.0,526a06484cc5d50d7c0dc8b8487e4c04f32ee18de6a97eee8ae6965169fe5856,Do Nothing,Operator Review,multiplicative,Do Nothing,1,0.5227247742432003,0.06428203512936737,0.6399492659843908,0.6666666666666667,0.35,0.5,0.2897856757044792,0,0,1,operator_escalation,confidence 0.523 is below the autonomous threshold 0.550,prototype_fault_reset,0.0,1.0,1.0,0.0,0.0,7.201014680312184,100.0,4.2292444936690785,0.0,1.0
f7269a6b-8b60-4e52-9017-1b8a22f88b1f,2026-09-06T18:58:12.720698+00:00,5,memory,100,1.0,526a06484cc5d50d7c0dc8b8487e4c04f32ee18de6a97eee8ae6965169fe5856,Do Nothing,Operator Review,multiplicative,Do Nothing,1,0.5227247742432003,0.06428203512936737,0.6399492659843908,0.6666666666666667,0.35,0.5,0.2817930653691292,0,0,1,operator_escalation,confidence 0.523 is below the autonomous threshold 0.550,prototype_fault_reset,0.0,1.0,1.0,0.0,0.0,7.201014680312184,100.0,4.398273328138935,0.0,1.0
f7269a6b-8b60-4e52-9017-1b8a22f88b1f,2026-09-06T18:58:32.891923+00:00,1,memory,150,1.0,526a06484cc5d50d7c0dc8b8487e4c04f32ee18de6a97eee8ae6965169fe5856,Restart Service,Operator Review,multiplicative,Do Nothing,0,0.5510503393961673,0.0016643367462134684,0.447391048899969,0.4480432866749768,0.92,0.5,0.23515895009040833,0,0,1,operator_escalation,confidence margin 0.002 is below the ambiguity threshold 0.030,prototype_fault_reset,0.0,1.0,1.0,0.0,0.0,9.739104889996904,150.0,4.637128505254945,0.0,1.0
f7269a6b-8b60-4e52-9017-1b8a22f88b1f,2026-09-06T18:58:53.054554+00:00,2,memory,150,1.0,526a06484cc5d50d7c0dc8b8487e4c04f32ee18de6a97eee8ae6965169fe5856,Restart Service,Operator Review,multiplicative,Do Nothing,0,0.5510503393961673,0.0016643367462134684,0.447391048899969,0.4480432866749768,0.92,0.5,0.26351120322942734,0,0,1,operator_escalation,confidence margin 0.002 is below the ambiguity threshold 0.030,prototype_fault_reset,0.0,1.0,1.0,0.0,0.0,9.739104889996904,150.0,4.603795834506552,0.0,1.0
f7269a6b-8b60-4e52-9017-1b8a22f88b1f,2026-09-06T18:59:13.198668+00:00,3,memory,150,1.0,526a06484cc5d50d7c0dc8b8487e4c04f32ee18de6a97eee8ae6965169fe5856,Restart Service,Operator Review,multiplicative,Do Nothing,0,0.5510503393961673,0.0016643367462134684,0.447391048899969,0.4480432866749768,0.92,0.5,0.26184041053056717,0,0,1,operator_escalation,confidence margin 0.002 is below the ambiguity threshold 0.030,prototype_fault_reset,0.0,1.0,1.0,0.0,1.0,9.739104889996904,150.0,4.41774264909327,0.0,1.0
f7269a6b-8b60-4e52-9017-1b8a22f88b1f,2026-09-06T18:59:33.336481+00:00,4,memory,150,1.0,526a06484cc5d50d7c0dc8b8487e4c04f32ee18de6a97eee8ae6965169fe5856,Restart Service,Operator Review,multiplicative,Do Nothing,0,0.5510514083253987,0.0016631221262624063,0.44739303379885825,0.4480447753491437,0.92,0.5,0.19924715161323547,0,0,1,operator_escalation,confidence margin 0.002 is below the ambiguity threshold 0.030,prototype_fault_reset,0.0,1.0,1.0,0.0,0.0,9.739303379885829,150.0,4.373674414431055,0.0,1.0
f7269a6b-8b60-4e52-9017-1b8a22f88b1f,2026-09-06T18:59:53.490534+00:00,5,memory,150,1.0,526a06484cc5d50d7c0dc8b8487e4c04f32ee18de6a97eee8ae6965169fe5856,Restart Service,Operator Review,multiplicative,Do Nothing,0,0.5510524772524712,0.0016619075136672379,0.4473950186977475,0.44804626402331066,0.92,0.5,0.25422684848308563,0,0,1,operator_escalation,confidence margin 0.002 is below the ambiguity threshold 0.030,prototype_fault_reset,0.0,1.0,1.0,0.0,0.0,9.739501869774754,150.0,4.146033946852215,0.0,1.0
f7269a6b-8b60-4e52-9017-1b8a22f88b1f,2026-09-06T19:00:13.701042+00:00,1,memory,200,1.0,526a06484cc5d50d7c0dc8b8487e4c04f32ee18de6a97eee8ae6965169fe5856,Restart Service,Operator Review,multiplicative,Restart Service,1,0.6330007570747045,0.005689027507408073,0.5894703760457108,0.5921027820342831,0.92,0.5,0.3835875540971756,0,0,1,operator_escalation,confidence margin 0.006 is below the ambiguity threshold 0.030,prototype_fault_reset,0.0,1.0,1.0,0.0,0.0,12.280370937904424,200.0,5.004596475084297,0.0,1.0
f7269a6b-8b60-4e52-9017-1b8a22f88b1f,2026-09-06T19:00:33.914463+00:00,2,memory,200,1.0,526a06484cc5d50d7c0dc8b8487e4c04f32ee18de6a97eee8ae6965169fe5856,Restart Service,Operator Review,multiplicative,Restart Service,1,0.6353973504712204,0.002946869455921153,0.5945914151799774,0.5959435613849831,0.92,0.5,0.22170785814523697,0,0,1,operator_escalation,confidence margin 0.003 is below the ambiguity threshold 0.030,prototype_fault_reset,0.0,1.0,1.0,0.0,0.0,12.792474851331074,200.0,5.33251907432177,0.0,1.0
f7269a6b-8b60-4e52-9017-1b8a22f88b1f,2026-09-06T19:00:54.110820+00:00,3,memory,200,1.0,526a06484cc5d50d7c0dc8b8487e4c04f32ee18de6a97eee8ae6965169fe5856,Restart Service,Operator Review,multiplicative,Restart Service,1,0.6353973504712204,0.002946869455921153,0.5945914151799774,0.5959435613849831,0.92,0.5,0.4678294062614441,0,0,1,operator_escalation,confidence margin 0.003 is below the ambiguity threshold 0.030,prototype_fault_reset,0.0,1.0,1.0,0.0,0.0,12.792474851331074,200.0,5.577512809121218,0.0,1.0
f7269a6b-8b60-4e52-9017-1b8a22f88b1f,2026-09-06T19:01:14.298017+00:00,4,memory,200,1.0,526a06484cc5d50d7c0dc8b8487e4c04f32ee18de6a97eee8ae6965169fe5856,Restart Service,Operator Review,multiplicative,Restart Service,1,0.6353973504712204,0.002946869455921153,0.5945914151799774,0.5959435613849831,0.92,0.5,1.5367437154054642,0,0,1,operator_escalation,confidence margin 0.003 is below the ambiguity threshold 0.030,prototype_fault_reset,0.0,1.0,1.0,0.0,1.0,12.792474851331074,200.0,4.519785525368862,0.0,1.0
f7269a6b-8b60-4e52-9017-1b8a22f88b1f,2026-09-06T19:01:34.482531+00:00,5,memory,200,1.0,526a06484cc5d50d7c0dc8b8487e4c04f32ee18de6a97eee8ae6965169fe5856,Restart Service,Operator Review,multiplicative,Restart Service,1,0.6353973504712204,0.002946869455921153,0.5945914151799774,0.5959435613849831,0.92,0.5,0.21913927048444748,0,0,1,operator_escalation,confidence margin 0.003 is below the ambiguity threshold 0.030,prototype_fault_reset,0.0,1.0,1.0,0.0,0.0,12.792474851331074,200.0,4.222561428170712,0.0,1.0
f7269a6b-8b60-4e52-9017-1b8a22f88b1f,2026-09-06T19:01:54.746076+00:00,1,memory,250,1.0,526a06484cc5d50d7c0dc8b8487e4c04f32ee18de6a97eee8ae6965169fe5856,Restart Service,Operator Review,multiplicative,Restart Service,1,0.707644555854135,0.00644302194027202,0.7366667725279408,0.7400000793959556,0.92,0.5,0.38769468665122986,0,0,1,operator_escalation,confidence margin 0.006 is below the ambiguity threshold 0.030,prototype_fault_reset,0.0,1.0,1.0,0.0,0.0,15.333343919460743,250.0,4.171356402577892,0.0,1.0
f7269a6b-8b60-4e52-9017-1b8a22f88b1f,2026-09-06T19:02:15.024534+00:00,2,memory,250,1.0,526a06484cc5d50d7c0dc8b8487e4c04f32ee18de6a97eee8ae6965169fe5856,Restart Service,Operator Review,multiplicative,Restart Service,1,0.707644555854135,0.00644302194027202,0.7366667725279408,0.7400000793959556,0.92,0.5,0.4228344187140465,0,0,1,operator_escalation,confidence margin 0.006 is below the ambiguity threshold 0.030,prototype_fault_reset,0.0,1.0,1.0,0.0,1.0,15.333343919460743,250.0,4.3265648900220794,0.0,1.0
f7269a6b-8b60-4e52-9017-1b8a22f88b1f,2026-09-06T19:02:35.310871+00:00,3,memory,250,1.0,526a06484cc5d50d7c0dc8b8487e4c04f32ee18de6a97eee8ae6965169fe5856,Restart Service,Operator Review,multiplicative,Restart Service,1,0.7076462209942664,0.006441108694096753,0.7366707423257193,0.7400030567442895,0.92,0.5,0.2766726538538933,0,0,1,operator_escalation,confidence margin 0.006 is below the ambiguity threshold 0.030,prototype_fault_reset,0.0,1.0,1.0,0.0,0.0,15.333740899238594,250.0,4.475581816708048,0.0,1.0
f7269a6b-8b60-4e52-9017-1b8a22f88b1f,2026-09-06T19:02:55.541673+00:00,4,memory,250,1.0,526a06484cc5d50d7c0dc8b8487e4c04f32ee18de6a97eee8ae6965169fe5856,Restart Service,Operator Review,multiplicative,Restart Service,1,0.707644555854135,0.00644302194027202,0.7366667725279408,0.7400000793959556,0.92,0.5,1.2943623587489128,0,0,1,operator_escalation,confidence margin 0.006 is below the ambiguity threshold 0.030,prototype_fault_reset,0.0,1.0,1.0,0.0,0.0,15.333343919460743,250.0,4.517871436352531,0.0,1.0
f7269a6b-8b60-4e52-9017-1b8a22f88b1f,2026-09-06T19:03:15.741793+00:00,5,memory,250,1.0,526a06484cc5d50d7c0dc8b8487e4c04f32ee18de6a97eee8ae6965169fe5856,Restart Service,Operator Review,multiplicative,Restart Service,1,0.707644555854135,0.00644302194027202,0.7366667725279408,0.7400000793959556,0.92,0.5,0.409136526286602,0,0,1,operator_escalation,confidence margin 0.006 is below the ambiguity threshold 0.030,prototype_fault_reset,0.0,1.0,1.0,0.0,0.0,15.333343919460743,250.0,4.498272456350874,0.0,1.0
f7269a6b-8b60-4e52-9017-1b8a22f88b1f,2026-09-06T19:03:36.013244+00:00,1,memory,300,1.0,526a06484cc5d50d7c0dc8b8487e4c04f32ee18de6a97eee8ae6965169fe5856,Restart Service,Operator Review,multiplicative,Restart Service,1,0.7731681961430651,0.009382601514096867,0.8787381600781256,0.8840536200585942,0.92,0.5,0.36249589174985886,0,0,1,operator_escalation,confidence margin 0.009 is below the ambiguity threshold 0.030,prototype_fault_reset,0.0,1.0,1.0,0.0,0.0,17.87381600781256,300.0,4.318369815095526,0.0,1.0
f7269a6b-8b60-4e52-9017-1b8a22f88b1f,2026-09-06T19:03:56.261183+00:00,2,memory,300,1.0,526a06484cc5d50d7c0dc8b8487e4c04f32ee18de6a97eee8ae6965169fe5856,Restart Service,Operator Review,multiplicative,Restart Service,1,0.7731681961430651,0.009382601514096867,0.8787381600781256,0.8840536200585942,0.92,0.5,0.2569574862718582,0,0,1,operator_escalation,confidence margin 0.009 is below the ambiguity threshold 0.030,prototype_fault_reset,0.0,1.0,1.0,0.0,1.0,17.87381600781256,300.0,4.215517783629112,0.0,1.0
f7269a6b-8b60-4e52-9017-1b8a22f88b1f,2026-09-06T19:04:16.532582+00:00,3,memory,300,1.0,526a06484cc5d50d7c0dc8b8487e4c04f32ee18de6a97eee8ae6965169fe5856,Restart Service,Operator Review,multiplicative,Restart Service,1,0.7731681961430651,0.009382601514096867,0.8787381600781256,0.8840536200585942,0.92,0.5,0.20034145563840866,0,0,1,operator_escalation,confidence margin 0.009 is below the ambiguity threshold 0.030,prototype_fault_reset,0.0,1.0,1.0,0.0,0.0,17.87381600781256,300.0,4.016348472262014,0.0,1.0
f7269a6b-8b60-4e52-9017-1b8a22f88b1f,2026-09-06T19:04:36.751703+00:00,4,memory,300,1.0,526a06484cc5d50d7c0dc8b8487e4c04f32ee18de6a97eee8ae6965169fe5856,Restart Service,Operator Review,multiplicative,Restart Service,1,0.771216182228109,0.011644051813245238,0.8736607887194225,0.8802455915395669,0.92,0.5,0.22768694907426834,0,0,1,operator_escalation,confidence margin 0.012 is below the ambiguity threshold 0.030,prototype_fault_reset,0.0,1.0,1.0,0.0,1.0,17.366078871942264,300.0,4.008860584137213,0.0,1.0
f7269a6b-8b60-4e52-9017-1b8a22f88b1f,2026-09-06T19:04:57.029080+00:00,5,memory,300,1.0,526a06484cc5d50d7c0dc8b8487e4c04f32ee18de6a97eee8ae6965169fe5856,Restart Service,Operator Review,multiplicative,Restart Service,1,0.7731681961430651,0.009382601514096867,0.8787381600781256,0.8840536200585942,0.92,0.5,0.2348572015762329,0,0,1,operator_escalation,confidence margin 0.009 is below the ambiguity threshold 0.030,prototype_fault_reset,0.0,1.0,1.0,0.0,0.0,17.87381600781256,300.0,4.027514985905637,0.0,1.0
f7269a6b-8b60-4e52-9017-1b8a22f88b1f,2026-09-06T19:05:22.443142+00:00,1,latency,300,1.0,526a06484cc5d50d7c0dc8b8487e4c04f32ee18de6a97eee8ae6965169fe5856,Do Nothing,Do Nothing,multiplicative,Do Nothing,1,0.5946035575013605,0.3048376552306942,1.0,1.0,0.25,0.5,0.42917951941490173,,0,0,autonomous_observation,,prototype_fault_reset,,1.0,1.0,0.0,1.0,2.634754785591222,0.0,37.433575398854316,0.0,1.0
f7269a6b-8b60-4e52-9017-1b8a22f88b1f,2026-09-06T19:05:47.768281+00:00,2,latency,300,1.0,526a06484cc5d50d7c0dc8b8487e4c04f32ee18de6a97eee8ae6965169fe5856,Do Nothing,Do Nothing,multiplicative,Do Nothing,1,0.5847373166194163,0.26561113625378796,0.9670893804003031,0.9670893804003031,0.25,0.5,0.25778915733098984,,0,0,autonomous_observation,,prototype_fault_reset,,1.0,1.0,0.0,0.0,2.634754785591222,0.0,146.07486743957568,0.0,1.0
f7269a6b-8b60-4e52-9017-1b8a22f88b1f,2026-09-06T19:06:13.080948+00:00,3,latency,300,1.0,526a06484cc5d50d7c0dc8b8487e4c04f32ee18de6a97eee8ae6965169fe5856,Do Nothing,Do Nothing,multiplicative,Do Nothing,1,0.5601431611077233,0.17975037992994952,0.8874483155408383,0.8874483155408383,0.25,0.5,0.24120695888996124,,0,0,autonomous_observation,,prototype_fault_reset,,1.0,1.0,0.0,0.0,2.634754785591222,0.0,257.5723582428265,0.0,1.0
f7269a6b-8b60-4e52-9017-1b8a22f88b1f,2026-09-06T19:06:38.422004+00:00,4,latency,300,1.0,526a06484cc5d50d7c0dc8b8487e4c04f32ee18de6a97eee8ae6965169fe5856,Do Nothing,Do Nothing,multiplicative,Do Nothing,1,0.5603013987057889,0.1802621188359571,0.8879497856458574,0.8879497856458574,0.25,0.5,0.3960728645324707,,0,0,autonomous_observation,,prototype_fault_reset,,1.0,1.0,0.0,0.0,2.634754785591222,0.0,256.87030009579973,0.0,1.0
f7269a6b-8b60-4e52-9017-1b8a22f88b1f,2026-09-06T19:07:03.746454+00:00,5,latency,300,1.0,526a06484cc5d50d7c0dc8b8487e4c04f32ee18de6a97eee8ae6965169fe5856,Do Nothing,Do Nothing,multiplicative,Do Nothing,1,0.5599526581751608,0.1791348789740581,0.8868447814099217,0.8868447814099217,0.25,0.5,0.2981293946504593,,0,0,autonomous_observation,,prototype_fault_reset,,1.0,1.0,0.0,0.0,2.634754785591222,0.0,258.41730602610954,0.0,1.0
f7269a6b-8b60-4e52-9017-1b8a22f88b1f,2026-09-06T19:07:27.050884+00:00,1,latency,500,1.0,526a06484cc5d50d7c0dc8b8487e4c04f32ee18de6a97eee8ae6965169fe5856,Do Nothing,Do Nothing,multiplicative,Do Nothing,1,0.5545348157260162,0.16188802795460427,0.8697664059628363,0.8697664059628363,0.25,0.5,0.27399323880672455,,0,0,autonomous_observation,,prototype_fault_reset,,1.0,1.0,0.0,0.0,2.634754785591222,0.0,282.3270316520292,0.0,1.0
f7269a6b-8b60-4e52-9017-1b8a22f88b1f,2026-09-06T19:07:50.377937+00:00,2,latency,500,1.0,526a06484cc5d50d7c0dc8b8487e4c04f32ee18de6a97eee8ae6965169fe5856,Do Nothing,Operator Review,multiplicative,Do Nothing,1,0.5441746353683392,0.13017427254710728,0.8375709062819511,0.8375709062819511,0.25,0.5,2.5352109223604202,0,0,1,operator_escalation,confidence 0.544 is below the autonomous threshold 0.550,prototype_fault_reset,0.0,1.0,1.0,0.0,0.0,2.634754785591222,0.0,327.40073120526847,0.0,1.0
f7269a6b-8b60-4e52-9017-1b8a22f88b1f,2026-09-06T19:08:13.667588+00:00,3,latency,500,1.0,526a06484cc5d50d7c0dc8b8487e4c04f32ee18de6a97eee8ae6965169fe5856,Do Nothing,Operator Review,multiplicative,Do Nothing,1,0.5302112932035066,0.08968520691598564,0.7951387906895757,0.7951387906895757,0.25,0.5,0.36347098648548126,0,0,1,operator_escalation,confidence 0.530 is below the autonomous threshold 0.550,prototype_fault_reset,0.0,1.0,1.0,0.0,0.0,2.634754785591222,0.0,386.80569303459396,0.0,1.0
f7269a6b-8b60-4e52-9017-1b8a22f88b1f,2026-09-06T19:08:36.975818+00:00,4,latency,500,1.0,526a06484cc5d50d7c0dc8b8487e4c04f32ee18de6a97eee8ae6965169fe5856,Do Nothing,Operator Review,multiplicative,Do Nothing,1,0.5296627881054659,0.08814157824294988,0.7934944949414745,0.7934944949414745,0.25,0.5,0.4123346880078316,0,0,1,operator_escalation,confidence 0.530 is below the autonomous threshold 0.550,prototype_fault_reset,0.0,1.0,1.0,0.0,1.0,2.634754785591222,0.0,389.1077070819357,0.0,1.0
f7269a6b-8b60-4e52-9017-1b8a22f88b1f,2026-09-06T19:09:00.288166+00:00,5,latency,500,1.0,526a06484cc5d50d7c0dc8b8487e4c04f32ee18de6a97eee8ae6965169fe5856,Do Nothing,Operator Review,multiplicative,Do Nothing,1,0.5299337286137201,0.08890365650007653,0.7943065013496229,0.7943065013496229,0.25,0.5,0.37582963705062866,0,0,1,operator_escalation,confidence 0.530 is below the autonomous threshold 0.550,prototype_fault_reset,0.0,1.0,1.0,0.0,0.0,2.634754785591222,0.0,387.970898110528,0.0,1.0
f7269a6b-8b60-4e52-9017-1b8a22f88b1f,2026-09-06T19:09:26.784029+00:00,1,latency,700,1.0,526a06484cc5d50d7c0dc8b8487e4c04f32ee18de6a97eee8ae6965169fe5856,Do Nothing,Operator Review,multiplicative,Rollback,0,0.5234505018409431,0.07088438019604454,0.7749902424008827,0.7749902424008827,0.25,0.5,0.3510713577270508,0,0,1,operator_escalation,confidence 0.523 is below the autonomous threshold 0.550,prototype_fault_reset,0.0,1.0,1.0,0.0,0.0,2.634754785591222,0.0,415.01366063876424,0.0,1.0
f7269a6b-8b60-4e52-9017-1b8a22f88b1f,2026-09-06T19:09:53.279795+00:00,2,latency,700,1.0,526a06484cc5d50d7c0dc8b8487e4c04f32ee18de6a97eee8ae6965169fe5856,Do Nothing,Operator Review,multiplicative,Rollback,0,0.5118428274207344,0.03967300280879388,0.7410000496457856,0.7410000496457856,0.25,0.5,0.2999641001224518,0,0,1,operator_escalation,confidence 0.512 is below the autonomous threshold 0.550,prototype_fault_reset,0.0,1.0,1.0,0.0,0.0,2.634754785591222,0.0,462.59993049590025,0.0,1.0
f7269a6b-8b60-4e52-9017-1b8a22f88b1f,2026-09-06T19:10:19.841593+00:00,3,latency,700,1.0,526a06484cc5d50d7c0dc8b8487e4c04f32ee18de6a97eee8ae6965169fe5856,Do Nothing,Operator Review,multiplicative,Rollback,0,0.5037591662296326,0.01865923669817582,0.7177792783560497,0.7177792783560497,0.25,0.5,0.3375587984919548,0,0,1,operator_escalation,confidence 0.504 is below the autonomous threshold 0.550; confidence margin 0.019 is below the ambiguity threshold 0.030,prototype_fault_reset,0.0,1.0,1.0,0.0,0.0,2.634754785591222,0.0,495.1090103015303,0.0,1.0
f7269a6b-8b60-4e52-9017-1b8a22f88b1f,2026-09-06T19:10:46.325650+00:00,4,latency,700,1.0,526a06484cc5d50d7c0dc8b8487e4c04f32ee18de6a97eee8ae6965169fe5856,Do Nothing,Operator Review,multiplicative,Rollback,0,0.5030675066407396,0.016886853607823105,0.7158096145339166,0.7158096145339166,0.25,0.5,0.2397540956735611,0,0,1,operator_escalation,confidence 0.503 is below the autonomous threshold 0.550; confidence margin 0.017 is below the ambiguity threshold 0.030,prototype_fault_reset,0.0,1.0,1.0,0.0,0.0,2.634754785591222,0.0,497.8665396525168,0.0,1.0
f7269a6b-8b60-4e52-9017-1b8a22f88b1f,2026-09-06T19:11:12.807091+00:00,5,latency,700,1.0,526a06484cc5d50d7c0dc8b8487e4c04f32ee18de6a97eee8ae6965169fe5856,Do Nothing,Operator Review,multiplicative,Rollback,0,0.5024818229299386,0.015389093293769696,0.7141438580218715,0.7141438580218715,0.25,0.5,0.2880282700061798,0,0,1,operator_escalation,confidence 0.502 is below the autonomous threshold 0.550; confidence margin 0.015 is below the ambiguity threshold 0.030,prototype_fault_reset,0.0,1.0,1.0,0.0,0.0,2.634754785591222,0.0,500.19859876937977,0.0,1.0
f7269a6b-8b60-4e52-9017-1b8a22f88b1f,2026-09-06T19:11:40.835796+00:00,1,latency,900,1.0,526a06484cc5d50d7c0dc8b8487e4c04f32ee18de6a97eee8ae6965169fe5856,Do Nothing,Operator Review,multiplicative,Rollback,0,0.4974622139944908,0.002665243336444356,0.6999470544944861,0.6999470544944861,0.25,0.5,0.28495676815509796,0,0,1,operator_escalation,confidence 0.497 is below the autonomous threshold 0.550; confidence margin 0.003 is below the ambiguity threshold 0.030,prototype_fault_reset,0.0,1.0,1.0,0.0,0.0,2.634754785591222,0.0,520.0741237077193,0.0,1.0
f7269a6b-8b60-4e52-9017-1b8a22f88b1f,2026-09-06T19:12:08.895095+00:00,2,latency,900,1.0,526a06484cc5d50d7c0dc8b8487e4c04f32ee18de6a97eee8ae6965169fe5856,Rollback,Operator Review,multiplicative,Rollback,1,0.5120548936488613,0.026322947807178754,0.39950517484380504,0.36613885316672545,0.94,0.5,0.2627018839120865,0,0,1,operator_escalation,confidence 0.512 is below the autonomous threshold 0.550; confidence margin 0.026 is below the ambiguity threshold 0.030,prototype_fault_reset,0.0,1.0,1.0,0.0,0.0,2.634754785591222,0.0,565.7429930417694,0.0,1.0
f7269a6b-8b60-4e52-9017-1b8a22f88b1f,2026-09-06T19:12:36.931317+00:00,3,latency,900,1.0,526a06484cc5d50d7c0dc8b8487e4c04f32ee18de6a97eee8ae6965169fe5856,Rollback,Operator Review,multiplicative,Rollback,1,0.5215517388297366,0.042575410881610765,0.41333024479761155,0.38088559445078574,0.94,0.5,0.23240875452756882,0,0,1,operator_escalation,confidence 0.522 is below the autonomous threshold 0.550,prototype_fault_reset,0.0,1.0,1.0,0.0,1.0,2.634754785591222,0.0,591.549790288875,0.0,1.0
f7269a6b-8b60-4e52-9017-1b8a22f88b1f,2026-09-06T19:13:04.973988+00:00,4,latency,900,1.0,526a06484cc5d50d7c0dc8b8487e4c04f32ee18de6a97eee8ae6965169fe5856,Rollback,Operator Review,multiplicative,Rollback,1,0.5214867363719855,0.04246341530892456,0.41323474425481205,0.38078372720513287,0.94,0.5,0.2790512517094612,0,0,1,operator_escalation,confidence 0.521 is below the autonomous threshold 0.550,prototype_fault_reset,0.0,1.0,1.0,0.0,0.0,2.634754785591222,0.0,591.3715226089824,0.0,1.0
f7269a6b-8b60-4e52-9017-1b8a22f88b1f,2026-09-06T19:13:33.031676+00:00,5,latency,900,1.0,526a06484cc5d50d7c0dc8b8487e4c04f32ee18de6a97eee8ae6965169fe5856,Rollback,Operator Review,multiplicative,Rollback,1,0.5215697078982814,0.04260637243232335,0.4133566467802949,0.38091375656564785,0.94,0.5,0.44627487659454346,0,0,1,operator_escalation,confidence 0.522 is below the autonomous threshold 0.550,prototype_fault_reset,0.0,1.0,1.0,0.0,1.0,2.634754785591222,0.0,591.5990739898838,0.0,1.0
f7269a6b-8b60-4e52-9017-1b8a22f88b1f,2026-09-06T19:14:01.619394+00:00,1,latency,1200,1.0,526a06484cc5d50d7c0dc8b8487e4c04f32ee18de6a97eee8ae6965169fe5856,Rollback,Operator Review,multiplicative,Rollback,1,0.5389265721012849,0.07289912135766519,0.43928828581838925,0.40857417153961517,0.94,0.5,0.2799956128001213,0,0,1,operator_escalation,confidence 0.539 is below the autonomous threshold 0.550,prototype_fault_reset,0.0,1.0,1.0,0.0,0.0,2.634754785591222,0.0,640.0048001943265,0.0,1.0
f7269a6b-8b60-4e52-9017-1b8a22f88b1f,2026-09-06T19:14:30.213882+00:00,2,latency,1200,1.0,526a06484cc5d50d7c0dc8b8487e4c04f32ee18de6a97eee8ae6965169fe5856,Rollback,Rollback,multiplicative,Rollback,1,0.5572782848974883,0.10581700660312293,0.46763824526508463,0.4388141282827569,0.94,0.5,0.2836398780345917,1,1,0,autonomous,,prototype_fault_reset,1044.2976905032992,1.0,1.0,0.0,0.0,2.634953275480147,0.0,692.9247244948245,0.0,1.0
f7269a6b-8b60-4e52-9017-1b8a22f88b1f,2026-09-06T19:14:58.835504+00:00,3,latency,1200,1.0,526a06484cc5d50d7c0dc8b8487e4c04f32ee18de6a97eee8ae6965169fe5856,Do Nothing,Operator Review,multiplicative,Rollback,0,0.518797284859233,0.023872184844350774,0.7612729221056799,0.7612729221056799,0.25,0.5,1.485147513449192,0,0,1,operator_escalation,confidence 0.519 is below the autonomous threshold 0.550; confidence margin 0.024 is below the ambiguity threshold 0.030,prototype_fault_reset,0.0,1.0,1.0,0.0,1.0,2.634953275480147,0.0,434.2179090520482,0.0,1.0
f7269a6b-8b60-4e52-9017-1b8a22f88b1f,2026-09-06T19:15:27.464225+00:00,4,latency,1200,1.0,526a06484cc5d50d7c0dc8b8487e4c04f32ee18de6a97eee8ae6965169fe5856,Do Nothing,Operator Review,multiplicative,Rollback,0,0.5184159834324611,0.022795377597398303,0.7601543049191698,0.7601543049191698,0.25,0.5,0.41793007403612137,0,0,1,operator_escalation,confidence 0.518 is below the autonomous threshold 0.550; confidence margin 0.023 is below the ambiguity threshold 0.030,prototype_fault_reset,0.0,1.0,1.0,0.0,0.0,2.634953275480147,0.0,435.7839731131623,0.0,1.0
f7269a6b-8b60-4e52-9017-1b8a22f88b1f,2026-09-06T19:15:56.078107+00:00,5,latency,1200,1.0,526a06484cc5d50d7c0dc8b8487e4c04f32ee18de6a97eee8ae6965169fe5856,Rollback,Rollback,multiplicative,Rollback,1,0.6052169348875952,0.15867996719631272,0.4770187710963529,0.4488200225027764,0.94,0.6666666666666666,0.31361356377601624,1,1,0,autonomous,,prototype_fault_reset,1040.1069382205606,1.0,1.0,0.0,1.0,2.634953275480147,0.0,710.4350393798587,0.0,1.0
f7269a6b-8b60-4e52-9017-1b8a22f88b1f,2026-09-06T19:16:19.121030+00:00,1,errors,0.1,1.0,526a06484cc5d50d7c0dc8b8487e4c04f32ee18de6a97eee8ae6965169fe5856,Rollback,Operator Review,multiplicative,Do Nothing,0,0.5046038249382199,0.009551788619764356,0.3216502706258944,0.2829002706258944,0.95,0.75,1.5684422105550766,0,0,1,operator_escalation,confidence 0.505 is below the autonomous threshold 0.550; confidence margin 0.010 is below the ambiguity threshold 0.030,prototype_fault_reset,0.0,0.8875,0.9333333333333333,0.04583333333333339,0.0,2.634953275480147,0.0,155.10514189199304,9.0,1.0
f7269a6b-8b60-4e52-9017-1b8a22f88b1f,2026-09-06T19:16:42.162303+00:00,2,errors,0.1,1.0,526a06484cc5d50d7c0dc8b8487e4c04f32ee18de6a97eee8ae6965169fe5856,Rollback,Operator Review,multiplicative,Do Nothing,0,0.5182567594272647,0.031254886214616306,0.33749999999999997,0.30000000000000004,0.95,0.75,0.3093229606747627,0,0,1,operator_escalation,confidence 0.518 is below the autonomous threshold 0.550,prototype_fault_reset,0.0,0.875,0.9,0.025000000000000022,1.0,2.634953275480147,0.0,42.12953327223659,10.0,1.0
f7269a6b-8b60-4e52-9017-1b8a22f88b1f,2026-09-06T19:17:05.224001+00:00,3,errors,0.1,1.0,526a06484cc5d50d7c0dc8b8487e4c04f32ee18de6a97eee8ae6965169fe5856,Rollback,Operator Review,multiplicative,Do Nothing,0,0.5338539126015656,0.05503752779188975,0.35625,0.32000000000000006,0.95,0.75,0.5690352991223335,0,0,1,operator_escalation,confidence 0.534 is below the autonomous threshold 0.550,prototype_fault_reset,0.0,0.8625,0.8333333333333334,-0.029166666666666674,1.0,2.635151765369072,0.0,3.7749060017021394,11.0,1.0
f7269a6b-8b60-4e52-9017-1b8a22f88b1f,2026-09-06T19:17:28.266778+00:00,4,errors,0.1,1.0,526a06484cc5d50d7c0dc8b8487e4c04f32ee18de6a97eee8ae6965169fe5856,Do Nothing,Operator Review,multiplicative,Do Nothing,1,0.5029733718731741,0.01743912521025781,0.8,0.8,0.2,0.5,0.34441519528627396,0,0,1,operator_escalation,confidence 0.503 is below the autonomous threshold 0.550; confidence margin 0.017 is below the ambiguity threshold 0.030,prototype_fault_reset,0.0,0.9125,0.8333333333333334,-0.07916666666666661,0.0,2.635151765369072,0.0,3.9150810277342427,8.0,1.0
f7269a6b-8b60-4e52-9017-1b8a22f88b1f,2026-09-06T19:17:51.303603+00:00,5,errors,0.1,1.0,526a06484cc5d50d7c0dc8b8487e4c04f32ee18de6a97eee8ae6965169fe5856,Do Nothing,Operator Review,multiplicative,Do Nothing,1,0.5184530847765421,0.06806777746237375,0.85,0.85,0.2,0.5,0.4175705835223198,0,0,1,operator_escalation,confidence 0.518 is below the autonomous threshold 0.550,prototype_fault_reset,0.0,0.925,1.0,0.07499999999999996,0.0,2.635151765369072,0.0,4.063106716693014,6.0,1.0
f7269a6b-8b60-4e52-9017-1b8a22f88b1f,2026-09-06T19:18:15.391586+00:00,1,errors,0.2,1.0,526a06484cc5d50d7c0dc8b8487e4c04f32ee18de6a97eee8ae6965169fe5856,Rollback,Rollback,multiplicative,Rollback,1,0.5780935243430939,0.1247194537226573,0.41250000000000003,0.38,0.95,0.75,0.25448668748140335,1,1,0,autonomous,,prototype_fault_reset,1040.88250733912,0.825,1.0,0.17500000000000004,0.0,2.635151765369072,0.0,3.965141996166404,14.000000000000002,1.0
f7269a6b-8b60-4e52-9017-1b8a22f88b1f,2026-09-06T19:18:39.476599+00:00,2,errors,0.2,1.0,526a06484cc5d50d7c0dc8b8487e4c04f32ee18de6a97eee8ae6965169fe5856,Rollback,Rollback,multiplicative,Rollback,1,0.5729070478869923,0.11089650465083895,0.39375,0.36,0.95,0.8,0.5753766745328903,1,1,0,autonomous,,prototype_fault_reset,1043.870379216969,0.8375,1.0,0.16249999999999998,0.0,2.635151765369072,0.0,3.82453219842481,13.0,1.0
f7269a6b-8b60-4e52-9017-1b8a22f88b1f,2026-09-06T19:19:02.538442+00:00,3,errors,0.2,1.0,526a06484cc5d50d7c0dc8b8487e4c04f32ee18de6a97eee8ae6965169fe5856,Rollback,Operator Review,multiplicative,Rollback,1,0.5320890821306646,0.045087208918016264,0.33749999999999997,0.30000000000000004,0.95,0.8333333333333334,0.2937447279691696,0,0,1,operator_escalation,confidence 0.532 is below the autonomous threshold 0.550,prototype_fault_reset,0.0,0.875,0.8,-0.07499999999999996,0.0,2.635151765369072,0.0,3.7906207411199997,10.0,1.0
f7269a6b-8b60-4e52-9017-1b8a22f88b1f,2026-09-06T19:19:26.625390+00:00,4,errors,0.2,1.0,526a06484cc5d50d7c0dc8b8487e4c04f32ee18de6a97eee8ae6965169fe5856,Rollback,Rollback,multiplicative,Rollback,1,0.6079010096038352,0.1633311570941045,0.43124999999999997,0.4,0.95,0.8333333333333334,0.32819248735904694,1,1,0,autonomous,,prototype_fault_reset,1043.4697018936276,0.825,1.0,0.17500000000000004,0.0,2.635151765369072,0.0,3.8161718307536137,15.0,1.0
f7269a6b-8b60-4e52-9017-1b8a22f88b1f,2026-09-06T19:19:49.670957+00:00,5,errors,0.2,1.0,526a06484cc5d50d7c0dc8b8487e4c04f32ee18de6a97eee8ae6965169fe5856,Rollback,Operator Review,multiplicative,Rollback,1,0.5192138396982225,0.024161803379767033,0.31875000000000003,0.28,0.95,0.8571428571428571,0.4844348877668381,0,0,1,operator_escalation,confidence 0.519 is below the autonomous threshold 0.550; confidence margin 0.024 is below the ambiguity threshold 0.030,prototype_fault_reset,0.0,0.8875,0.8333333333333334,-0.054166666666666585,0.0,2.635151765369072,0.0,4.094886078448349,9.0,1.0
f7269a6b-8b60-4e52-9017-1b8a22f88b1f,2026-09-06T19:20:13.788483+00:00,1,errors,0.3,1.0,526a06484cc5d50d7c0dc8b8487e4c04f32ee18de6a97eee8ae6965169fe5856,Rollback,Rollback,multiplicative,Rollback,1,0.7052178162729441,0.2306321574884882,0.5625000000000001,0.54,0.95,0.8571428571428571,0.3968412056565285,1,1,0,autonomous,,prototype_fault_reset,1056.7818572744727,0.7375,1.0,0.26249999999999996,1.0,2.635151765369072,0.0,4.367060054292126,22.0,1.0
f7269a6b-8b60-4e52-9017-1b8a22f88b1f,2026-09-06T19:20:37.894403+00:00,2,errors,0.3,1.0,526a06484cc5d50d7c0dc8b8487e4c04f32ee18de6a97eee8ae6965169fe5856,Rollback,Rollback,multiplicative,Rollback,1,0.7570958824446529,0.2411668776554643,0.6375000000000001,0.62,0.95,0.875,0.8185934275388718,1,1,0,autonomous,,prototype_fault_reset,1050.6538059562445,0.675,1.0,0.32499999999999996,0.0,2.635151765369072,0.0,4.396458579735322,26.0,1.0
f7269a6b-8b60-4e52-9017-1b8a22f88b1f,2026-09-06T19:21:01.990533+00:00,3,errors,0.3,1.0,526a06484cc5d50d7c0dc8b8487e4c04f32ee18de6a97eee8ae6965169fe5856,Rollback,Rollback,multiplicative,Rollback,1,0.8590782017141749,0.2604774027544198,0.80625,0.8,0.95,0.8888888888888888,0.5639251321554184,1,1,0,autonomous,,prototype_fault_reset,1043.3745449408889,0.5625,1.0,0.4375,0.0,2.635151765369072,0.0,4.147872628323781,35.0,1.0
f7269a6b-8b60-4e52-9017-1b8a22f88b1f,2026-09-06T19:21:26.109576+00:00,4,errors,0.3,1.0,526a06484cc5d50d7c0dc8b8487e4c04f32ee18de6a97eee8ae6965169fe5856,Rollback,Rollback,multiplicative,Rollback,1,0.7969287705089261,0.2520470119347127,0.69375,0.6799999999999999,0.95,0.9,0.5485741421580315,1,1,0,autonomous,,prototype_fault_reset,1059.829879552126,0.6375,1.0,0.36250000000000004,0.0,2.635151765369072,0.0,3.7543094629459333,28.999999999999996,1.0
f7269a6b-8b60-4e52-9017-1b8a22f88b1f,2026-09-06T19:21:50.198298+00:00,5,errors,0.3,1.0,526a06484cc5d50d7c0dc8b8487e4c04f32ee18de6a97eee8ae6965169fe5856,Rollback,Rollback,multiplicative,Rollback,1,0.6633852988277589,0.2341064185354838,0.4875,0.4600000000000001,0.95,0.9090909090909091,0.3054449334740639,1,1,0,autonomous,,prototype_fault_reset,1043.856555595994,0.775,1.0,0.22499999999999998,0.0,2.635151765369072,0.0,4.327395980890166,18.0,1.0
f7269a6b-8b60-4e52-9017-1b8a22f88b1f,2026-09-06T19:22:14.320824+00:00,1,errors,0.35,1.0,526a06484cc5d50d7c0dc8b8487e4c04f32ee18de6a97eee8ae6965169fe5856,Rollback,Rollback,multiplicative,Rollback,1,0.8337906234566176,0.26141878306691746,0.7500000000000001,0.7400000000000001,0.95,0.9166666666666666,0.3212839365005493,1,1,0,autonomous,,prototype_fault_reset,1060.1927787065506,0.6,1.0,0.4,0.0,2.635151765369072,0.0,4.282286472837715,32.0,1.0
f7269a6b-8b60-4e52-9017-1b8a22f88b1f,2026-09-06T19:22:38.408328+00:00,2,errors,0.35,1.0,526a06484cc5d50d7c0dc8b8487e4c04f32ee18de6a97eee8ae6965169fe5856,Rollback,Rollback,multiplicative,Rollback,1,0.743250458426888,0.24756190423855573,0.6,0.58,0.95,0.9230769230769231,0.32398756593465805,1,1,0,autonomous,,prototype_fault_reset,1044.9390020221472,0.7,1.0,0.30000000000000004,0.0,2.635151765369072,0.0,3.956458689584062,24.0,1.0
f7269a6b-8b60-4e52-9017-1b8a22f88b1f,2026-09-06T19:23:02.524835+00:00,3,errors,0.35,1.0,526a06484cc5d50d7c0dc8b8487e4c04f32ee18de6a97eee8ae6965169fe5856,Rollback,Rollback,multiplicative,Rollback,1,0.7320192108982434,0.24676737407678678,0.58125,0.5599999999999999,0.95,0.9285714285714286,0.43560564517974854,1,1,0,autonomous,,prototype_fault_reset,1054.0820695459843,0.7125,1.0,0.2875,0.0,2.635151765369072,0.0,3.6762236477502817,23.0,1.0
f7269a6b-8b60-4e52-9017-1b8a22f88b1f,2026-09-06T19:23:26.609608+00:00,4,errors,0.35,1.0,526a06484cc5d50d7c0dc8b8487e4c04f32ee18de6a97eee8ae6965169fe5856,Rollback,Rollback,multiplicative,Rollback,1,0.7811823424116129,0.2554252353769251,0.6562500000000001,0.64,0.95,0.9333333333333333,0.3040153533220291,1,1,0,autonomous,,prototype_fault_reset,1042.9890267550945,0.6625,1.0,0.3375,0.0,2.635747235035847,0.0,3.4258312064837786,27.0,1.0
f7269a6b-8b60-4e52-9017-1b8a22f88b1f,2026-09-06T19:23:50.684681+00:00,5,errors,0.35,1.0,526a06484cc5d50d7c0dc8b8487e4c04f32ee18de6a97eee8ae6965169fe5856,Rollback,Rollback,multiplicative,Rollback,1,0.7337725628843684,0.2485207260629118,0.58125,0.5599999999999999,0.95,0.9375,0.3002295270562172,1,1,0,autonomous,,prototype_fault_reset,1040.9192321822047,0.7125,1.0,0.2875,0.0,2.635945724924772,0.0,3.1874631379359695,23.0,1.0
f7269a6b-8b60-4e52-9017-1b8a22f88b1f,2026-09-06T19:24:14.768043+00:00,1,errors,0.4,1.0,526a06484cc5d50d7c0dc8b8487e4c04f32ee18de6a97eee8ae6965169fe5856,Rollback,Rollback,multiplicative,Rollback,1,0.8283202153015371,0.2649626680401459,0.7312500000000001,0.7200000000000001,0.95,0.9411764705882353,0.42359624058008194,1,1,0,autonomous,,prototype_fault_reset,1038.1564376875758,0.6125,1.0,0.38749999999999996,0.0,2.635945724924772,0.0,3.0591377282356906,31.0,1.0
f7269a6b-8b60-4e52-9017-1b8a22f88b1f,2026-09-06T19:24:38.837165+00:00,2,errors,0.4,1.0,526a06484cc5d50d7c0dc8b8487e4c04f32ee18de6a97eee8ae6965169fe5856,Rollback,Rollback,multiplicative,Rollback,1,0.8616111226280617,0.2716237338640852,0.7875,0.78,0.95,0.9444444444444444,0.26230141520500183,1,1,0,autonomous,,prototype_fault_reset,1035.6758693233132,0.575,1.0,0.42500000000000004,0.0,2.635945724924772,0.0,2.9486516898412725,34.0,1.0
f7269a6b-8b60-4e52-9017-1b8a22f88b1f,2026-09-06T19:25:02.919194+00:00,3,errors,0.4,1.0,526a06484cc5d50d7c0dc8b8487e4c04f32ee18de6a97eee8ae6965169fe5856,Rollback,Rollback,multiplicative,Rollback,1,0.8296792358104583,0.2663216885490671,0.7312500000000001,0.7200000000000001,0.95,0.9473684210526315,0.27148425579071045,1,1,0,autonomous,,prototype_fault_reset,1037.0717803016305,0.6125,1.0,0.38749999999999996,0.0,2.635945724924772,0.0,2.770711515658821,31.0,1.0
f7269a6b-8b60-4e52-9017-1b8a22f88b1f,2026-09-06T19:25:26.995897+00:00,4,errors,0.4,1.0,526a06484cc5d50d7c0dc8b8487e4c04f32ee18de6a97eee8ae6965169fe5856,Rollback,Rollback,multiplicative,Rollback,1,0.7728225260316864,0.25689352124249787,0.6375000000000001,0.62,0.95,0.95,0.44711679220199585,1,1,0,autonomous,,prototype_fault_reset,1038.096965290606,0.675,1.0,0.32499999999999996,0.0,2.635945724924772,0.0,2.9744271286367594,26.0,1.0
f7269a6b-8b60-4e52-9017-1b8a22f88b1f,2026-09-06T19:25:51.069123+00:00,5,errors,0.4,1.0,526a06484cc5d50d7c0dc8b8487e4c04f32ee18de6a97eee8ae6965169fe5856,Rollback,Rollback,multiplicative,Rollback,1,0.8196044424765034,0.26540779105965384,0.7125,0.7000000000000001,0.95,0.9523809523809523,0.2960115671157837,1,1,0,autonomous,,prototype_fault_reset,1037.4264055863023,0.625,1.0,0.375,0.0,2.635945724924772,0.0,3.1584072097210716,30.0,1.0
f7269a6b-8b60-4e52-9017-1b8a22f88b1f,2026-09-06T19:26:14.121697+00:00,1,dependency,1.0,1.0,526a06484cc5d50d7c0dc8b8487e4c04f32ee18de6a97eee8ae6965169fe5856,Restart Dependency,Operator Review,multiplicative,Restart Dependency,1,0.8064641973828496,0.006513029978834739,0.9,1.0,0.94,0.5,0.5007768049836159,0,0,1,operator_escalation,confidence margin 0.007 is below the ambiguity threshold 0.030,prototype_fault_reset,0.0,0.0,0.0,0.0,0.0,2.635945724924772,0.0,2.608153493619048,60.0,0.0
f7269a6b-8b60-4e52-9017-1b8a22f88b1f,2026-09-06T19:26:37.164506+00:00,2,dependency,1.0,1.0,526a06484cc5d50d7c0dc8b8487e4c04f32ee18de6a97eee8ae6965169fe5856,Restart Dependency,Operator Review,multiplicative,Restart Dependency,1,0.8064641973828496,0.006513029978834739,0.9,1.0,0.94,0.5,1.3294629752635956,0,0,1,operator_escalation,confidence margin 0.007 is below the ambiguity threshold 0.030,prototype_fault_reset,0.0,0.0,0.0,0.0,0.0,2.635945724924772,0.0,1.5620468604497444,88.0,0.0
f7269a6b-8b60-4e52-9017-1b8a22f88b1f,2026-09-06T19:27:00.199532+00:00,3,dependency,1.0,1.0,526a06484cc5d50d7c0dc8b8487e4c04f32ee18de6a97eee8ae6965169fe5856,Restart Dependency,Operator Review,multiplicative,Restart Dependency,1,0.8064641973828496,0.006513029978834739,0.9,1.0,0.94,0.5,0.48168376088142395,0,0,1,operator_escalation,confidence margin 0.007 is below the ambiguity threshold 0.030,prototype_fault_reset,0.0,0.0,0.0,0.0,0.0,2.635945724924772,0.0,0.5017054289227395,88.0,0.0
f7269a6b-8b60-4e52-9017-1b8a22f88b1f,2026-09-06T19:27:23.252763+00:00,4,dependency,1.0,1.0,526a06484cc5d50d7c0dc8b8487e4c04f32ee18de6a97eee8ae6965169fe5856,Restart Dependency,Operator Review,multiplicative,Restart Dependency,1,0.8064641973828496,0.006513029978834739,0.9,1.0,0.94,0.5,0.45100878924131393,0,0,1,operator_escalation,confidence margin 0.007 is below the ambiguity threshold 0.030,prototype_fault_reset,0.0,0.0,0.0,0.0,0.0,2.635945724924772,0.0,0.5012642509574372,88.0,0.0
f7269a6b-8b60-4e52-9017-1b8a22f88b1f,2026-09-06T19:27:46.286649+00:00,5,dependency,1.0,1.0,526a06484cc5d50d7c0dc8b8487e4c04f32ee18de6a97eee8ae6965169fe5856,Restart Dependency,Operator Review,multiplicative,Restart Dependency,1,0.8064641973828496,0.006513029978834739,0.9,1.0,0.94,0.5,0.34139957278966904,0,0,1,operator_escalation,confidence margin 0.007 is below the ambiguity threshold 0.030,prototype_fault_reset,0.0,0.0,0.0,0.0,0.0,2.635945724924772,0.0,0.47630622000323497,88.0,0.0
