timestamp,scenario,severity,reference_policy_version,reference_policy_sha256,expected_decision,cpu,memory,allocated_memory_mb,latency_ms,error_rate,dependency_available,selected_decision,executed_decision,aggregation_mode,ce,ch,cc,cr,confidence,confidence_margin,correct,decision_latency_ms,recovery_success,recovery_attempted,operator_escalation,safety_status,safety_reason,action_execution_mode,recovery_verification_latency_ms,verification_attempts,pre_availability,post_availability,availability_gain,explanation
2026-09-05T09:21:31.389065+00:00,CPU Resource Exhaustion,0.6,1.0,526a06484cc5d50d7c0dc8b8487e4c04f32ee18de6a97eee8ae6965169fe5856,Do Nothing,59.8,2.1463,0.0,6.9369,0.0,1.0,Do Nothing,Do Nothing,multiplicative,0.804,0.804,0.45,0.5,0.617552,0.304698,1,0.233963,,0,0,autonomous_observation,,prototype_fault_reset,,0,1.0,1.0,0.0,Do Nothing was selected with confidence 0.618. CPU usage was 59.80% and latency was 6.94 ms. The confidence margin over Scale Out was 0.305.
2026-09-05T09:21:53.444863+00:00,CPU Resource Exhaustion,0.6,1.0,526a06484cc5d50d7c0dc8b8487e4c04f32ee18de6a97eee8ae6965169fe5856,Do Nothing,58.8,2.1475,0.0,7.4886,0.0,1.0,Do Nothing,Do Nothing,multiplicative,0.824,0.824,0.45,0.5,0.625186,0.328724,1,0.226134,,0,0,autonomous_observation,,prototype_fault_reset,,0,1.0,1.0,0.0,Do Nothing was selected with confidence 0.625. CPU usage was 58.80% and latency was 7.49 ms. The confidence margin over Scale Out was 0.329.
2026-09-05T09:22:15.510423+00:00,CPU Resource Exhaustion,0.6,1.0,526a06484cc5d50d7c0dc8b8487e4c04f32ee18de6a97eee8ae6965169fe5856,Do Nothing,55.9,2.1481,0.0,7.6754,0.0,1.0,Do Nothing,Do Nothing,multiplicative,0.882,0.882,0.45,0.5,0.646815,0.404068,1,0.407385,,0,0,autonomous_observation,,prototype_fault_reset,,0,1.0,1.0,0.0,Do Nothing was selected with confidence 0.647. CPU usage was 55.90% and latency was 7.68 ms. The confidence margin over Scale Out was 0.404.
2026-09-05T09:22:37.572565+00:00,CPU Resource Exhaustion,0.6,1.0,526a06484cc5d50d7c0dc8b8487e4c04f32ee18de6a97eee8ae6965169fe5856,Do Nothing,58.8,2.1485,0.0,7.6669,0.0,1.0,Do Nothing,Do Nothing,multiplicative,0.824,0.824,0.45,0.5,0.625186,0.328724,1,0.279147,,0,0,autonomous_observation,,prototype_fault_reset,,0,1.0,1.0,0.0,Do Nothing was selected with confidence 0.625. CPU usage was 58.80% and latency was 7.67 ms. The confidence margin over Scale Out was 0.329.
2026-09-05T09:22:59.633393+00:00,CPU Resource Exhaustion,0.6,1.0,526a06484cc5d50d7c0dc8b8487e4c04f32ee18de6a97eee8ae6965169fe5856,Do Nothing,58.8,2.1489,0.0,7.7239,0.0,1.0,Do Nothing,Do Nothing,multiplicative,0.824,0.824,0.45,0.5,0.625186,0.328724,1,0.213561,,0,0,autonomous_observation,,prototype_fault_reset,,0,1.0,1.0,0.0,Do Nothing was selected with confidence 0.625. CPU usage was 58.80% and latency was 7.72 ms. The confidence margin over Scale Out was 0.329.
2026-09-05T09:23:21.704948+00:00,CPU Resource Exhaustion,0.6,1.0,526a06484cc5d50d7c0dc8b8487e4c04f32ee18de6a97eee8ae6965169fe5856,Do Nothing,58.9,2.1492,0.0,7.4933,0.0,1.0,Do Nothing,Do Nothing,multiplicative,0.822,0.822,0.45,0.5,0.624427,0.326285,1,0.210974,,0,0,autonomous_observation,,prototype_fault_reset,,0,1.0,1.0,0.0,Do Nothing was selected with confidence 0.624. CPU usage was 58.90% and latency was 7.49 ms. The confidence margin over Scale Out was 0.326.
2026-09-05T09:23:43.782709+00:00,CPU Resource Exhaustion,0.7,1.0,526a06484cc5d50d7c0dc8b8487e4c04f32ee18de6a97eee8ae6965169fe5856,Do Nothing,64.9,2.1504,0.0,7.9105,0.0,1.0,Do Nothing,Do Nothing,multiplicative,0.702,0.702,0.45,0.5,0.577051,0.191287,1,1.479622,,0,0,autonomous_observation,,prototype_fault_reset,,0,1.0,1.0,0.0,Do Nothing was selected with confidence 0.577. CPU usage was 64.90% and latency was 7.91 ms. The confidence margin over Scale Out was 0.191.
2026-09-05T09:24:05.858665+00:00,CPU Resource Exhaustion,0.7,1.0,526a06484cc5d50d7c0dc8b8487e4c04f32ee18de6a97eee8ae6965169fe5856,Do Nothing,69.8,2.1508,0.0,8.5928,0.0,1.0,Do Nothing,Operator Review,multiplicative,0.604,0.604,0.45,0.5,0.535259,0.090566,1,0.232019,0,0,1,operator_escalation,confidence 0.535 is below the autonomous threshold 0.550,prototype_fault_reset,0.0,0,1.0,1.0,0.0,Do Nothing was selected with confidence 0.535. CPU usage was 69.80% and latency was 8.59 ms. The confidence margin over Scale Out was 0.091.
2026-09-05T09:24:27.949963+00:00,CPU Resource Exhaustion,0.7,1.0,526a06484cc5d50d7c0dc8b8487e4c04f32ee18de6a97eee8ae6965169fe5856,Do Nothing,68.8,2.151,0.0,9.4394,0.0,1.0,Do Nothing,Operator Review,multiplicative,0.624,0.624,0.45,0.5,0.544049,0.11073,1,0.529694,0,0,1,operator_escalation,confidence 0.544 is below the autonomous threshold 0.550,prototype_fault_reset,0.0,0,1.0,1.0,0.0,Do Nothing was selected with confidence 0.544. CPU usage was 68.80% and latency was 9.44 ms. The confidence margin over Scale Out was 0.111.
2026-09-05T09:24:50.025787+00:00,CPU Resource Exhaustion,0.7,1.0,526a06484cc5d50d7c0dc8b8487e4c04f32ee18de6a97eee8ae6965169fe5856,Do Nothing,66.7,2.1514,0.0,9.4505,0.0,1.0,Do Nothing,Do Nothing,multiplicative,0.666,0.666,0.45,0.5,0.56206,0.153659,1,0.410682,,0,0,autonomous_observation,,prototype_fault_reset,,0,1.0,1.0,0.0,Do Nothing was selected with confidence 0.562. CPU usage was 66.70% and latency was 9.45 ms. The confidence margin over Scale Out was 0.154.
2026-09-05T09:25:12.118836+00:00,CPU Resource Exhaustion,0.7,1.0,526a06484cc5d50d7c0dc8b8487e4c04f32ee18de6a97eee8ae6965169fe5856,Do Nothing,68.6,2.1516,0.0,10.0319,0.0,1.0,Do Nothing,Operator Review,multiplicative,0.628,0.628,0.45,0.5,0.54579,0.114782,1,0.246343,0,0,1,operator_escalation,confidence 0.546 is below the autonomous threshold 0.550,prototype_fault_reset,0.0,0,1.0,1.0,0.0,Do Nothing was selected with confidence 0.546. CPU usage was 68.60% and latency was 10.03 ms. The confidence margin over Scale Out was 0.115.
2026-09-05T09:25:34.200957+00:00,CPU Resource Exhaustion,0.7,1.0,526a06484cc5d50d7c0dc8b8487e4c04f32ee18de6a97eee8ae6965169fe5856,Do Nothing,66.8,2.1522,0.0,10.664,0.0,1.0,Do Nothing,Do Nothing,multiplicative,0.664,0.664,0.45,0.5,0.561216,0.151594,1,0.23892,,0,0,autonomous_observation,,prototype_fault_reset,,0,1.0,1.0,0.0,Do Nothing was selected with confidence 0.561. CPU usage was 66.80% and latency was 10.66 ms. The confidence margin over Scale Out was 0.152.
2026-09-05T09:25:56.281444+00:00,CPU Resource Exhaustion,0.8,1.0,526a06484cc5d50d7c0dc8b8487e4c04f32ee18de6a97eee8ae6965169fe5856,Scale Out,77.8,2.1524,0.0,11.4411,0.0,1.0,Scale Out,Operator Review,multiplicative,0.417,0.3892,0.95,0.5,0.526927,0.068007,1,0.25399,0,0,1,operator_escalation,confidence 0.527 is below the autonomous threshold 0.550,prototype_fault_reset,0.0,0,1.0,1.0,0.0,Scale Out was selected with confidence 0.527. CPU usage was 77.80% and latency was 11.44 ms. The confidence margin over Do Nothing was 0.068.
2026-09-05T09:26:18.362162+00:00,CPU Resource Exhaustion,0.8,1.0,526a06484cc5d50d7c0dc8b8487e4c04f32ee18de6a97eee8ae6965169fe5856,Scale Out,77.7,2.153,0.0,11.5218,0.0,1.0,Scale Out,Operator Review,multiplicative,0.4155,0.3878,0.95,0.5,0.525979,0.066026,1,0.266749,0,0,1,operator_escalation,confidence 0.526 is below the autonomous threshold 0.550,prototype_fault_reset,0.0,0,1.0,1.0,0.0,Scale Out was selected with confidence 0.526. CPU usage was 77.70% and latency was 11.52 ms. The confidence margin over Do Nothing was 0.066.
2026-09-05T09:26:40.433852+00:00,CPU Resource Exhaustion,0.8,1.0,526a06484cc5d50d7c0dc8b8487e4c04f32ee18de6a97eee8ae6965169fe5856,Scale Out,77.9,2.1544,0.0,11.736,0.0,1.0,Scale Out,Operator Review,multiplicative,0.4185,0.3906,0.95,0.5,0.527874,0.069989,1,0.928077,0,0,1,operator_escalation,confidence 0.528 is below the autonomous threshold 0.550,prototype_fault_reset,0.0,0,1.0,1.0,0.0,Scale Out was selected with confidence 0.528. CPU usage was 77.90% and latency was 11.74 ms. The confidence margin over Do Nothing was 0.070.
2026-09-05T09:27:02.498147+00:00,CPU Resource Exhaustion,0.8,1.0,526a06484cc5d50d7c0dc8b8487e4c04f32ee18de6a97eee8ae6965169fe5856,Scale Out,78.8,2.1548,0.0,11.9658,0.0,1.0,Scale Out,Operator Review,multiplicative,0.432,0.4032,0.95,0.5,0.536321,0.087856,1,1.213882,0,0,1,operator_escalation,confidence 0.536 is below the autonomous threshold 0.550,prototype_fault_reset,0.0,0,1.0,1.0,0.0,Scale Out was selected with confidence 0.536. CPU usage was 78.80% and latency was 11.97 ms. The confidence margin over Do Nothing was 0.088.
2026-09-05T09:27:24.584824+00:00,CPU Resource Exhaustion,0.8,1.0,526a06484cc5d50d7c0dc8b8487e4c04f32ee18de6a97eee8ae6965169fe5856,Scale Out,78.8,2.1552,0.0,11.8052,0.0,1.0,Scale Out,Operator Review,multiplicative,0.432,0.4032,0.95,0.5,0.536321,0.087856,1,0.21227,0,0,1,operator_escalation,confidence 0.536 is below the autonomous threshold 0.550,prototype_fault_reset,0.0,0,1.0,1.0,0.0,Scale Out was selected with confidence 0.536. CPU usage was 78.80% and latency was 11.81 ms. The confidence margin over Do Nothing was 0.088.
2026-09-05T09:27:46.656747+00:00,CPU Resource Exhaustion,0.8,1.0,526a06484cc5d50d7c0dc8b8487e4c04f32ee18de6a97eee8ae6965169fe5856,Scale Out,77.7,2.1552,0.0,12.2015,0.0,1.0,Scale Out,Operator Review,multiplicative,0.4155,0.3878,0.95,0.5,0.525979,0.066026,1,0.28025,0,0,1,operator_escalation,confidence 0.526 is below the autonomous threshold 0.550,prototype_fault_reset,0.0,0,1.0,1.0,0.0,Scale Out was selected with confidence 0.526. CPU usage was 77.70% and latency was 12.20 ms. The confidence margin over Do Nothing was 0.066.
2026-09-05T09:28:09.812972+00:00,CPU Resource Exhaustion,0.9,1.0,526a06484cc5d50d7c0dc8b8487e4c04f32ee18de6a97eee8ae6965169fe5856,Scale Out,89.7,2.1554,0.0,12.8402,0.0,1.0,Scale Out,Scale Out,multiplicative,0.5955,0.5558,0.95,0.5,0.629685,0.129859,1,0.39403,1,1,0,autonomous,,prototype_fault_reset,1058.5748,3,1.0,1.0,0.0,Scale Out was selected with confidence 0.630. CPU usage was 89.70% and latency was 12.84 ms. The confidence margin over Restart Service was 0.130.
2026-09-05T09:28:32.942094+00:00,CPU Resource Exhaustion,0.9,1.0,526a06484cc5d50d7c0dc8b8487e4c04f32ee18de6a97eee8ae6965169fe5856,Scale Out,88.7,2.1554,0.0,13.4081,0.0,1.0,Scale Out,Scale Out,multiplicative,0.5805,0.5418,0.95,0.666667,0.668064,0.174573,1,0.252519,1,1,0,autonomous,,prototype_fault_reset,1074.9228,3,1.0,1.0,0.0,Scale Out was selected with confidence 0.668. CPU usage was 88.70% and latency was 13.41 ms. The confidence margin over Restart Service was 0.175.
2026-09-05T09:28:56.094154+00:00,CPU Resource Exhaustion,0.9,1.0,526a06484cc5d50d7c0dc8b8487e4c04f32ee18de6a97eee8ae6965169fe5856,Scale Out,87.8,2.1554,0.0,13.4173,0.0,1.0,Scale Out,Scale Out,multiplicative,0.567,0.5292,0.95,0.75,0.679981,0.192262,1,0.23152,1,1,0,autonomous,,prototype_fault_reset,1094.6017,3,1.0,1.0,0.0,Scale Out was selected with confidence 0.680. CPU usage was 87.80% and latency was 13.42 ms. The confidence margin over Restart Service was 0.192.
2026-09-05T09:29:19.264067+00:00,CPU Resource Exhaustion,0.9,1.0,526a06484cc5d50d7c0dc8b8487e4c04f32ee18de6a97eee8ae6965169fe5856,Scale Out,87.8,2.1554,0.0,13.4331,0.0,1.0,Scale Out,Scale Out,multiplicative,0.567,0.5292,0.95,0.8,0.691041,0.203322,1,2.078951,1,1,0,autonomous,,prototype_fault_reset,1100.5879,3,1.0,1.0,0.0,Scale Out was selected with confidence 0.691. CPU usage was 87.80% and latency was 13.43 ms. The confidence margin over Restart Service was 0.203.
2026-09-05T09:29:42.413578+00:00,CPU Resource Exhaustion,0.9,1.0,526a06484cc5d50d7c0dc8b8487e4c04f32ee18de6a97eee8ae6965169fe5856,Scale Out,88.7,2.1554,0.0,13.9273,0.0,1.0,Scale Out,Scale Out,multiplicative,0.5805,0.5418,0.95,0.833333,0.706392,0.212901,1,0.27159,1,1,0,autonomous,,prototype_fault_reset,1100.0705,3,1.0,1.0,0.0,Scale Out was selected with confidence 0.706. CPU usage was 88.70% and latency was 13.93 ms. The confidence margin over Restart Service was 0.213.
2026-09-05T09:30:05.581241+00:00,CPU Resource Exhaustion,0.9,1.0,526a06484cc5d50d7c0dc8b8487e4c04f32ee18de6a97eee8ae6965169fe5856,Scale Out,87.8,2.1578,0.0,14.268,0.0,1.0,Scale Out,Scale Out,multiplicative,0.567,0.5292,0.95,0.857143,0.703064,0.215345,1,0.286677,1,1,0,autonomous,,prototype_fault_reset,1104.1917,3,1.0,1.0,0.0,Scale Out was selected with confidence 0.703. CPU usage was 87.80% and latency was 14.27 ms. The confidence margin over Restart Service was 0.215.
2026-09-05T09:30:28.690073+00:00,CPU Resource Exhaustion,0.95,1.0,526a06484cc5d50d7c0dc8b8487e4c04f32ee18de6a97eee8ae6965169fe5856,Scale Out,89.7,2.1588,0.0,16.7063,0.0,1.0,Scale Out,Scale Out,multiplicative,0.5955,0.5558,0.95,0.875,0.724241,0.224415,1,0.37103,1,1,0,autonomous,,prototype_fault_reset,1041.9315,3,1.0,1.0,0.0,Scale Out was selected with confidence 0.724. CPU usage was 89.70% and latency was 16.71 ms. The confidence margin over Restart Service was 0.224.
2026-09-05T09:30:51.842823+00:00,CPU Resource Exhaustion,0.95,1.0,526a06484cc5d50d7c0dc8b8487e4c04f32ee18de6a97eee8ae6965169fe5856,Scale Out,91.8,2.159,0.0,16.9832,0.0,1.0,Scale Out,Scale Out,multiplicative,0.627,0.5852,0.95,0.888889,0.746081,0.233205,1,0.265995,1,1,0,autonomous,,prototype_fault_reset,1089.33,3,1.0,1.0,0.0,Scale Out was selected with confidence 0.746. CPU usage was 91.80% and latency was 16.98 ms. The confidence margin over Restart Service was 0.233.
2026-09-05T09:31:15.011256+00:00,CPU Resource Exhaustion,0.95,1.0,526a06484cc5d50d7c0dc8b8487e4c04f32ee18de6a97eee8ae6965169fe5856,Scale Out,91.8,2.159,0.0,17.087,0.0,1.0,Scale Out,Scale Out,multiplicative,0.627,0.5852,0.95,0.9,0.748401,0.235526,1,0.275538,1,1,0,autonomous,,prototype_fault_reset,1113.6326,3,1.0,1.0,0.0,Scale Out was selected with confidence 0.748. CPU usage was 91.80% and latency was 17.09 ms. The confidence margin over Restart Service was 0.236.
2026-09-05T09:31:38.171775+00:00,CPU Resource Exhaustion,0.95,1.0,526a06484cc5d50d7c0dc8b8487e4c04f32ee18de6a97eee8ae6965169fe5856,Scale Out,90.6,2.159,0.0,16.3073,0.0,1.0,Scale Out,Scale Out,multiplicative,0.609,0.5684,0.95,0.909091,0.739436,0.233976,1,0.265227,1,1,0,autonomous,,prototype_fault_reset,1103.4743,3,1.0,1.0,0.0,Scale Out was selected with confidence 0.739. CPU usage was 90.60% and latency was 16.31 ms. The confidence margin over Restart Service was 0.234.
2026-09-05T09:32:01.345077+00:00,CPU Resource Exhaustion,0.95,1.0,526a06484cc5d50d7c0dc8b8487e4c04f32ee18de6a97eee8ae6965169fe5856,Scale Out,92.8,2.159,0.0,16.8494,0.0,1.0,Scale Out,Scale Out,multiplicative,0.642,0.5992,0.95,0.916667,0.760782,0.241808,1,0.280568,1,1,0,autonomous,,prototype_fault_reset,1090.2763,3,1.0,1.0,0.0,Scale Out was selected with confidence 0.761. CPU usage was 92.80% and latency was 16.85 ms. The confidence margin over Restart Service was 0.242.
2026-09-05T09:32:24.506655+00:00,CPU Resource Exhaustion,0.95,1.0,526a06484cc5d50d7c0dc8b8487e4c04f32ee18de6a97eee8ae6965169fe5856,Scale Out,93.8,2.159,0.0,16.7637,0.0,1.0,Scale Out,Scale Out,multiplicative,0.657,0.6132,0.95,0.923077,0.770961,0.245959,1,0.338862,1,1,0,autonomous,,prototype_fault_reset,1098.4066,3,1.0,1.0,0.0,Scale Out was selected with confidence 0.771. CPU usage was 93.80% and latency was 16.76 ms. The confidence margin over Restart Service was 0.246.
2026-09-05T09:32:44.650466+00:00,Memory Pressure,100.0,1.0,526a06484cc5d50d7c0dc8b8487e4c04f32ee18de6a97eee8ae6965169fe5856,Do Nothing,1.0,7.2423,100.0,12.9155,0.0,1.0,Do Nothing,Operator Review,multiplicative,0.637885,0.666667,0.35,0.5,0.522303,0.063878,1,0.29551,0,0,1,operator_escalation,confidence 0.522 is below the autonomous threshold 0.550,prototype_fault_reset,0.0,0,1.0,1.0,0.0,Do Nothing was selected with confidence 0.522. Injected memory was 100.00 MB and process memory usage was 7.24%.
2026-09-05T09:33:04.763454+00:00,Memory Pressure,100.0,1.0,526a06484cc5d50d7c0dc8b8487e4c04f32ee18de6a97eee8ae6965169fe5856,Do Nothing,0.0,7.2383,100.0,8.615,0.0,1.0,Do Nothing,Operator Review,multiplicative,0.638083,0.666667,0.35,0.5,0.522343,0.063973,1,0.332898,0,0,1,operator_escalation,confidence 0.522 is below the autonomous threshold 0.550,prototype_fault_reset,0.0,0,1.0,1.0,0.0,Do Nothing was selected with confidence 0.522. Injected memory was 100.00 MB and process memory usage was 7.24%.
2026-09-05T09:33:24.867725+00:00,Memory Pressure,100.0,1.0,526a06484cc5d50d7c0dc8b8487e4c04f32ee18de6a97eee8ae6965169fe5856,Do Nothing,0.0,7.2383,100.0,4.118,0.0,1.0,Do Nothing,Operator Review,multiplicative,0.638083,0.666667,0.35,0.5,0.522343,0.063973,1,0.248317,0,0,1,operator_escalation,confidence 0.522 is below the autonomous threshold 0.550,prototype_fault_reset,0.0,0,1.0,1.0,0.0,Do Nothing was selected with confidence 0.522. Injected memory was 100.00 MB and process memory usage was 7.24%.
2026-09-05T09:33:44.974366+00:00,Memory Pressure,100.0,1.0,526a06484cc5d50d7c0dc8b8487e4c04f32ee18de6a97eee8ae6965169fe5856,Do Nothing,0.0,7.2381,100.0,3.8465,0.0,1.0,Do Nothing,Operator Review,multiplicative,0.638093,0.666667,0.35,0.5,0.522345,0.063978,1,0.242451,0,0,1,operator_escalation,confidence 0.522 is below the autonomous threshold 0.550,prototype_fault_reset,0.0,0,1.0,1.0,0.0,Do Nothing was selected with confidence 0.522. Injected memory was 100.00 MB and process memory usage was 7.24%.
2026-09-05T09:34:05.088522+00:00,Memory Pressure,100.0,1.0,526a06484cc5d50d7c0dc8b8487e4c04f32ee18de6a97eee8ae6965169fe5856,Do Nothing,0.0,7.2381,100.0,3.7592,0.0,1.0,Do Nothing,Operator Review,multiplicative,0.638093,0.666667,0.35,0.5,0.522345,0.063978,1,0.314387,0,0,1,operator_escalation,confidence 0.522 is below the autonomous threshold 0.550,prototype_fault_reset,0.0,0,1.0,1.0,0.0,Do Nothing was selected with confidence 0.522. Injected memory was 100.00 MB and process memory usage was 7.24%.
2026-09-05T09:34:25.239871+00:00,Memory Pressure,150.0,1.0,526a06484cc5d50d7c0dc8b8487e4c04f32ee18de6a97eee8ae6965169fe5856,Do Nothing,0.0,9.7788,150.0,3.7985,0.0,1.0,Restart Service,Operator Review,multiplicative,0.447788,0.448341,0.92,0.5,0.551264,0.002124,0,0.277563,0,0,1,operator_escalation,confidence margin 0.002 is below the ambiguity threshold 0.030,prototype_fault_reset,0.0,0,1.0,1.0,0.0,Restart Service was selected with confidence 0.551. Injected memory was 150.00 MB and process memory usage was 9.78%.
2026-09-05T09:34:45.392955+00:00,Memory Pressure,150.0,1.0,526a06484cc5d50d7c0dc8b8487e4c04f32ee18de6a97eee8ae6965169fe5856,Do Nothing,0.0,9.7788,150.0,3.7222,0.0,1.0,Restart Service,Operator Review,multiplicative,0.447788,0.448341,0.92,0.5,0.551264,0.002124,0,0.50671,0,0,1,operator_escalation,confidence margin 0.002 is below the ambiguity threshold 0.030,prototype_fault_reset,0.0,0,1.0,1.0,0.0,Restart Service was selected with confidence 0.551. Injected memory was 150.00 MB and process memory usage was 9.78%.
2026-09-05T09:35:05.532852+00:00,Memory Pressure,150.0,1.0,526a06484cc5d50d7c0dc8b8487e4c04f32ee18de6a97eee8ae6965169fe5856,Do Nothing,0.0,9.7788,150.0,3.7023,0.0,1.0,Restart Service,Operator Review,multiplicative,0.447788,0.448341,0.92,0.5,0.551264,0.002124,0,0.210998,0,0,1,operator_escalation,confidence margin 0.002 is below the ambiguity threshold 0.030,prototype_fault_reset,0.0,0,1.0,1.0,0.0,Restart Service was selected with confidence 0.551. Injected memory was 150.00 MB and process memory usage was 9.78%.
2026-09-05T09:35:25.687954+00:00,Memory Pressure,150.0,1.0,526a06484cc5d50d7c0dc8b8487e4c04f32ee18de6a97eee8ae6965169fe5856,Do Nothing,0.0,9.7788,150.0,3.9554,0.0,1.0,Restart Service,Operator Review,multiplicative,0.447788,0.448341,0.92,0.5,0.551264,0.002124,0,0.214088,0,0,1,operator_escalation,confidence margin 0.002 is below the ambiguity threshold 0.030,prototype_fault_reset,0.0,0,1.0,1.0,0.0,Restart Service was selected with confidence 0.551. Injected memory was 150.00 MB and process memory usage was 9.78%.
2026-09-05T09:35:45.828430+00:00,Memory Pressure,150.0,1.0,526a06484cc5d50d7c0dc8b8487e4c04f32ee18de6a97eee8ae6965169fe5856,Do Nothing,0.0,9.7788,150.0,4.1121,0.0,1.0,Restart Service,Operator Review,multiplicative,0.447788,0.448341,0.92,0.5,0.551264,0.002124,0,1.360513,0,0,1,operator_escalation,confidence margin 0.002 is below the ambiguity threshold 0.030,prototype_fault_reset,0.0,0,1.0,1.0,0.0,Restart Service was selected with confidence 0.551. Injected memory was 150.00 MB and process memory usage was 9.78%.
2026-09-05T09:36:06.012094+00:00,Memory Pressure,200.0,1.0,526a06484cc5d50d7c0dc8b8487e4c04f32ee18de6a97eee8ae6965169fe5856,Restart Service,0.0,12.3199,200.0,4.0888,0.0,1.0,Restart Service,Operator Review,multiplicative,0.589865,0.592399,0.92,0.5,0.633186,0.006279,1,0.226402,0,0,1,operator_escalation,confidence margin 0.006 is below the ambiguity threshold 0.030,prototype_fault_reset,0.0,0,1.0,1.0,0.0,Restart Service was selected with confidence 0.633. Injected memory was 200.00 MB and process memory usage was 12.32%.
2026-09-05T09:36:26.202971+00:00,Memory Pressure,200.0,1.0,526a06484cc5d50d7c0dc8b8487e4c04f32ee18de6a97eee8ae6965169fe5856,Restart Service,0.0,12.3199,200.0,3.978,0.0,1.0,Restart Service,Operator Review,multiplicative,0.589865,0.592399,0.92,0.5,0.633186,0.006279,1,0.220861,0,0,1,operator_escalation,confidence margin 0.006 is below the ambiguity threshold 0.030,prototype_fault_reset,0.0,0,1.0,1.0,0.0,Restart Service was selected with confidence 0.633. Injected memory was 200.00 MB and process memory usage was 12.32%.
2026-09-05T09:36:46.381933+00:00,Memory Pressure,200.0,1.0,526a06484cc5d50d7c0dc8b8487e4c04f32ee18de6a97eee8ae6965169fe5856,Restart Service,0.0,12.3199,200.0,3.9775,0.0,1.0,Restart Service,Operator Review,multiplicative,0.589865,0.592399,0.92,0.5,0.633186,0.006279,1,0.236318,0,0,1,operator_escalation,confidence margin 0.006 is below the ambiguity threshold 0.030,prototype_fault_reset,0.0,0,1.0,1.0,0.0,Restart Service was selected with confidence 0.633. Injected memory was 200.00 MB and process memory usage was 12.32%.
2026-09-05T09:37:06.604673+00:00,Memory Pressure,200.0,1.0,526a06484cc5d50d7c0dc8b8487e4c04f32ee18de6a97eee8ae6965169fe5856,Restart Service,0.0,12.3199,200.0,4.0656,0.0,1.0,Restart Service,Operator Review,multiplicative,0.589865,0.592399,0.92,0.5,0.633186,0.006279,1,0.214879,0,0,1,operator_escalation,confidence margin 0.006 is below the ambiguity threshold 0.030,prototype_fault_reset,0.0,0,1.0,1.0,0.0,Restart Service was selected with confidence 0.633. Injected memory was 200.00 MB and process memory usage was 12.32%.
2026-09-05T09:37:26.805624+00:00,Memory Pressure,200.0,1.0,526a06484cc5d50d7c0dc8b8487e4c04f32ee18de6a97eee8ae6965169fe5856,Restart Service,0.0,12.3199,200.0,3.9592,0.0,1.0,Restart Service,Operator Review,multiplicative,0.589865,0.592399,0.92,0.5,0.633186,0.006279,1,0.345472,0,0,1,operator_escalation,confidence margin 0.006 is below the ambiguity threshold 0.030,prototype_fault_reset,0.0,0,1.0,1.0,0.0,Restart Service was selected with confidence 0.633. Injected memory was 200.00 MB and process memory usage was 12.32%.
2026-09-05T09:37:47.037436+00:00,Memory Pressure,250.0,1.0,526a06484cc5d50d7c0dc8b8487e4c04f32ee18de6a97eee8ae6965169fe5856,Restart Service,0.0,14.8607,250.0,3.9083,0.0,1.0,Restart Service,Operator Review,multiplicative,0.731941,0.736456,0.92,0.5,0.705659,0.009622,1,1.331261,0,0,1,operator_escalation,confidence margin 0.010 is below the ambiguity threshold 0.030,prototype_fault_reset,0.0,0,1.0,1.0,0.0,Restart Service was selected with confidence 0.706. Injected memory was 250.00 MB and process memory usage was 14.86%.
2026-09-05T09:38:07.247265+00:00,Memory Pressure,250.0,1.0,526a06484cc5d50d7c0dc8b8487e4c04f32ee18de6a97eee8ae6965169fe5856,Restart Service,0.0,14.8607,250.0,3.831,0.0,1.0,Restart Service,Operator Review,multiplicative,0.731941,0.736456,0.92,0.5,0.705659,0.009622,1,0.226873,0,0,1,operator_escalation,confidence margin 0.010 is below the ambiguity threshold 0.030,prototype_fault_reset,0.0,0,1.0,1.0,0.0,Restart Service was selected with confidence 0.706. Injected memory was 250.00 MB and process memory usage was 14.86%.
2026-09-05T09:38:27.435929+00:00,Memory Pressure,250.0,1.0,526a06484cc5d50d7c0dc8b8487e4c04f32ee18de6a97eee8ae6965169fe5856,Restart Service,0.0,14.8607,250.0,3.8409,0.0,1.0,Restart Service,Operator Review,multiplicative,0.731941,0.736456,0.92,0.5,0.705659,0.009622,1,0.194034,0,0,1,operator_escalation,confidence margin 0.010 is below the ambiguity threshold 0.030,prototype_fault_reset,0.0,0,1.0,1.0,0.0,Restart Service was selected with confidence 0.706. Injected memory was 250.00 MB and process memory usage was 14.86%.
2026-09-05T09:38:47.667587+00:00,Memory Pressure,250.0,1.0,526a06484cc5d50d7c0dc8b8487e4c04f32ee18de6a97eee8ae6965169fe5856,Restart Service,1.0,14.8611,250.0,3.8869,0.0,1.0,Restart Service,Operator Review,multiplicative,0.731945,0.736459,0.92,0.5,0.705661,0.00962,1,0.331458,0,0,1,operator_escalation,confidence margin 0.010 is below the ambiguity threshold 0.030,prototype_fault_reset,0.0,0,1.0,1.0,0.0,Restart Service was selected with confidence 0.706. Injected memory was 250.00 MB and process memory usage was 14.86%.
2026-09-05T09:39:07.907780+00:00,Memory Pressure,250.0,1.0,526a06484cc5d50d7c0dc8b8487e4c04f32ee18de6a97eee8ae6965169fe5856,Restart Service,1.0,14.8611,250.0,3.9222,0.0,1.0,Restart Service,Operator Review,multiplicative,0.731945,0.736459,0.92,0.5,0.705661,0.00962,1,0.390057,0,0,1,operator_escalation,confidence margin 0.010 is below the ambiguity threshold 0.030,prototype_fault_reset,0.0,0,1.0,1.0,0.0,Restart Service was selected with confidence 0.706. Injected memory was 250.00 MB and process memory usage was 14.86%.
2026-09-05T09:39:28.197055+00:00,Memory Pressure,300.0,1.0,526a06484cc5d50d7c0dc8b8487e4c04f32ee18de6a97eee8ae6965169fe5856,Restart Service,0.0,17.4016,300.0,4.0093,0.0,1.0,Restart Service,Operator Review,multiplicative,0.874016,0.880512,0.92,0.5,0.771353,0.012456,1,0.197857,0,0,1,operator_escalation,confidence margin 0.012 is below the ambiguity threshold 0.030,prototype_fault_reset,0.0,0,1.0,1.0,0.0,Restart Service was selected with confidence 0.771. Injected memory was 300.00 MB and process memory usage was 17.40%.
2026-09-05T09:39:48.443261+00:00,Memory Pressure,300.0,1.0,526a06484cc5d50d7c0dc8b8487e4c04f32ee18de6a97eee8ae6965169fe5856,Restart Service,0.0,17.4014,300.0,4.0456,0.0,1.0,Restart Service,Operator Review,multiplicative,0.874014,0.880511,0.92,0.5,0.771352,0.012457,1,0.188167,0,0,1,operator_escalation,confidence margin 0.012 is below the ambiguity threshold 0.030,prototype_fault_reset,0.0,0,1.0,1.0,0.0,Restart Service was selected with confidence 0.771. Injected memory was 300.00 MB and process memory usage was 17.40%.
2026-09-05T09:40:08.735412+00:00,Memory Pressure,300.0,1.0,526a06484cc5d50d7c0dc8b8487e4c04f32ee18de6a97eee8ae6965169fe5856,Restart Service,0.0,17.9133,300.0,3.8864,0.0,1.0,Restart Service,Operator Review,multiplicative,0.879133,0.88435,0.92,0.5,0.77332,0.010184,1,0.350798,0,0,1,operator_escalation,confidence margin 0.010 is below the ambiguity threshold 0.030,prototype_fault_reset,0.0,0,1.0,1.0,0.0,Restart Service was selected with confidence 0.773. Injected memory was 300.00 MB and process memory usage was 17.91%.
2026-09-05T09:40:29.041427+00:00,Memory Pressure,300.0,1.0,526a06484cc5d50d7c0dc8b8487e4c04f32ee18de6a97eee8ae6965169fe5856,Restart Service,0.0,17.9129,300.0,4.1042,0.0,1.0,Restart Service,Operator Review,multiplicative,0.879129,0.884347,0.92,0.5,0.773318,0.010186,1,1.719869,0,0,1,operator_escalation,confidence margin 0.010 is below the ambiguity threshold 0.030,prototype_fault_reset,0.0,0,1.0,1.0,0.0,Restart Service was selected with confidence 0.773. Injected memory was 300.00 MB and process memory usage was 17.91%.
2026-09-05T09:40:49.308718+00:00,Memory Pressure,300.0,1.0,526a06484cc5d50d7c0dc8b8487e4c04f32ee18de6a97eee8ae6965169fe5856,Restart Service,0.0,17.9129,300.0,4.0988,0.0,1.0,Restart Service,Operator Review,multiplicative,0.879129,0.884347,0.92,0.5,0.773318,0.010186,1,0.254616,0,0,1,operator_escalation,confidence margin 0.010 is below the ambiguity threshold 0.030,prototype_fault_reset,0.0,0,1.0,1.0,0.0,Restart Service was selected with confidence 0.773. Injected memory was 300.00 MB and process memory usage was 17.91%.
2026-09-05T09:41:14.651755+00:00,Application Latency,300.0,1.0,526a06484cc5d50d7c0dc8b8487e4c04f32ee18de6a97eee8ae6965169fe5856,Do Nothing,0.0,2.6735,0.0,46.1149,0.0,1.0,Do Nothing,Do Nothing,multiplicative,1.0,1.0,0.25,0.5,0.594604,0.304838,1,0.284029,,0,0,autonomous_observation,,prototype_fault_reset,,0,1.0,1.0,0.0,"Do Nothing was selected with confidence 0.595. Observed latency reached 46.11 ms, while CPU usage was 0.00% and dependency availability was 1.00. The confidence margin over Rollback was 0.305."
2026-09-05T09:41:39.966959+00:00,Application Latency,300.0,1.0,526a06484cc5d50d7c0dc8b8487e4c04f32ee18de6a97eee8ae6965169fe5856,Do Nothing,0.0,2.6735,0.0,156.7759,0.0,1.0,Do Nothing,Do Nothing,multiplicative,0.959446,0.959446,0.25,0.5,0.582422,0.256885,1,0.378875,,0,0,autonomous_observation,,prototype_fault_reset,,0,1.0,1.0,0.0,"Do Nothing was selected with confidence 0.582. Observed latency reached 156.78 ms, while CPU usage was 0.00% and dependency availability was 1.00. The confidence margin over Rollback was 0.257."
2026-09-05T09:42:05.314329+00:00,Application Latency,300.0,1.0,526a06484cc5d50d7c0dc8b8487e4c04f32ee18de6a97eee8ae6965169fe5856,Do Nothing,1.0,2.6737,0.0,258.4069,0.0,1.0,Do Nothing,Do Nothing,multiplicative,0.886852,0.886852,0.25,0.5,0.559955,0.179142,1,0.261371,,0,0,autonomous_observation,,prototype_fault_reset,,0,1.0,1.0,0.0,"Do Nothing was selected with confidence 0.560. Observed latency reached 258.41 ms, while CPU usage was 1.00% and dependency availability was 1.00. The confidence margin over Rollback was 0.179."
2026-09-05T09:42:30.645628+00:00,Application Latency,300.0,1.0,526a06484cc5d50d7c0dc8b8487e4c04f32ee18de6a97eee8ae6965169fe5856,Do Nothing,0.0,2.6737,0.0,257.9134,0.0,1.0,Do Nothing,Do Nothing,multiplicative,0.887205,0.887205,0.25,0.5,0.560066,0.179502,1,0.408775,,0,0,autonomous_observation,,prototype_fault_reset,,0,1.0,1.0,0.0,"Do Nothing was selected with confidence 0.560. Observed latency reached 257.91 ms, while CPU usage was 0.00% and dependency availability was 1.00. The confidence margin over Rollback was 0.180."
2026-09-05T09:42:55.950283+00:00,Application Latency,300.0,1.0,526a06484cc5d50d7c0dc8b8487e4c04f32ee18de6a97eee8ae6965169fe5856,Do Nothing,0.0,2.6739,0.0,257.2576,0.0,1.0,Do Nothing,Do Nothing,multiplicative,0.887673,0.887673,0.25,0.5,0.560214,0.17998,1,0.244946,,0,0,autonomous_observation,,prototype_fault_reset,,0,1.0,1.0,0.0,"Do Nothing was selected with confidence 0.560. Observed latency reached 257.26 ms, while CPU usage was 0.00% and dependency availability was 1.00. The confidence margin over Rollback was 0.180."
2026-09-05T09:43:19.251869+00:00,Application Latency,500.0,1.0,526a06484cc5d50d7c0dc8b8487e4c04f32ee18de6a97eee8ae6965169fe5856,Do Nothing,0.0,2.6739,0.0,281.6234,0.0,1.0,Do Nothing,Do Nothing,multiplicative,0.870269,0.870269,0.25,0.5,0.554695,0.162391,1,0.234978,,0,0,autonomous_observation,,prototype_fault_reset,,0,1.0,1.0,0.0,"Do Nothing was selected with confidence 0.555. Observed latency reached 281.62 ms, while CPU usage was 0.00% and dependency availability was 1.00. The confidence margin over Rollback was 0.162."
2026-09-05T09:43:42.550690+00:00,Application Latency,500.0,1.0,526a06484cc5d50d7c0dc8b8487e4c04f32ee18de6a97eee8ae6965169fe5856,Do Nothing,0.0,2.6739,0.0,328.2052,0.0,1.0,Do Nothing,Operator Review,multiplicative,0.836996,0.836996,0.25,0.5,0.543988,0.129617,1,0.334986,0,0,1,operator_escalation,confidence 0.544 is below the autonomous threshold 0.550,prototype_fault_reset,0.0,0,1.0,1.0,0.0,"Do Nothing was selected with confidence 0.544. Observed latency reached 328.21 ms, while CPU usage was 0.00% and dependency availability was 1.00. The confidence margin over Rollback was 0.130."
2026-09-05T09:44:05.863188+00:00,Application Latency,500.0,1.0,526a06484cc5d50d7c0dc8b8487e4c04f32ee18de6a97eee8ae6965169fe5856,Do Nothing,0.0,2.6739,0.0,389.2423,0.0,1.0,Do Nothing,Operator Review,multiplicative,0.793398,0.793398,0.25,0.5,0.529631,0.088051,1,0.437913,0,0,1,operator_escalation,confidence 0.530 is below the autonomous threshold 0.550,prototype_fault_reset,0.0,0,1.0,1.0,0.0,"Do Nothing was selected with confidence 0.530. Observed latency reached 389.24 ms, while CPU usage was 0.00% and dependency availability was 1.00. The confidence margin over Rollback was 0.088."
2026-09-05T09:44:29.150848+00:00,Application Latency,500.0,1.0,526a06484cc5d50d7c0dc8b8487e4c04f32ee18de6a97eee8ae6965169fe5856,Do Nothing,0.0,2.6741,0.0,386.8839,0.0,1.0,Do Nothing,Operator Review,multiplicative,0.795083,0.795083,0.25,0.5,0.530193,0.089633,1,0.238738,0,0,1,operator_escalation,confidence 0.530 is below the autonomous threshold 0.550,prototype_fault_reset,0.0,0,1.0,1.0,0.0,"Do Nothing was selected with confidence 0.530. Observed latency reached 386.88 ms, while CPU usage was 0.00% and dependency availability was 1.00. The confidence margin over Rollback was 0.090."
2026-09-05T09:44:52.429165+00:00,Application Latency,500.0,1.0,526a06484cc5d50d7c0dc8b8487e4c04f32ee18de6a97eee8ae6965169fe5856,Do Nothing,1.0,2.6741,0.0,389.0175,0.0,1.0,Do Nothing,Operator Review,multiplicative,0.793559,0.793559,0.25,0.5,0.529684,0.088202,1,0.241358,0,0,1,operator_escalation,confidence 0.530 is below the autonomous threshold 0.550,prototype_fault_reset,0.0,0,1.0,1.0,0.0,"Do Nothing was selected with confidence 0.530. Observed latency reached 389.02 ms, while CPU usage was 1.00% and dependency availability was 1.00. The confidence margin over Rollback was 0.088."
2026-09-05T09:45:18.939762+00:00,Application Latency,700.0,1.0,526a06484cc5d50d7c0dc8b8487e4c04f32ee18de6a97eee8ae6965169fe5856,Rollback,0.0,2.6741,0.0,411.9271,0.0,1.0,Do Nothing,Operator Review,multiplicative,0.777195,0.777195,0.25,0.5,0.524195,0.07293,0,0.360864,0,0,1,operator_escalation,confidence 0.524 is below the autonomous threshold 0.550,prototype_fault_reset,0.0,0,1.0,1.0,0.0,"Do Nothing was selected with confidence 0.524. Observed latency reached 411.93 ms, while CPU usage was 0.00% and dependency availability was 1.00. The confidence margin over Rollback was 0.073."
2026-09-05T09:45:45.416271+00:00,Application Latency,700.0,1.0,526a06484cc5d50d7c0dc8b8487e4c04f32ee18de6a97eee8ae6965169fe5856,Rollback,0.0,2.6741,0.0,462.8078,0.0,1.0,Do Nothing,Operator Review,multiplicative,0.740852,0.740852,0.25,0.5,0.511792,0.039538,0,1.371483,0,0,1,operator_escalation,confidence 0.512 is below the autonomous threshold 0.550,prototype_fault_reset,0.0,0,1.0,1.0,0.0,"Do Nothing was selected with confidence 0.512. Observed latency reached 462.81 ms, while CPU usage was 0.00% and dependency availability was 1.00. The confidence margin over Rollback was 0.040."
2026-09-05T09:46:11.881164+00:00,Application Latency,700.0,1.0,526a06484cc5d50d7c0dc8b8487e4c04f32ee18de6a97eee8ae6965169fe5856,Rollback,0.0,2.6743,0.0,497.2554,0.0,1.0,Do Nothing,Operator Review,multiplicative,0.716246,0.716246,0.25,0.5,0.503221,0.01728,0,0.28737,0,0,1,operator_escalation,confidence 0.503 is below the autonomous threshold 0.550; confidence margin 0.017 is below the ambiguity threshold 0.030,prototype_fault_reset,0.0,0,1.0,1.0,0.0,"Do Nothing was selected with confidence 0.503. Observed latency reached 497.26 ms, while CPU usage was 0.00% and dependency availability was 1.00. The confidence margin over Rollback was 0.017."
2026-09-05T09:46:38.354369+00:00,Application Latency,700.0,1.0,526a06484cc5d50d7c0dc8b8487e4c04f32ee18de6a97eee8ae6965169fe5856,Rollback,1.0,2.6743,0.0,499.6908,0.0,1.0,Do Nothing,Operator Review,multiplicative,0.714507,0.714507,0.25,0.5,0.502609,0.015715,0,0.259825,0,0,1,operator_escalation,confidence 0.503 is below the autonomous threshold 0.550; confidence margin 0.016 is below the ambiguity threshold 0.030,prototype_fault_reset,0.0,0,1.0,1.0,0.0,"Do Nothing was selected with confidence 0.503. Observed latency reached 499.69 ms, while CPU usage was 1.00% and dependency availability was 1.00. The confidence margin over Rollback was 0.016."
2026-09-05T09:47:04.831658+00:00,Application Latency,700.0,1.0,526a06484cc5d50d7c0dc8b8487e4c04f32ee18de6a97eee8ae6965169fe5856,Rollback,0.0,2.6743,0.0,494.5599,0.0,1.0,Do Nothing,Operator Review,multiplicative,0.718172,0.718172,0.25,0.5,0.503897,0.019012,0,0.292892,0,0,1,operator_escalation,confidence 0.504 is below the autonomous threshold 0.550; confidence margin 0.019 is below the ambiguity threshold 0.030,prototype_fault_reset,0.0,0,1.0,1.0,0.0,"Do Nothing was selected with confidence 0.504. Observed latency reached 494.56 ms, while CPU usage was 0.00% and dependency availability was 1.00. The confidence margin over Rollback was 0.019."
2026-09-05T09:47:32.849530+00:00,Application Latency,900.0,1.0,526a06484cc5d50d7c0dc8b8487e4c04f32ee18de6a97eee8ae6965169fe5856,Rollback,0.0,2.6743,0.0,514.9928,0.0,1.0,Do Nothing,Operator Review,multiplicative,0.703577,0.703577,0.25,0.5,0.49875,0.005911,0,0.282841,0,0,1,operator_escalation,confidence 0.499 is below the autonomous threshold 0.550; confidence margin 0.006 is below the ambiguity threshold 0.030,prototype_fault_reset,0.0,0,1.0,1.0,0.0,"Do Nothing was selected with confidence 0.499. Observed latency reached 514.99 ms, while CPU usage was 0.00% and dependency availability was 1.00. The confidence margin over Rollback was 0.006."
2026-09-05T09:48:00.879812+00:00,Application Latency,900.0,1.0,526a06484cc5d50d7c0dc8b8487e4c04f32ee18de6a97eee8ae6965169fe5856,Rollback,0.0,2.6743,0.0,561.3931,0.0,1.0,Rollback,Operator Review,multiplicative,0.397175,0.363653,0.94,0.5,0.510437,0.023575,1,0.252354,0,0,1,operator_escalation,confidence 0.510 is below the autonomous threshold 0.550; confidence margin 0.024 is below the ambiguity threshold 0.030,prototype_fault_reset,0.0,0,1.0,1.0,0.0,"Rollback was selected with confidence 0.510. Observed latency reached 561.39 ms, while CPU usage was 0.00% and dependency availability was 1.00. The confidence margin over Do Nothing was 0.024."
2026-09-05T09:48:28.911980+00:00,Application Latency,900.0,1.0,526a06484cc5d50d7c0dc8b8487e4c04f32ee18de6a97eee8ae6965169fe5856,Rollback,0.0,2.6743,0.0,586.7713,0.0,1.0,Rollback,Operator Review,multiplicative,0.41077,0.378155,0.94,0.5,0.519806,0.039572,1,0.27049,0,0,1,operator_escalation,confidence 0.520 is below the autonomous threshold 0.550,prototype_fault_reset,0.0,0,1.0,1.0,0.0,"Rollback was selected with confidence 0.520. Observed latency reached 586.77 ms, while CPU usage was 0.00% and dependency availability was 1.00. The confidence margin over Do Nothing was 0.040."
2026-09-05T09:48:56.951801+00:00,Application Latency,900.0,1.0,526a06484cc5d50d7c0dc8b8487e4c04f32ee18de6a97eee8ae6965169fe5856,Rollback,0.0,2.6743,0.0,586.8122,0.0,1.0,Rollback,Operator Review,multiplicative,0.410792,0.378178,0.94,0.5,0.519821,0.039598,1,0.350284,0,0,1,operator_escalation,confidence 0.520 is below the autonomous threshold 0.550,prototype_fault_reset,0.0,0,1.0,1.0,0.0,"Rollback was selected with confidence 0.520. Observed latency reached 586.81 ms, while CPU usage was 0.00% and dependency availability was 1.00. The confidence margin over Do Nothing was 0.040."
2026-09-05T09:49:24.999979+00:00,Application Latency,900.0,1.0,526a06484cc5d50d7c0dc8b8487e4c04f32ee18de6a97eee8ae6965169fe5856,Rollback,0.0,2.6743,0.0,586.7098,0.0,1.0,Rollback,Operator Review,multiplicative,0.410737,0.37812,0.94,0.5,0.519784,0.039533,1,0.275954,0,0,1,operator_escalation,confidence 0.520 is below the autonomous threshold 0.550,prototype_fault_reset,0.0,0,1.0,1.0,0.0,"Rollback was selected with confidence 0.520. Observed latency reached 586.71 ms, while CPU usage was 0.00% and dependency availability was 1.00. The confidence margin over Do Nothing was 0.040."
2026-09-05T09:49:53.591419+00:00,Application Latency,1200.0,1.0,526a06484cc5d50d7c0dc8b8487e4c04f32ee18de6a97eee8ae6965169fe5856,Rollback,0.0,2.6743,0.0,635.9289,0.0,1.0,Rollback,Operator Review,multiplicative,0.437105,0.406245,0.94,0.5,0.537487,0.070356,1,0.344729,0,0,1,operator_escalation,confidence 0.537 is below the autonomous threshold 0.550,prototype_fault_reset,0.0,0,1.0,1.0,0.0,"Rollback was selected with confidence 0.537. Observed latency reached 635.93 ms, while CPU usage was 0.00% and dependency availability was 1.00. The confidence margin over Do Nothing was 0.070."
2026-09-05T09:50:22.254074+00:00,Application Latency,1200.0,1.0,526a06484cc5d50d7c0dc8b8487e4c04f32ee18de6a97eee8ae6965169fe5856,Rollback,1.0,2.6743,0.0,697.0448,0.0,1.0,Rollback,Rollback,multiplicative,0.469845,0.441168,0.94,0.5,0.558682,0.108374,1,0.34364,1,1,0,autonomous,,prototype_fault_reset,1049.9371,3,1.0,1.0,0.0,"Rollback was selected with confidence 0.559. Observed latency reached 697.04 ms, while CPU usage was 1.00% and dependency availability was 1.00. The confidence margin over Do Nothing was 0.108."
2026-09-05T09:50:50.829019+00:00,Application Latency,1200.0,1.0,526a06484cc5d50d7c0dc8b8487e4c04f32ee18de6a97eee8ae6965169fe5856,Rollback,0.0,2.6743,0.0,434.6074,0.0,1.0,Do Nothing,Operator Review,multiplicative,0.760995,0.760995,0.25,0.5,0.518702,0.023604,0,0.280146,0,0,1,operator_escalation,confidence 0.519 is below the autonomous threshold 0.550; confidence margin 0.024 is below the ambiguity threshold 0.030,prototype_fault_reset,0.0,0,1.0,1.0,0.0,"Do Nothing was selected with confidence 0.519. Observed latency reached 434.61 ms, while CPU usage was 0.00% and dependency availability was 1.00. The confidence margin over Rollback was 0.024."
2026-09-05T09:51:19.424754+00:00,Application Latency,1200.0,1.0,526a06484cc5d50d7c0dc8b8487e4c04f32ee18de6a97eee8ae6965169fe5856,Rollback,2.0,2.6743,0.0,434.253,0.0,1.0,Do Nothing,Operator Review,multiplicative,0.761248,0.761248,0.25,0.5,0.518789,0.023848,0,0.317659,0,0,1,operator_escalation,confidence 0.519 is below the autonomous threshold 0.550; confidence margin 0.024 is below the ambiguity threshold 0.030,prototype_fault_reset,0.0,0,1.0,1.0,0.0,"Do Nothing was selected with confidence 0.519. Observed latency reached 434.25 ms, while CPU usage was 2.00% and dependency availability was 1.00. The confidence margin over Rollback was 0.024."
2026-09-05T09:51:48.005141+00:00,Application Latency,1200.0,1.0,526a06484cc5d50d7c0dc8b8487e4c04f32ee18de6a97eee8ae6965169fe5856,Rollback,0.0,2.6743,0.0,707.8253,0.0,1.0,Rollback,Rollback,multiplicative,0.475621,0.447329,0.94,0.666667,0.60427,0.156996,1,0.965308,1,1,0,autonomous,,prototype_fault_reset,1046.4319,3,1.0,1.0,0.0,"Rollback was selected with confidence 0.604. Observed latency reached 707.83 ms, while CPU usage was 0.00% and dependency availability was 1.00. The confidence margin over Do Nothing was 0.157."
2026-09-05T09:52:11.047553+00:00,Application Error Injection,0.1,1.0,526a06484cc5d50d7c0dc8b8487e4c04f32ee18de6a97eee8ae6965169fe5856,Do Nothing,0.0,2.6745,0.0,161.7596,7.0,1.0,Do Nothing,Operator Review,multiplicative,0.825,0.825,0.2,0.5,0.510772,0.039545,1,0.275527,0,0,1,operator_escalation,confidence 0.511 is below the autonomous threshold 0.550,prototype_fault_reset,0.0,0,0.9125,0.933333,0.020833,"Do Nothing was selected with confidence 0.511. The observed error rate was 7.00% with latency of 161.76 ms. CPU usage was 0.00%, and dependency availability was 1.00. The confidence margin over Rollback was 0.040."
2026-09-05T09:52:34.103957+00:00,Application Error Injection,0.1,1.0,526a06484cc5d50d7c0dc8b8487e4c04f32ee18de6a97eee8ae6965169fe5856,Do Nothing,0.0,2.6745,0.0,42.1613,8.0,1.0,Do Nothing,Operator Review,multiplicative,0.8,0.8,0.2,0.5,0.502973,0.017439,1,0.347537,0,0,1,operator_escalation,confidence 0.503 is below the autonomous threshold 0.550; confidence margin 0.017 is below the ambiguity threshold 0.030,prototype_fault_reset,0.0,0,0.9125,0.833333,-0.079167,"Do Nothing was selected with confidence 0.503. The observed error rate was 8.00% with latency of 42.16 ms. CPU usage was 0.00%, and dependency availability was 1.00. The confidence margin over Rollback was 0.017."
2026-09-05T09:52:57.146071+00:00,Application Error Injection,0.1,1.0,526a06484cc5d50d7c0dc8b8487e4c04f32ee18de6a97eee8ae6965169fe5856,Do Nothing,0.0,2.6745,0.0,3.6379,9.0,1.0,Rollback,Operator Review,multiplicative,0.31875,0.28,0.95,0.75,0.502167,0.007115,0,0.885431,0,0,1,operator_escalation,confidence 0.502 is below the autonomous threshold 0.550; confidence margin 0.007 is below the ambiguity threshold 0.030,prototype_fault_reset,0.0,0,0.9,0.9,0.0,"Rollback was selected with confidence 0.502. The observed error rate was 9.00% with latency of 3.64 ms. CPU usage was 0.00%, and dependency availability was 1.00. The confidence margin over Do Nothing was 0.007."
2026-09-05T09:53:20.181226+00:00,Application Error Injection,0.1,1.0,526a06484cc5d50d7c0dc8b8487e4c04f32ee18de6a97eee8ae6965169fe5856,Do Nothing,0.0,2.6745,0.0,3.6537,9.0,1.0,Rollback,Operator Review,multiplicative,0.31875,0.28,0.95,0.75,0.502167,0.007115,0,0.329769,0,0,1,operator_escalation,confidence 0.502 is below the autonomous threshold 0.550; confidence margin 0.007 is below the ambiguity threshold 0.030,prototype_fault_reset,0.0,0,0.8875,0.9,0.0125,"Rollback was selected with confidence 0.502. The observed error rate was 9.00% with latency of 3.65 ms. CPU usage was 0.00%, and dependency availability was 1.00. The confidence margin over Do Nothing was 0.007."
2026-09-05T09:53:43.225787+00:00,Application Error Injection,0.1,1.0,526a06484cc5d50d7c0dc8b8487e4c04f32ee18de6a97eee8ae6965169fe5856,Do Nothing,0.0,2.6745,0.0,3.5881,9.0,1.0,Rollback,Operator Review,multiplicative,0.31875,0.28,0.95,0.75,0.502167,0.007115,0,0.283121,0,0,1,operator_escalation,confidence 0.502 is below the autonomous threshold 0.550; confidence margin 0.007 is below the ambiguity threshold 0.030,prototype_fault_reset,0.0,0,0.8875,0.866667,-0.020833,"Rollback was selected with confidence 0.502. The observed error rate was 9.00% with latency of 3.59 ms. CPU usage was 0.00%, and dependency availability was 1.00. The confidence margin over Do Nothing was 0.007."
2026-09-05T09:54:07.302896+00:00,Application Error Injection,0.2,1.0,526a06484cc5d50d7c0dc8b8487e4c04f32ee18de6a97eee8ae6965169fe5856,Rollback,0.0,2.6745,0.0,3.4154,25.0,1.0,Rollback,Rollback,multiplicative,0.61875,0.6,0.95,0.75,0.717155,0.211245,1,0.349092,1,1,0,autonomous,,prototype_fault_reset,1042.6881,3,0.725,1.0,0.275,"Rollback was selected with confidence 0.717. The observed error rate was 25.00% with latency of 3.42 ms. CPU usage was 0.00%, and dependency availability was 1.00. The confidence margin over Restart Service was 0.211."
2026-09-05T09:54:31.387764+00:00,Application Error Injection,0.2,1.0,526a06484cc5d50d7c0dc8b8487e4c04f32ee18de6a97eee8ae6965169fe5856,Rollback,0.0,2.6745,0.0,3.3783,18.0,1.0,Rollback,Rollback,multiplicative,0.4875,0.46,0.95,0.8,0.64252,0.213241,1,0.291277,1,1,0,autonomous,,prototype_fault_reset,1036.8908,3,0.775,1.0,0.225,"Rollback was selected with confidence 0.643. The observed error rate was 18.00% with latency of 3.38 ms. CPU usage was 0.00%, and dependency availability was 1.00. The confidence margin over Restart Service was 0.213."
2026-09-05T09:54:55.465627+00:00,Application Error Injection,0.2,1.0,526a06484cc5d50d7c0dc8b8487e4c04f32ee18de6a97eee8ae6965169fe5856,Rollback,0.0,2.6745,0.0,3.3572,16.0,1.0,Rollback,Rollback,multiplicative,0.45,0.42,0.95,0.833333,0.621944,0.186356,1,0.268242,1,1,0,autonomous,,prototype_fault_reset,1040.8833,3,0.8,1.0,0.2,"Rollback was selected with confidence 0.622. The observed error rate was 16.00% with latency of 3.36 ms. CPU usage was 0.00%, and dependency availability was 1.00. The confidence margin over Do Nothing was 0.186."
2026-09-05T09:55:19.559488+00:00,Application Error Injection,0.2,1.0,526a06484cc5d50d7c0dc8b8487e4c04f32ee18de6a97eee8ae6965169fe5856,Rollback,0.0,2.6745,0.0,3.5606,12.0,1.0,Rollback,Rollback,multiplicative,0.375,0.34,0.95,0.857143,0.567638,0.09715,1,0.415624,1,1,0,autonomous,,prototype_fault_reset,1049.1921,3,0.85,1.0,0.15,"Rollback was selected with confidence 0.568. The observed error rate was 12.00% with latency of 3.56 ms. CPU usage was 0.00%, and dependency availability was 1.00. The confidence margin over Do Nothing was 0.097."
2026-09-05T09:55:43.642472+00:00,Application Error Injection,0.2,1.0,526a06484cc5d50d7c0dc8b8487e4c04f32ee18de6a97eee8ae6965169fe5856,Rollback,0.0,2.6745,0.0,3.7687,14.0,1.0,Rollback,Rollback,multiplicative,0.4125,0.38,0.95,0.875,0.600807,0.147433,1,0.272159,1,1,0,autonomous,,prototype_fault_reset,1038.4599,3,0.825,1.0,0.175,"Rollback was selected with confidence 0.601. The observed error rate was 14.00% with latency of 3.77 ms. CPU usage was 0.00%, and dependency availability was 1.00. The confidence margin over Do Nothing was 0.147."
2026-09-05T09:56:07.731740+00:00,Application Error Injection,0.3,1.0,526a06484cc5d50d7c0dc8b8487e4c04f32ee18de6a97eee8ae6965169fe5856,Rollback,0.0,2.6745,0.0,3.4742,24.0,1.0,Rollback,Rollback,multiplicative,0.6,0.58,0.95,0.888889,0.736271,0.240582,1,0.303424,1,1,0,autonomous,,prototype_fault_reset,1048.5532,3,0.7,1.0,0.3,"Rollback was selected with confidence 0.736. The observed error rate was 24.00% with latency of 3.47 ms. CPU usage was 0.00%, and dependency availability was 1.00. The confidence margin over Restart Service was 0.241."
2026-09-05T09:56:31.805876+00:00,Application Error Injection,0.3,1.0,526a06484cc5d50d7c0dc8b8487e4c04f32ee18de6a97eee8ae6965169fe5856,Rollback,0.0,2.6745,0.0,3.0663,28.0,1.0,Rollback,Rollback,multiplicative,0.675,0.66,0.95,0.9,0.785604,0.250199,1,0.352036,1,1,0,autonomous,,prototype_fault_reset,1037.932,3,0.65,1.0,0.35,"Rollback was selected with confidence 0.786. The observed error rate was 28.00% with latency of 3.07 ms. CPU usage was 0.00%, and dependency availability was 1.00. The confidence margin over Restart Service was 0.250."
2026-09-05T09:56:55.908897+00:00,Application Error Injection,0.3,1.0,526a06484cc5d50d7c0dc8b8487e4c04f32ee18de6a97eee8ae6965169fe5856,Rollback,0.0,2.6745,0.0,3.0602,20.0,1.0,Rollback,Rollback,multiplicative,0.525,0.5,0.95,0.909091,0.690025,0.237526,1,0.478897,1,1,0,autonomous,,prototype_fault_reset,1051.5636,3,0.75,1.0,0.25,"Rollback was selected with confidence 0.690. The observed error rate was 20.00% with latency of 3.06 ms. CPU usage was 0.00%, and dependency availability was 1.00. The confidence margin over Restart Service was 0.238."
2026-09-05T09:57:19.983623+00:00,Application Error Injection,0.3,1.0,526a06484cc5d50d7c0dc8b8487e4c04f32ee18de6a97eee8ae6965169fe5856,Rollback,0.0,2.6745,0.0,3.1166,27.0,1.0,Rollback,Rollback,multiplicative,0.65625,0.64,0.95,0.916667,0.777671,0.251914,1,0.276993,1,1,0,autonomous,,prototype_fault_reset,1040.847,3,0.6625,1.0,0.3375,"Rollback was selected with confidence 0.778. The observed error rate was 27.00% with latency of 3.12 ms. CPU usage was 0.00%, and dependency availability was 1.00. The confidence margin over Restart Service was 0.252."
2026-09-05T09:57:44.065240+00:00,Application Error Injection,0.3,1.0,526a06484cc5d50d7c0dc8b8487e4c04f32ee18de6a97eee8ae6965169fe5856,Rollback,0.0,2.6745,0.0,3.1179,21.0,1.0,Rollback,Rollback,multiplicative,0.54375,0.52,0.95,0.923077,0.705653,0.241979,1,0.276016,1,1,0,autonomous,,prototype_fault_reset,1036.7481,3,0.7375,1.0,0.2625,"Rollback was selected with confidence 0.706. The observed error rate was 21.00% with latency of 3.12 ms. CPU usage was 0.00%, and dependency availability was 1.00. The confidence margin over Restart Service was 0.242."
2026-09-05T09:58:08.145783+00:00,Application Error Injection,0.35,1.0,526a06484cc5d50d7c0dc8b8487e4c04f32ee18de6a97eee8ae6965169fe5856,Rollback,0.0,2.6745,0.0,2.9954,31.0,1.0,Rollback,Rollback,multiplicative,0.73125,0.72,0.95,0.928571,0.825533,0.262175,1,0.293304,1,1,0,autonomous,,prototype_fault_reset,1042.3366,3,0.6125,1.0,0.3875,"Rollback was selected with confidence 0.826. The observed error rate was 31.00% with latency of 3.00 ms. CPU usage was 0.00%, and dependency availability was 1.00. The confidence margin over Restart Service was 0.262."
2026-09-05T09:58:32.224966+00:00,Application Error Injection,0.35,1.0,526a06484cc5d50d7c0dc8b8487e4c04f32ee18de6a97eee8ae6965169fe5856,Rollback,0.0,2.6745,0.0,2.9286,34.0,1.0,Rollback,Rollback,multiplicative,0.7875,0.78,0.95,0.933333,0.859066,0.269078,1,0.35833,1,1,0,autonomous,,prototype_fault_reset,1042.7194,3,0.575,1.0,0.425,"Rollback was selected with confidence 0.859. The observed error rate was 34.00% with latency of 2.93 ms. CPU usage was 0.00%, and dependency availability was 1.00. The confidence margin over Restart Service was 0.269."
2026-09-05T09:58:56.306981+00:00,Application Error Injection,0.35,1.0,526a06484cc5d50d7c0dc8b8487e4c04f32ee18de6a97eee8ae6965169fe5856,Rollback,0.0,2.6745,0.0,2.9499,29.0,1.0,Rollback,Rollback,multiplicative,0.69375,0.68,0.95,0.9375,0.805103,0.260222,1,0.341741,1,1,0,autonomous,,prototype_fault_reset,1037.5107,3,0.6375,1.0,0.3625,"Rollback was selected with confidence 0.805. The observed error rate was 29.00% with latency of 2.95 ms. CPU usage was 0.00%, and dependency availability was 1.00. The confidence margin over Restart Service was 0.260."
2026-09-05T09:59:20.391899+00:00,Application Error Injection,0.35,1.0,526a06484cc5d50d7c0dc8b8487e4c04f32ee18de6a97eee8ae6965169fe5856,Rollback,0.0,2.6745,0.0,3.0887,25.0,1.0,Rollback,Rollback,multiplicative,0.61875,0.6,0.95,0.941176,0.759041,0.253131,1,0.344197,1,1,0,autonomous,,prototype_fault_reset,1038.4154,3,0.6875,1.0,0.3125,"Rollback was selected with confidence 0.759. The observed error rate was 25.00% with latency of 3.09 ms. CPU usage was 0.00%, and dependency availability was 1.00. The confidence margin over Restart Service was 0.253."
2026-09-05T09:59:44.481077+00:00,Application Error Injection,0.35,1.0,526a06484cc5d50d7c0dc8b8487e4c04f32ee18de6a97eee8ae6965169fe5856,Rollback,0.0,2.6745,0.0,3.1514,25.0,1.0,Rollback,Rollback,multiplicative,0.61875,0.6,0.95,0.944444,0.759699,0.253789,1,0.301893,1,1,0,autonomous,,prototype_fault_reset,1042.9638,3,0.6875,1.0,0.3125,"Rollback was selected with confidence 0.760. The observed error rate was 25.00% with latency of 3.15 ms. CPU usage was 0.00%, and dependency availability was 1.00. The confidence margin over Restart Service was 0.254."
2026-09-05T10:00:08.795321+00:00,Application Error Injection,0.4,1.0,526a06484cc5d50d7c0dc8b8487e4c04f32ee18de6a97eee8ae6965169fe5856,Rollback,0.0,2.6745,0.0,3.0058,31.0,1.0,Rollback,Rollback,multiplicative,0.73125,0.72,0.95,0.947368,0.829679,0.266322,1,0.684632,1,1,0,autonomous,,prototype_fault_reset,1212.2251,3,0.6125,1.0,0.3875,"Rollback was selected with confidence 0.830. The observed error rate was 31.00% with latency of 3.01 ms. CPU usage was 0.00%, and dependency availability was 1.00. The confidence margin over Restart Service was 0.266."
2026-09-05T10:00:32.892112+00:00,Application Error Injection,0.4,1.0,526a06484cc5d50d7c0dc8b8487e4c04f32ee18de6a97eee8ae6965169fe5856,Rollback,0.0,2.6745,0.0,3.9717,32.0,1.0,Rollback,Rollback,multiplicative,0.75,0.74,0.95,0.95,0.841269,0.268897,1,0.306304,1,1,0,autonomous,,prototype_fault_reset,1045.6084,3,0.6,1.0,0.4,"Rollback was selected with confidence 0.841. The observed error rate was 32.00% with latency of 3.97 ms. CPU usage was 0.00%, and dependency availability was 1.00. The confidence margin over Restart Service was 0.269."
2026-09-05T10:00:56.987648+00:00,Application Error Injection,0.4,1.0,526a06484cc5d50d7c0dc8b8487e4c04f32ee18de6a97eee8ae6965169fe5856,Rollback,0.0,2.6745,0.0,3.9088,37.0,1.0,Rollback,Rollback,multiplicative,0.84375,0.84,0.95,0.952381,0.894864,0.279398,1,0.324413,1,1,0,autonomous,,prototype_fault_reset,1054.8423,3,0.5375,1.0,0.4625,"Rollback was selected with confidence 0.895. The observed error rate was 37.00% with latency of 3.91 ms. CPU usage was 0.00%, and dependency availability was 1.00. The confidence margin over Restart Service was 0.279."
2026-09-05T10:01:21.118883+00:00,Application Error Injection,0.4,1.0,526a06484cc5d50d7c0dc8b8487e4c04f32ee18de6a97eee8ae6965169fe5856,Rollback,1.0,2.6745,0.0,3.2608,34.0,1.0,Rollback,Rollback,multiplicative,0.7875,0.78,0.95,0.954545,0.863906,0.273918,1,0.579418,1,1,0,autonomous,,prototype_fault_reset,1070.1227,3,0.575,1.0,0.425,"Rollback was selected with confidence 0.864. The observed error rate was 34.00% with latency of 3.26 ms. CPU usage was 1.00%, and dependency availability was 1.00. The confidence margin over Restart Service was 0.274."
2026-09-05T10:01:45.213490+00:00,Application Error Injection,0.4,1.0,526a06484cc5d50d7c0dc8b8487e4c04f32ee18de6a97eee8ae6965169fe5856,Rollback,0.0,2.6745,0.0,3.2602,30.0,1.0,Rollback,Rollback,multiplicative,0.7125,0.7,0.95,0.956522,0.820494,0.266297,1,0.44302,1,1,0,autonomous,,prototype_fault_reset,1047.5541,3,0.625,1.0,0.375,"Rollback was selected with confidence 0.820. The observed error rate was 30.00% with latency of 3.26 ms. CPU usage was 0.00%, and dependency availability was 1.00. The confidence margin over Restart Service was 0.266."
2026-09-05T10:02:08.254950+00:00,Service Dependency Failure,1.0,1.0,526a06484cc5d50d7c0dc8b8487e4c04f32ee18de6a97eee8ae6965169fe5856,Restart Dependency,0.0,2.6745,0.0,2.9122,60.0,0.0,Restart Dependency,Operator Review,multiplicative,0.9,1.0,0.94,0.5,0.806464,0.006513,1,1.478944,0,0,1,operator_escalation,confidence margin 0.007 is below the ambiguity threshold 0.030,prototype_fault_reset,0.0,0,0.0,0.0,0.0,"Restart Dependency was selected with confidence 0.806. Dependency availability was 0.00, error rate was 60.00%, and latency was 2.91 ms. The confidence margin over Circuit Breaker was 0.007."
2026-09-05T10:02:31.305066+00:00,Service Dependency Failure,1.0,1.0,526a06484cc5d50d7c0dc8b8487e4c04f32ee18de6a97eee8ae6965169fe5856,Restart Dependency,0.0,2.6745,0.0,1.8899,88.0,0.0,Restart Dependency,Operator Review,multiplicative,0.9,1.0,0.94,0.5,0.806464,0.006513,1,0.376943,0,0,1,operator_escalation,confidence margin 0.007 is below the ambiguity threshold 0.030,prototype_fault_reset,0.0,0,0.0,0.0,0.0,"Restart Dependency was selected with confidence 0.806. Dependency availability was 0.00, error rate was 88.00%, and latency was 1.89 ms. The confidence margin over Circuit Breaker was 0.007."
2026-09-05T10:02:54.356460+00:00,Service Dependency Failure,1.0,1.0,526a06484cc5d50d7c0dc8b8487e4c04f32ee18de6a97eee8ae6965169fe5856,Restart Dependency,0.0,2.6745,0.0,0.6177,88.0,0.0,Restart Dependency,Operator Review,multiplicative,0.9,1.0,0.94,0.5,0.806464,0.006513,1,0.337926,0,0,1,operator_escalation,confidence margin 0.007 is below the ambiguity threshold 0.030,prototype_fault_reset,0.0,0,0.0,0.0,0.0,"Restart Dependency was selected with confidence 0.806. Dependency availability was 0.00, error rate was 88.00%, and latency was 0.62 ms. The confidence margin over Circuit Breaker was 0.007."
2026-09-05T10:03:17.394852+00:00,Service Dependency Failure,1.0,1.0,526a06484cc5d50d7c0dc8b8487e4c04f32ee18de6a97eee8ae6965169fe5856,Restart Dependency,0.0,2.6745,0.0,0.6185,88.0,0.0,Restart Dependency,Operator Review,multiplicative,0.9,1.0,0.94,0.5,0.806464,0.006513,1,0.283098,0,0,1,operator_escalation,confidence margin 0.007 is below the ambiguity threshold 0.030,prototype_fault_reset,0.0,0,0.0,0.0,0.0,"Restart Dependency was selected with confidence 0.806. Dependency availability was 0.00, error rate was 88.00%, and latency was 0.62 ms. The confidence margin over Circuit Breaker was 0.007."
2026-09-05T10:03:40.451095+00:00,Service Dependency Failure,1.0,1.0,526a06484cc5d50d7c0dc8b8487e4c04f32ee18de6a97eee8ae6965169fe5856,Restart Dependency,0.0,2.6747,0.0,0.5737,88.0,0.0,Restart Dependency,Operator Review,multiplicative,0.9,1.0,0.94,0.5,0.806464,0.006513,1,0.350649,0,0,1,operator_escalation,confidence margin 0.007 is below the ambiguity threshold 0.030,prototype_fault_reset,0.0,0,0.0,0.0,0.0,"Restart Dependency was selected with confidence 0.806. Dependency availability was 0.00, error rate was 88.00%, and latency was 0.57 ms. The confidence margin over Circuit Breaker was 0.007."
2026-09-05T10:07:44.960114+00:00,CPU Resource Exhaustion,0.6,1.0,526a06484cc5d50d7c0dc8b8487e4c04f32ee18de6a97eee8ae6965169fe5856,Do Nothing,59.8,2.6747,0.0,7.6795,4.0,1.0,Do Nothing,Do Nothing,multiplicative,0.8,0.804,0.45,0.5,0.616783,0.293413,1,0.254941,,0,0,autonomous_observation,,prototype_fault_reset,,0,1.0,1.0,0.0,Do Nothing was selected with confidence 0.617. CPU usage was 59.80% and latency was 7.68 ms. The confidence margin over Restart Service was 0.293.
2026-09-05T10:08:07.035686+00:00,CPU Resource Exhaustion,0.6,1.0,526a06484cc5d50d7c0dc8b8487e4c04f32ee18de6a97eee8ae6965169fe5856,Do Nothing,58.7,2.6747,0.0,7.1313,0.0,1.0,Do Nothing,Do Nothing,multiplicative,0.826,0.826,0.45,0.5,0.625944,0.331171,1,0.201281,,0,0,autonomous_observation,,prototype_fault_reset,,0,1.0,1.0,0.0,Do Nothing was selected with confidence 0.626. CPU usage was 58.70% and latency was 7.13 ms. The confidence margin over Scale Out was 0.331.
2026-09-05T10:08:29.091311+00:00,CPU Resource Exhaustion,0.6,1.0,526a06484cc5d50d7c0dc8b8487e4c04f32ee18de6a97eee8ae6965169fe5856,Do Nothing,59.9,2.6747,0.0,7.1114,0.0,1.0,Do Nothing,Do Nothing,multiplicative,0.802,0.802,0.45,0.5,0.616784,0.302338,1,0.195309,,0,0,autonomous_observation,,prototype_fault_reset,,0,1.0,1.0,0.0,Do Nothing was selected with confidence 0.617. CPU usage was 59.90% and latency was 7.11 ms. The confidence margin over Scale Out was 0.302.
2026-09-05T10:08:51.162557+00:00,CPU Resource Exhaustion,0.6,1.0,526a06484cc5d50d7c0dc8b8487e4c04f32ee18de6a97eee8ae6965169fe5856,Do Nothing,58.8,2.6747,0.0,6.8938,0.0,1.0,Do Nothing,Do Nothing,multiplicative,0.824,0.824,0.45,0.5,0.625186,0.328724,1,0.217857,,0,0,autonomous_observation,,prototype_fault_reset,,0,1.0,1.0,0.0,Do Nothing was selected with confidence 0.625. CPU usage was 58.80% and latency was 6.89 ms. The confidence margin over Scale Out was 0.329.
2026-09-05T10:09:13.218393+00:00,CPU Resource Exhaustion,0.6,1.0,526a06484cc5d50d7c0dc8b8487e4c04f32ee18de6a97eee8ae6965169fe5856,Do Nothing,59.9,2.6747,0.0,7.2135,0.0,1.0,Do Nothing,Do Nothing,multiplicative,0.802,0.802,0.45,0.5,0.616784,0.302338,1,0.213084,,0,0,autonomous_observation,,prototype_fault_reset,,0,1.0,1.0,0.0,Do Nothing was selected with confidence 0.617. CPU usage was 59.90% and latency was 7.21 ms. The confidence margin over Scale Out was 0.302.
2026-09-05T10:09:35.285264+00:00,CPU Resource Exhaustion,0.6,1.0,526a06484cc5d50d7c0dc8b8487e4c04f32ee18de6a97eee8ae6965169fe5856,Do Nothing,58.9,2.6747,0.0,7.4125,0.0,1.0,Do Nothing,Do Nothing,multiplicative,0.822,0.822,0.45,0.5,0.624427,0.326285,1,0.234766,,0,0,autonomous_observation,,prototype_fault_reset,,0,1.0,1.0,0.0,Do Nothing was selected with confidence 0.624. CPU usage was 58.90% and latency was 7.41 ms. The confidence margin over Scale Out was 0.326.
2026-09-05T10:09:57.357528+00:00,CPU Resource Exhaustion,0.7,1.0,526a06484cc5d50d7c0dc8b8487e4c04f32ee18de6a97eee8ae6965169fe5856,Do Nothing,68.8,2.6747,0.0,7.7074,0.0,1.0,Do Nothing,Operator Review,multiplicative,0.624,0.624,0.45,0.5,0.544049,0.11073,1,0.203001,0,0,1,operator_escalation,confidence 0.544 is below the autonomous threshold 0.550,prototype_fault_reset,0.0,0,1.0,1.0,0.0,Do Nothing was selected with confidence 0.544. CPU usage was 68.80% and latency was 7.71 ms. The confidence margin over Scale Out was 0.111.
2026-09-05T10:10:19.439721+00:00,CPU Resource Exhaustion,0.7,1.0,526a06484cc5d50d7c0dc8b8487e4c04f32ee18de6a97eee8ae6965169fe5856,Do Nothing,69.8,2.6747,0.0,9.1023,0.0,1.0,Do Nothing,Operator Review,multiplicative,0.604,0.604,0.45,0.5,0.535259,0.090566,1,0.340336,0,0,1,operator_escalation,confidence 0.535 is below the autonomous threshold 0.550,prototype_fault_reset,0.0,0,1.0,1.0,0.0,Do Nothing was selected with confidence 0.535. CPU usage was 69.80% and latency was 9.10 ms. The confidence margin over Scale Out was 0.091.
2026-09-05T10:10:41.498036+00:00,CPU Resource Exhaustion,0.7,1.0,526a06484cc5d50d7c0dc8b8487e4c04f32ee18de6a97eee8ae6965169fe5856,Do Nothing,67.8,2.6747,0.0,9.5239,0.0,1.0,Do Nothing,Do Nothing,multiplicative,0.644,0.644,0.45,0.5,0.552699,0.131062,1,0.207459,,0,0,autonomous_observation,,prototype_fault_reset,,0,1.0,1.0,0.0,Do Nothing was selected with confidence 0.553. CPU usage was 67.80% and latency was 9.52 ms. The confidence margin over Scale Out was 0.131.
2026-09-05T10:11:03.568543+00:00,CPU Resource Exhaustion,0.7,1.0,526a06484cc5d50d7c0dc8b8487e4c04f32ee18de6a97eee8ae6965169fe5856,Do Nothing,68.8,2.6747,0.0,9.2344,0.0,1.0,Do Nothing,Operator Review,multiplicative,0.624,0.624,0.45,0.5,0.544049,0.11073,1,0.213401,0,0,1,operator_escalation,confidence 0.544 is below the autonomous threshold 0.550,prototype_fault_reset,0.0,0,1.0,1.0,0.0,Do Nothing was selected with confidence 0.544. CPU usage was 68.80% and latency was 9.23 ms. The confidence margin over Scale Out was 0.111.
2026-09-05T10:11:25.626536+00:00,CPU Resource Exhaustion,0.7,1.0,526a06484cc5d50d7c0dc8b8487e4c04f32ee18de6a97eee8ae6965169fe5856,Do Nothing,68.8,2.6747,0.0,8.4782,0.0,1.0,Do Nothing,Operator Review,multiplicative,0.624,0.624,0.45,0.5,0.544049,0.11073,1,0.356773,0,0,1,operator_escalation,confidence 0.544 is below the autonomous threshold 0.550,prototype_fault_reset,0.0,0,1.0,1.0,0.0,Do Nothing was selected with confidence 0.544. CPU usage was 68.80% and latency was 8.48 ms. The confidence margin over Scale Out was 0.111.
2026-09-05T10:11:47.695632+00:00,CPU Resource Exhaustion,0.7,1.0,526a06484cc5d50d7c0dc8b8487e4c04f32ee18de6a97eee8ae6965169fe5856,Do Nothing,67.8,2.6747,0.0,8.6544,0.0,1.0,Do Nothing,Do Nothing,multiplicative,0.644,0.644,0.45,0.5,0.552699,0.131062,1,0.42075,,0,0,autonomous_observation,,prototype_fault_reset,,0,1.0,1.0,0.0,Do Nothing was selected with confidence 0.553. CPU usage was 67.80% and latency was 8.65 ms. The confidence margin over Scale Out was 0.131.
2026-09-05T10:12:09.765392+00:00,CPU Resource Exhaustion,0.8,1.0,526a06484cc5d50d7c0dc8b8487e4c04f32ee18de6a97eee8ae6965169fe5856,Scale Out,75.7,2.6747,0.0,9.0832,0.0,1.0,Scale Out,Operator Review,multiplicative,0.3855,0.3598,0.95,0.5,0.506635,0.026499,1,0.266026,0,0,1,operator_escalation,confidence 0.507 is below the autonomous threshold 0.550; confidence margin 0.026 is below the ambiguity threshold 0.030,prototype_fault_reset,0.0,0,1.0,1.0,0.0,Scale Out was selected with confidence 0.507. CPU usage was 75.70% and latency was 9.08 ms. The confidence margin over Do Nothing was 0.026.
2026-09-05T10:12:31.822624+00:00,CPU Resource Exhaustion,0.8,1.0,526a06484cc5d50d7c0dc8b8487e4c04f32ee18de6a97eee8ae6965169fe5856,Scale Out,79.8,2.6747,0.0,9.7125,0.0,1.0,Scale Out,Operator Review,multiplicative,0.447,0.4172,0.95,0.5,0.545552,0.107792,1,1.376032,0,0,1,operator_escalation,confidence 0.546 is below the autonomous threshold 0.550,prototype_fault_reset,0.0,0,1.0,1.0,0.0,Scale Out was selected with confidence 0.546. CPU usage was 79.80% and latency was 9.71 ms. The confidence margin over Do Nothing was 0.108.
2026-09-05T10:12:53.904536+00:00,CPU Resource Exhaustion,0.8,1.0,526a06484cc5d50d7c0dc8b8487e4c04f32ee18de6a97eee8ae6965169fe5856,Scale Out,78.8,2.6747,0.0,10.2521,0.0,1.0,Scale Out,Operator Review,multiplicative,0.432,0.4032,0.95,0.5,0.536321,0.087856,1,0.241823,0,0,1,operator_escalation,confidence 0.536 is below the autonomous threshold 0.550,prototype_fault_reset,0.0,0,1.0,1.0,0.0,Scale Out was selected with confidence 0.536. CPU usage was 78.80% and latency was 10.25 ms. The confidence margin over Do Nothing was 0.088.
2026-09-05T10:13:15.952805+00:00,CPU Resource Exhaustion,0.8,1.0,526a06484cc5d50d7c0dc8b8487e4c04f32ee18de6a97eee8ae6965169fe5856,Scale Out,79.8,2.6747,0.0,10.3622,0.0,1.0,Scale Out,Operator Review,multiplicative,0.447,0.4172,0.95,0.5,0.545552,0.107792,1,0.194137,0,0,1,operator_escalation,confidence 0.546 is below the autonomous threshold 0.550,prototype_fault_reset,0.0,0,1.0,1.0,0.0,Scale Out was selected with confidence 0.546. CPU usage was 79.80% and latency was 10.36 ms. The confidence margin over Do Nothing was 0.108.
2026-09-05T10:13:38.019263+00:00,CPU Resource Exhaustion,0.8,1.0,526a06484cc5d50d7c0dc8b8487e4c04f32ee18de6a97eee8ae6965169fe5856,Scale Out,78.8,2.6747,0.0,10.1297,0.0,1.0,Scale Out,Operator Review,multiplicative,0.432,0.4032,0.95,0.5,0.536321,0.087856,1,0.207504,0,0,1,operator_escalation,confidence 0.536 is below the autonomous threshold 0.550,prototype_fault_reset,0.0,0,1.0,1.0,0.0,Scale Out was selected with confidence 0.536. CPU usage was 78.80% and latency was 10.13 ms. The confidence margin over Do Nothing was 0.088.
2026-09-05T10:14:00.078771+00:00,CPU Resource Exhaustion,0.8,1.0,526a06484cc5d50d7c0dc8b8487e4c04f32ee18de6a97eee8ae6965169fe5856,Scale Out,79.8,2.6747,0.0,10.5453,0.0,1.0,Scale Out,Operator Review,multiplicative,0.447,0.4172,0.95,0.5,0.545552,0.107792,1,0.2136,0,0,1,operator_escalation,confidence 0.546 is below the autonomous threshold 0.550,prototype_fault_reset,0.0,0,1.0,1.0,0.0,Scale Out was selected with confidence 0.546. CPU usage was 79.80% and latency was 10.55 ms. The confidence margin over Do Nothing was 0.108.
2026-09-05T10:14:23.203192+00:00,CPU Resource Exhaustion,0.9,1.0,526a06484cc5d50d7c0dc8b8487e4c04f32ee18de6a97eee8ae6965169fe5856,Scale Out,87.8,2.6747,0.0,12.1358,0.0,1.0,Scale Out,Scale Out,multiplicative,0.567,0.5292,0.95,0.5,0.614432,0.126713,1,0.223464,1,1,0,autonomous,,prototype_fault_reset,1051.6564,3,1.0,1.0,0.0,Scale Out was selected with confidence 0.614. CPU usage was 87.80% and latency was 12.14 ms. The confidence margin over Restart Service was 0.127.
2026-09-05T10:14:46.351900+00:00,CPU Resource Exhaustion,0.9,1.0,526a06484cc5d50d7c0dc8b8487e4c04f32ee18de6a97eee8ae6965169fe5856,Scale Out,87.8,2.6747,0.0,12.9894,0.0,1.0,Scale Out,Scale Out,multiplicative,0.567,0.5292,0.95,0.666667,0.660251,0.172532,1,0.289559,1,1,0,autonomous,,prototype_fault_reset,1077.304,3,1.0,1.0,0.0,Scale Out was selected with confidence 0.660. CPU usage was 87.80% and latency was 12.99 ms. The confidence margin over Restart Service was 0.173.
2026-09-05T10:15:09.583936+00:00,CPU Resource Exhaustion,0.9,1.0,526a06484cc5d50d7c0dc8b8487e4c04f32ee18de6a97eee8ae6965169fe5856,Scale Out,89.7,2.6747,0.0,14.1387,0.0,1.0,Scale Out,Scale Out,multiplicative,0.5955,0.5558,0.95,0.75,0.696861,0.197035,1,0.417971,1,1,0,autonomous,,prototype_fault_reset,1116.5961,3,1.0,1.0,0.0,Scale Out was selected with confidence 0.697. CPU usage was 89.70% and latency was 14.14 ms. The confidence margin over Restart Service was 0.197.
2026-09-05T10:15:32.727037+00:00,CPU Resource Exhaustion,0.9,1.0,526a06484cc5d50d7c0dc8b8487e4c04f32ee18de6a97eee8ae6965169fe5856,Scale Out,90.4,2.6747,0.0,15.3824,0.0,1.0,Scale Out,Scale Out,multiplicative,0.606,0.5656,0.95,0.8,0.714412,0.210199,1,0.277536,1,1,0,autonomous,,prototype_fault_reset,1080.7761,3,1.0,1.0,0.0,Scale Out was selected with confidence 0.714. CPU usage was 90.40% and latency was 15.38 ms. The confidence margin over Restart Service was 0.210.
2026-09-05T10:15:55.881708+00:00,CPU Resource Exhaustion,0.9,1.0,526a06484cc5d50d7c0dc8b8487e4c04f32ee18de6a97eee8ae6965169fe5856,Scale Out,88.7,2.6747,0.0,15.616,0.0,1.0,Scale Out,Scale Out,multiplicative,0.5805,0.5418,0.95,0.833333,0.706392,0.212901,1,0.265749,1,1,0,autonomous,,prototype_fault_reset,1092.3896,3,1.0,1.0,0.0,Scale Out was selected with confidence 0.706. CPU usage was 88.70% and latency was 15.62 ms. The confidence margin over Restart Service was 0.213.
2026-09-05T10:16:19.023671+00:00,CPU Resource Exhaustion,0.9,1.0,526a06484cc5d50d7c0dc8b8487e4c04f32ee18de6a97eee8ae6965169fe5856,Scale Out,87.5,2.6747,0.0,14.8287,0.0,1.0,Scale Out,Scale Out,multiplicative,0.5625,0.525,0.95,0.857143,0.700269,0.214489,1,0.231253,1,1,0,autonomous,,prototype_fault_reset,1097.0217,3,1.0,1.0,0.0,Scale Out was selected with confidence 0.700. CPU usage was 87.50% and latency was 14.83 ms. The confidence margin over Restart Service was 0.214.
2026-09-05T10:16:42.202092+00:00,CPU Resource Exhaustion,0.95,1.0,526a06484cc5d50d7c0dc8b8487e4c04f32ee18de6a97eee8ae6965169fe5856,Scale Out,93.8,2.6747,0.0,14.1163,0.0,1.0,Scale Out,Scale Out,multiplicative,0.657,0.6132,0.95,0.875,0.76072,0.235718,1,0.251332,1,1,0,autonomous,,prototype_fault_reset,1109.9137,3,1.0,1.0,0.0,Scale Out was selected with confidence 0.761. CPU usage was 93.80% and latency was 14.12 ms. The confidence margin over Restart Service was 0.236.
2026-09-05T10:17:05.355191+00:00,CPU Resource Exhaustion,0.95,1.0,526a06484cc5d50d7c0dc8b8487e4c04f32ee18de6a97eee8ae6965169fe5856,Scale Out,94.8,2.6747,0.0,14.8857,0.0,1.0,Scale Out,Scale Out,multiplicative,0.672,0.6272,0.95,0.888889,0.77239,0.241429,1,1.656246,1,1,0,autonomous,,prototype_fault_reset,1099.8335,3,1.0,1.0,0.0,Scale Out was selected with confidence 0.772. CPU usage was 94.80% and latency was 14.89 ms. The confidence margin over Restart Service was 0.241.
2026-09-05T10:17:28.504817+00:00,CPU Resource Exhaustion,0.95,1.0,526a06484cc5d50d7c0dc8b8487e4c04f32ee18de6a97eee8ae6965169fe5856,Scale Out,94.8,2.6747,0.0,15.5255,0.0,1.0,Scale Out,Scale Out,multiplicative,0.672,0.6272,0.95,0.9,0.774792,0.243831,1,0.268886,1,1,0,autonomous,,prototype_fault_reset,1098.7528,3,1.0,1.0,0.0,Scale Out was selected with confidence 0.775. CPU usage was 94.80% and latency was 15.53 ms. The confidence margin over Restart Service was 0.244.
2026-09-05T10:17:51.671951+00:00,CPU Resource Exhaustion,0.95,1.0,526a06484cc5d50d7c0dc8b8487e4c04f32ee18de6a97eee8ae6965169fe5856,Scale Out,93.7,2.6747,0.0,15.8424,0.0,1.0,Scale Out,Scale Out,multiplicative,0.6555,0.6118,0.95,0.909091,0.767146,0.242744,1,1.397293,1,1,0,autonomous,,prototype_fault_reset,1099.673,3,1.0,1.0,0.0,Scale Out was selected with confidence 0.767. CPU usage was 93.70% and latency was 15.84 ms. The confidence margin over Restart Service was 0.243.
2026-09-05T10:18:14.840134+00:00,CPU Resource Exhaustion,0.95,1.0,526a06484cc5d50d7c0dc8b8487e4c04f32ee18de6a97eee8ae6965169fe5856,Scale Out,93.7,2.6747,0.0,16.6395,0.0,1.0,Scale Out,Scale Out,multiplicative,0.6555,0.6118,0.95,0.916667,0.76874,0.244337,1,3.12983,1,1,0,autonomous,,prototype_fault_reset,1104.912,3,1.0,1.0,0.0,Scale Out was selected with confidence 0.769. CPU usage was 93.70% and latency was 16.64 ms. The confidence margin over Restart Service was 0.244.
2026-09-05T10:18:37.997330+00:00,CPU Resource Exhaustion,0.95,1.0,526a06484cc5d50d7c0dc8b8487e4c04f32ee18de6a97eee8ae6965169fe5856,Scale Out,95.9,2.6747,0.0,16.8649,0.0,1.0,Scale Out,Scale Out,multiplicative,0.6885,0.6426,0.95,0.923077,0.789226,0.251786,1,0.36897,1,1,0,autonomous,,prototype_fault_reset,1101.9649,3,1.0,1.0,0.0,Scale Out was selected with confidence 0.789. CPU usage was 95.90% and latency was 16.86 ms. The confidence margin over Restart Service was 0.252.
2026-09-05T10:18:58.137141+00:00,Memory Pressure,100.0,1.0,526a06484cc5d50d7c0dc8b8487e4c04f32ee18de6a97eee8ae6965169fe5856,Do Nothing,0.0,7.7508,100.0,13.3321,0.0,1.0,Do Nothing,Operator Review,multiplicative,0.612458,0.666667,0.35,0.5,0.517018,0.051653,1,0.523559,0,0,1,operator_escalation,confidence 0.517 is below the autonomous threshold 0.550,prototype_fault_reset,0.0,0,1.0,1.0,0.0,Do Nothing was selected with confidence 0.517. Injected memory was 100.00 MB and process memory usage was 7.75%.
2026-09-05T10:19:18.252823+00:00,Memory Pressure,100.0,1.0,526a06484cc5d50d7c0dc8b8487e4c04f32ee18de6a97eee8ae6965169fe5856,Do Nothing,0.0,7.7506,100.0,9.096,0.0,1.0,Do Nothing,Operator Review,multiplicative,0.612468,0.666667,0.35,0.5,0.51702,0.051658,1,0.213067,0,0,1,operator_escalation,confidence 0.517 is below the autonomous threshold 0.550,prototype_fault_reset,0.0,0,1.0,1.0,0.0,Do Nothing was selected with confidence 0.517. Injected memory was 100.00 MB and process memory usage was 7.75%.
2026-09-05T10:19:38.360288+00:00,Memory Pressure,100.0,1.0,526a06484cc5d50d7c0dc8b8487e4c04f32ee18de6a97eee8ae6965169fe5856,Do Nothing,0.0,7.7506,100.0,4.5716,0.0,1.0,Do Nothing,Operator Review,multiplicative,0.612468,0.666667,0.35,0.5,0.51702,0.051658,1,0.299995,0,0,1,operator_escalation,confidence 0.517 is below the autonomous threshold 0.550,prototype_fault_reset,0.0,0,1.0,1.0,0.0,Do Nothing was selected with confidence 0.517. Injected memory was 100.00 MB and process memory usage was 7.75%.
2026-09-05T10:19:58.479465+00:00,Memory Pressure,100.0,1.0,526a06484cc5d50d7c0dc8b8487e4c04f32ee18de6a97eee8ae6965169fe5856,Do Nothing,0.0,7.7506,100.0,4.3875,0.0,1.0,Do Nothing,Operator Review,multiplicative,0.612468,0.666667,0.35,0.5,0.51702,0.051658,1,0.291038,0,0,1,operator_escalation,confidence 0.517 is below the autonomous threshold 0.550,prototype_fault_reset,0.0,0,1.0,1.0,0.0,Do Nothing was selected with confidence 0.517. Injected memory was 100.00 MB and process memory usage was 7.75%.
2026-09-05T10:20:18.595781+00:00,Memory Pressure,100.0,1.0,526a06484cc5d50d7c0dc8b8487e4c04f32ee18de6a97eee8ae6965169fe5856,Do Nothing,0.0,7.7506,100.0,4.5434,0.0,1.0,Do Nothing,Operator Review,multiplicative,0.612468,0.666667,0.35,0.5,0.51702,0.051658,1,0.222148,0,0,1,operator_escalation,confidence 0.517 is below the autonomous threshold 0.550,prototype_fault_reset,0.0,0,1.0,1.0,0.0,Do Nothing was selected with confidence 0.517. Injected memory was 100.00 MB and process memory usage was 7.75%.
2026-09-05T10:20:38.738809+00:00,Memory Pressure,150.0,1.0,526a06484cc5d50d7c0dc8b8487e4c04f32ee18de6a97eee8ae6965169fe5856,Do Nothing,0.0,10.2913,150.0,4.6726,0.0,1.0,Scale Out,Operator Review,multiplicative,0.37937,0.35437,0.76,0.928571,0.554992,0.000976,0,0.203084,0,0,1,operator_escalation,confidence margin 0.001 is below the ambiguity threshold 0.030,prototype_fault_reset,0.0,0,1.0,1.0,0.0,Scale Out was selected with confidence 0.555. Injected memory was 150.00 MB and process memory usage was 10.29%.
2026-09-05T10:20:58.900027+00:00,Memory Pressure,150.0,1.0,526a06484cc5d50d7c0dc8b8487e4c04f32ee18de6a97eee8ae6965169fe5856,Do Nothing,0.0,10.2913,150.0,4.5242,0.0,1.0,Scale Out,Operator Review,multiplicative,0.37937,0.35437,0.76,0.928571,0.554992,0.000976,0,0.211797,0,0,1,operator_escalation,confidence margin 0.001 is below the ambiguity threshold 0.030,prototype_fault_reset,0.0,0,1.0,1.0,0.0,Scale Out was selected with confidence 0.555. Injected memory was 150.00 MB and process memory usage was 10.29%.
2026-09-05T10:21:19.043182+00:00,Memory Pressure,150.0,1.0,526a06484cc5d50d7c0dc8b8487e4c04f32ee18de6a97eee8ae6965169fe5856,Do Nothing,0.0,10.2913,150.0,4.0333,0.0,1.0,Scale Out,Operator Review,multiplicative,0.37937,0.35437,0.76,0.928571,0.554992,0.000976,0,0.233705,0,0,1,operator_escalation,confidence margin 0.001 is below the ambiguity threshold 0.030,prototype_fault_reset,0.0,0,1.0,1.0,0.0,Scale Out was selected with confidence 0.555. Injected memory was 150.00 MB and process memory usage was 10.29%.
2026-09-05T10:21:39.198730+00:00,Memory Pressure,150.0,1.0,526a06484cc5d50d7c0dc8b8487e4c04f32ee18de6a97eee8ae6965169fe5856,Do Nothing,0.0,10.2913,150.0,3.931,0.0,1.0,Scale Out,Operator Review,multiplicative,0.37937,0.35437,0.76,0.928571,0.554992,0.000976,0,1.538321,0,0,1,operator_escalation,confidence margin 0.001 is below the ambiguity threshold 0.030,prototype_fault_reset,0.0,0,1.0,1.0,0.0,Scale Out was selected with confidence 0.555. Injected memory was 150.00 MB and process memory usage was 10.29%.
2026-09-05T10:21:59.353859+00:00,Memory Pressure,150.0,1.0,526a06484cc5d50d7c0dc8b8487e4c04f32ee18de6a97eee8ae6965169fe5856,Do Nothing,0.0,10.2913,150.0,3.9924,0.0,1.0,Scale Out,Operator Review,multiplicative,0.37937,0.35437,0.76,0.928571,0.554992,0.000976,0,0.295617,0,0,1,operator_escalation,confidence margin 0.001 is below the ambiguity threshold 0.030,prototype_fault_reset,0.0,0,1.0,1.0,0.0,Scale Out was selected with confidence 0.555. Injected memory was 150.00 MB and process memory usage was 10.29%.
2026-09-05T10:22:19.529250+00:00,Memory Pressure,200.0,1.0,526a06484cc5d50d7c0dc8b8487e4c04f32ee18de6a97eee8ae6965169fe5856,Restart Service,0.0,12.8322,200.0,3.847,0.0,1.0,Restart Service,Operator Review,multiplicative,0.594988,0.596241,0.92,0.5,0.635583,0.003544,1,0.199771,0,0,1,operator_escalation,confidence margin 0.004 is below the ambiguity threshold 0.030,prototype_fault_reset,0.0,0,1.0,1.0,0.0,Restart Service was selected with confidence 0.636. Injected memory was 200.00 MB and process memory usage was 12.83%.
2026-09-05T10:22:39.721875+00:00,Memory Pressure,200.0,1.0,526a06484cc5d50d7c0dc8b8487e4c04f32ee18de6a97eee8ae6965169fe5856,Restart Service,0.0,12.8322,200.0,3.9176,0.0,1.0,Restart Service,Operator Review,multiplicative,0.594988,0.596241,0.92,0.5,0.635583,0.003544,1,0.205705,0,0,1,operator_escalation,confidence margin 0.004 is below the ambiguity threshold 0.030,prototype_fault_reset,0.0,0,1.0,1.0,0.0,Restart Service was selected with confidence 0.636. Injected memory was 200.00 MB and process memory usage was 12.83%.
2026-09-05T10:22:59.900885+00:00,Memory Pressure,200.0,1.0,526a06484cc5d50d7c0dc8b8487e4c04f32ee18de6a97eee8ae6965169fe5856,Restart Service,0.0,12.8322,200.0,3.8221,0.0,1.0,Restart Service,Operator Review,multiplicative,0.594988,0.596241,0.92,0.5,0.635583,0.003544,1,0.203781,0,0,1,operator_escalation,confidence margin 0.004 is below the ambiguity threshold 0.030,prototype_fault_reset,0.0,0,1.0,1.0,0.0,Restart Service was selected with confidence 0.636. Injected memory was 200.00 MB and process memory usage was 12.83%.
2026-09-05T10:23:20.103434+00:00,Memory Pressure,200.0,1.0,526a06484cc5d50d7c0dc8b8487e4c04f32ee18de6a97eee8ae6965169fe5856,Restart Service,0.0,12.8322,200.0,3.8291,0.0,1.0,Restart Service,Operator Review,multiplicative,0.594988,0.596241,0.92,0.5,0.635583,0.003544,1,0.315712,0,0,1,operator_escalation,confidence margin 0.004 is below the ambiguity threshold 0.030,prototype_fault_reset,0.0,0,1.0,1.0,0.0,Restart Service was selected with confidence 0.636. Injected memory was 200.00 MB and process memory usage was 12.83%.
2026-09-05T10:23:40.291473+00:00,Memory Pressure,200.0,1.0,526a06484cc5d50d7c0dc8b8487e4c04f32ee18de6a97eee8ae6965169fe5856,Restart Service,0.0,12.8322,200.0,3.7702,0.0,1.0,Restart Service,Operator Review,multiplicative,0.594988,0.596241,0.92,0.5,0.635583,0.003544,1,0.398614,0,0,1,operator_escalation,confidence margin 0.004 is below the ambiguity threshold 0.030,prototype_fault_reset,0.0,0,1.0,1.0,0.0,Restart Service was selected with confidence 0.636. Injected memory was 200.00 MB and process memory usage was 12.83%.
2026-09-05T10:24:00.501582+00:00,Memory Pressure,250.0,1.0,526a06484cc5d50d7c0dc8b8487e4c04f32ee18de6a97eee8ae6965169fe5856,Restart Service,0.0,15.373,250.0,3.7429,0.0,1.0,Restart Service,Operator Review,multiplicative,0.737064,0.740298,0.92,0.5,0.707811,0.007148,1,0.219575,0,0,1,operator_escalation,confidence margin 0.007 is below the ambiguity threshold 0.030,prototype_fault_reset,0.0,0,1.0,1.0,0.0,Restart Service was selected with confidence 0.708. Injected memory was 250.00 MB and process memory usage was 15.37%.
2026-09-05T10:24:20.716212+00:00,Memory Pressure,250.0,1.0,526a06484cc5d50d7c0dc8b8487e4c04f32ee18de6a97eee8ae6965169fe5856,Restart Service,0.0,15.373,250.0,3.7603,0.0,1.0,Restart Service,Operator Review,multiplicative,0.737064,0.740298,0.92,0.5,0.707811,0.007148,1,0.273477,0,0,1,operator_escalation,confidence margin 0.007 is below the ambiguity threshold 0.030,prototype_fault_reset,0.0,0,1.0,1.0,0.0,Restart Service was selected with confidence 0.708. Injected memory was 250.00 MB and process memory usage was 15.37%.
2026-09-05T10:24:40.921100+00:00,Memory Pressure,250.0,1.0,526a06484cc5d50d7c0dc8b8487e4c04f32ee18de6a97eee8ae6965169fe5856,Restart Service,0.0,15.373,250.0,3.6791,0.0,1.0,Restart Service,Operator Review,multiplicative,0.737064,0.740298,0.92,0.5,0.707811,0.007148,1,0.272501,0,0,1,operator_escalation,confidence margin 0.007 is below the ambiguity threshold 0.030,prototype_fault_reset,0.0,0,1.0,1.0,0.0,Restart Service was selected with confidence 0.708. Injected memory was 250.00 MB and process memory usage was 15.37%.
2026-09-05T10:25:01.168070+00:00,Memory Pressure,250.0,1.0,526a06484cc5d50d7c0dc8b8487e4c04f32ee18de6a97eee8ae6965169fe5856,Restart Service,0.0,15.373,250.0,3.6737,0.0,1.0,Restart Service,Operator Review,multiplicative,0.737064,0.740298,0.92,0.5,0.707811,0.007148,1,0.219954,0,0,1,operator_escalation,confidence margin 0.007 is below the ambiguity threshold 0.030,prototype_fault_reset,0.0,0,1.0,1.0,0.0,Restart Service was selected with confidence 0.708. Injected memory was 250.00 MB and process memory usage was 15.37%.
2026-09-05T10:25:21.380129+00:00,Memory Pressure,250.0,1.0,526a06484cc5d50d7c0dc8b8487e4c04f32ee18de6a97eee8ae6965169fe5856,Restart Service,1.0,15.3726,250.0,3.7381,0.0,1.0,Restart Service,Operator Review,multiplicative,0.73706,0.740295,0.92,0.5,0.707809,0.00715,1,0.999179,0,0,1,operator_escalation,confidence margin 0.007 is below the ambiguity threshold 0.030,prototype_fault_reset,0.0,0,1.0,1.0,0.0,Restart Service was selected with confidence 0.708. Injected memory was 250.00 MB and process memory usage was 15.37%.
2026-09-05T10:25:41.619659+00:00,Memory Pressure,300.0,1.0,526a06484cc5d50d7c0dc8b8487e4c04f32ee18de6a97eee8ae6965169fe5856,Restart Service,0.0,17.9133,300.0,3.7226,0.0,1.0,Restart Service,Operator Review,multiplicative,0.879133,0.88435,0.92,0.5,0.77332,0.010184,1,0.198296,0,0,1,operator_escalation,confidence margin 0.010 is below the ambiguity threshold 0.030,prototype_fault_reset,0.0,0,1.0,1.0,0.0,Restart Service was selected with confidence 0.773. Injected memory was 300.00 MB and process memory usage was 17.91%.
2026-09-05T10:26:01.910289+00:00,Memory Pressure,300.0,1.0,526a06484cc5d50d7c0dc8b8487e4c04f32ee18de6a97eee8ae6965169fe5856,Restart Service,0.0,17.9133,300.0,3.7603,0.0,1.0,Restart Service,Operator Review,multiplicative,0.879133,0.88435,0.92,0.5,0.77332,0.010184,1,0.242025,0,0,1,operator_escalation,confidence margin 0.010 is below the ambiguity threshold 0.030,prototype_fault_reset,0.0,0,1.0,1.0,0.0,Restart Service was selected with confidence 0.773. Injected memory was 300.00 MB and process memory usage was 17.91%.
2026-09-05T10:26:22.156079+00:00,Memory Pressure,300.0,1.0,526a06484cc5d50d7c0dc8b8487e4c04f32ee18de6a97eee8ae6965169fe5856,Restart Service,0.0,17.9133,300.0,3.6771,0.0,1.0,Restart Service,Operator Review,multiplicative,0.879133,0.88435,0.92,0.5,0.77332,0.010184,1,0.205354,0,0,1,operator_escalation,confidence margin 0.010 is below the ambiguity threshold 0.030,prototype_fault_reset,0.0,0,1.0,1.0,0.0,Restart Service was selected with confidence 0.773. Injected memory was 300.00 MB and process memory usage was 17.91%.
2026-09-05T10:26:42.416905+00:00,Memory Pressure,300.0,1.0,526a06484cc5d50d7c0dc8b8487e4c04f32ee18de6a97eee8ae6965169fe5856,Restart Service,0.0,17.9133,300.0,3.769,0.0,1.0,Restart Service,Operator Review,multiplicative,0.879133,0.88435,0.92,0.5,0.77332,0.010184,1,0.233992,0,0,1,operator_escalation,confidence margin 0.010 is below the ambiguity threshold 0.030,prototype_fault_reset,0.0,0,1.0,1.0,0.0,Restart Service was selected with confidence 0.773. Injected memory was 300.00 MB and process memory usage was 17.91%.
2026-09-05T10:27:02.667553+00:00,Memory Pressure,300.0,1.0,526a06484cc5d50d7c0dc8b8487e4c04f32ee18de6a97eee8ae6965169fe5856,Restart Service,0.0,17.9137,300.0,3.8125,0.0,1.0,Restart Service,Operator Review,multiplicative,0.879137,0.884353,0.92,0.5,0.773321,0.010182,1,0.391531,0,0,1,operator_escalation,confidence margin 0.010 is below the ambiguity threshold 0.030,prototype_fault_reset,0.0,0,1.0,1.0,0.0,Restart Service was selected with confidence 0.773. Injected memory was 300.00 MB and process memory usage was 17.91%.
2026-09-05T10:27:27.999382+00:00,Application Latency,300.0,1.0,526a06484cc5d50d7c0dc8b8487e4c04f32ee18de6a97eee8ae6965169fe5856,Do Nothing,0.0,2.6741,0.0,45.8615,0.0,1.0,Do Nothing,Do Nothing,multiplicative,1.0,1.0,0.25,0.5,0.594604,0.304838,1,0.240091,,0,0,autonomous_observation,,prototype_fault_reset,,0,1.0,1.0,0.0,"Do Nothing was selected with confidence 0.595. Observed latency reached 45.86 ms, while CPU usage was 0.00% and dependency availability was 1.00. The confidence margin over Rollback was 0.305."
2026-09-05T10:27:53.353060+00:00,Application Latency,300.0,1.0,526a06484cc5d50d7c0dc8b8487e4c04f32ee18de6a97eee8ae6965169fe5856,Do Nothing,1.0,2.6741,0.0,144.3351,0.0,1.0,Do Nothing,Do Nothing,multiplicative,0.968332,0.968332,0.25,0.5,0.585113,0.267042,1,1.815872,,0,0,autonomous_observation,,prototype_fault_reset,,0,1.0,1.0,0.0,"Do Nothing was selected with confidence 0.585. Observed latency reached 144.34 ms, while CPU usage was 1.00% and dependency availability was 1.00. The confidence margin over Rollback was 0.267."
2026-09-05T10:28:18.719272+00:00,Application Latency,300.0,1.0,526a06484cc5d50d7c0dc8b8487e4c04f32ee18de6a97eee8ae6965169fe5856,Do Nothing,0.0,2.6745,0.0,257.9883,0.0,1.0,Do Nothing,Do Nothing,multiplicative,0.887151,0.887151,0.25,0.5,0.560049,0.179447,1,0.345547,,0,0,autonomous_observation,,prototype_fault_reset,,0,1.0,1.0,0.0,"Do Nothing was selected with confidence 0.560. Observed latency reached 257.99 ms, while CPU usage was 0.00% and dependency availability was 1.00. The confidence margin over Rollback was 0.179."
2026-09-05T10:28:44.072084+00:00,Application Latency,300.0,1.0,526a06484cc5d50d7c0dc8b8487e4c04f32ee18de6a97eee8ae6965169fe5856,Do Nothing,0.0,2.6745,0.0,257.4871,0.0,1.0,Do Nothing,Do Nothing,multiplicative,0.887509,0.887509,0.25,0.5,0.560162,0.179813,1,0.348698,,0,0,autonomous_observation,,prototype_fault_reset,,0,1.0,1.0,0.0,"Do Nothing was selected with confidence 0.560. Observed latency reached 257.49 ms, while CPU usage was 0.00% and dependency availability was 1.00. The confidence margin over Rollback was 0.180."
2026-09-05T10:29:09.468917+00:00,Application Latency,300.0,1.0,526a06484cc5d50d7c0dc8b8487e4c04f32ee18de6a97eee8ae6965169fe5856,Do Nothing,0.0,2.6745,0.0,258.7788,0.0,1.0,Do Nothing,Do Nothing,multiplicative,0.886587,0.886587,0.25,0.5,0.559871,0.178872,1,0.414818,,0,0,autonomous_observation,,prototype_fault_reset,,0,1.0,1.0,0.0,"Do Nothing was selected with confidence 0.560. Observed latency reached 258.78 ms, while CPU usage was 0.00% and dependency availability was 1.00. The confidence margin over Rollback was 0.179."
2026-09-05T10:29:32.781470+00:00,Application Latency,500.0,1.0,526a06484cc5d50d7c0dc8b8487e4c04f32ee18de6a97eee8ae6965169fe5856,Do Nothing,0.0,2.6745,0.0,281.6732,0.0,1.0,Do Nothing,Do Nothing,multiplicative,0.870233,0.870233,0.25,0.5,0.554684,0.162355,1,0.45424,,0,0,autonomous_observation,,prototype_fault_reset,,0,1.0,1.0,0.0,"Do Nothing was selected with confidence 0.555. Observed latency reached 281.67 ms, while CPU usage was 0.00% and dependency availability was 1.00. The confidence margin over Rollback was 0.162."
2026-09-05T10:29:56.096221+00:00,Application Latency,500.0,1.0,526a06484cc5d50d7c0dc8b8487e4c04f32ee18de6a97eee8ae6965169fe5856,Do Nothing,0.0,2.6745,0.0,327.5899,0.0,1.0,Do Nothing,Operator Review,multiplicative,0.837436,0.837436,0.25,0.5,0.544131,0.130043,1,0.483313,0,0,1,operator_escalation,confidence 0.544 is below the autonomous threshold 0.550,prototype_fault_reset,0.0,0,1.0,1.0,0.0,"Do Nothing was selected with confidence 0.544. Observed latency reached 327.59 ms, while CPU usage was 0.00% and dependency availability was 1.00. The confidence margin over Rollback was 0.130."
2026-09-05T10:30:19.687614+00:00,Application Latency,500.0,1.0,526a06484cc5d50d7c0dc8b8487e4c04f32ee18de6a97eee8ae6965169fe5856,Do Nothing,0.0,2.6745,0.0,389.4762,0.0,1.0,Do Nothing,Operator Review,multiplicative,0.793231,0.793231,0.25,0.5,0.529575,0.087895,1,0.312991,0,0,1,operator_escalation,confidence 0.530 is below the autonomous threshold 0.550,prototype_fault_reset,0.0,0,1.0,1.0,0.0,"Do Nothing was selected with confidence 0.530. Observed latency reached 389.48 ms, while CPU usage was 0.00% and dependency availability was 1.00. The confidence margin over Rollback was 0.088."
2026-09-05T10:30:43.028652+00:00,Application Latency,500.0,1.0,526a06484cc5d50d7c0dc8b8487e4c04f32ee18de6a97eee8ae6965169fe5856,Do Nothing,0.0,2.6745,0.0,387.7167,0.0,1.0,Do Nothing,Operator Review,multiplicative,0.794488,0.794488,0.25,0.5,0.529994,0.089074,1,1.498204,0,0,1,operator_escalation,confidence 0.530 is below the autonomous threshold 0.550,prototype_fault_reset,0.0,0,1.0,1.0,0.0,"Do Nothing was selected with confidence 0.530. Observed latency reached 387.72 ms, while CPU usage was 0.00% and dependency availability was 1.00. The confidence margin over Rollback was 0.089."
2026-09-05T10:31:06.334714+00:00,Application Latency,500.0,1.0,526a06484cc5d50d7c0dc8b8487e4c04f32ee18de6a97eee8ae6965169fe5856,Do Nothing,1.0,2.6745,0.0,391.0133,0.0,1.0,Do Nothing,Operator Review,multiplicative,0.792133,0.792133,0.25,0.5,0.529208,0.086865,1,0.276219,0,0,1,operator_escalation,confidence 0.529 is below the autonomous threshold 0.550,prototype_fault_reset,0.0,0,1.0,1.0,0.0,"Do Nothing was selected with confidence 0.529. Observed latency reached 391.01 ms, while CPU usage was 1.00% and dependency availability was 1.00. The confidence margin over Rollback was 0.087."
2026-09-05T10:31:32.810630+00:00,Application Latency,700.0,1.0,526a06484cc5d50d7c0dc8b8487e4c04f32ee18de6a97eee8ae6965169fe5856,Rollback,0.0,2.6745,0.0,412.0845,0.0,1.0,Do Nothing,Operator Review,multiplicative,0.777083,0.777083,0.25,0.5,0.524157,0.072826,0,0.333455,0,0,1,operator_escalation,confidence 0.524 is below the autonomous threshold 0.550,prototype_fault_reset,0.0,0,1.0,1.0,0.0,"Do Nothing was selected with confidence 0.524. Observed latency reached 412.08 ms, while CPU usage was 0.00% and dependency availability was 1.00. The confidence margin over Rollback was 0.073."
2026-09-05T10:31:59.275805+00:00,Application Latency,700.0,1.0,526a06484cc5d50d7c0dc8b8487e4c04f32ee18de6a97eee8ae6965169fe5856,Rollback,0.0,2.6745,0.0,462.7332,0.0,1.0,Do Nothing,Operator Review,multiplicative,0.740905,0.740905,0.25,0.5,0.51181,0.039586,0,0.298197,0,0,1,operator_escalation,confidence 0.512 is below the autonomous threshold 0.550,prototype_fault_reset,0.0,0,1.0,1.0,0.0,"Do Nothing was selected with confidence 0.512. Observed latency reached 462.73 ms, while CPU usage was 0.00% and dependency availability was 1.00. The confidence margin over Rollback was 0.040."
2026-09-05T10:32:25.747287+00:00,Application Latency,700.0,1.0,526a06484cc5d50d7c0dc8b8487e4c04f32ee18de6a97eee8ae6965169fe5856,Rollback,1.0,2.6745,0.0,497.1846,0.0,1.0,Do Nothing,Operator Review,multiplicative,0.716297,0.716297,0.25,0.5,0.503239,0.017325,0,0.281001,0,0,1,operator_escalation,confidence 0.503 is below the autonomous threshold 0.550; confidence margin 0.017 is below the ambiguity threshold 0.030,prototype_fault_reset,0.0,0,1.0,1.0,0.0,"Do Nothing was selected with confidence 0.503. Observed latency reached 497.18 ms, while CPU usage was 1.00% and dependency availability was 1.00. The confidence margin over Rollback was 0.017."
2026-09-05T10:32:52.215711+00:00,Application Latency,700.0,1.0,526a06484cc5d50d7c0dc8b8487e4c04f32ee18de6a97eee8ae6965169fe5856,Rollback,0.0,2.6745,0.0,499.5881,0.0,1.0,Do Nothing,Operator Review,multiplicative,0.71458,0.71458,0.25,0.5,0.502635,0.015781,0,0.487168,0,0,1,operator_escalation,confidence 0.503 is below the autonomous threshold 0.550; confidence margin 0.016 is below the ambiguity threshold 0.030,prototype_fault_reset,0.0,0,1.0,1.0,0.0,"Do Nothing was selected with confidence 0.503. Observed latency reached 499.59 ms, while CPU usage was 0.00% and dependency availability was 1.00. The confidence margin over Rollback was 0.016."
2026-09-05T10:33:18.711603+00:00,Application Latency,700.0,1.0,526a06484cc5d50d7c0dc8b8487e4c04f32ee18de6a97eee8ae6965169fe5856,Rollback,0.0,2.6745,0.0,494.7607,0.0,1.0,Do Nothing,Operator Review,multiplicative,0.718028,0.718028,0.25,0.5,0.503846,0.018883,0,0.248252,0,0,1,operator_escalation,confidence 0.504 is below the autonomous threshold 0.550; confidence margin 0.019 is below the ambiguity threshold 0.030,prototype_fault_reset,0.0,0,1.0,1.0,0.0,"Do Nothing was selected with confidence 0.504. Observed latency reached 494.76 ms, while CPU usage was 0.00% and dependency availability was 1.00. The confidence margin over Rollback was 0.019."
2026-09-05T10:33:46.753916+00:00,Application Latency,900.0,1.0,526a06484cc5d50d7c0dc8b8487e4c04f32ee18de6a97eee8ae6965169fe5856,Rollback,0.0,2.6745,0.0,515.3021,0.0,1.0,Do Nothing,Operator Review,multiplicative,0.703356,0.703356,0.25,0.5,0.498672,0.005714,0,0.360403,0,0,1,operator_escalation,confidence 0.499 is below the autonomous threshold 0.550; confidence margin 0.006 is below the ambiguity threshold 0.030,prototype_fault_reset,0.0,0,1.0,1.0,0.0,"Do Nothing was selected with confidence 0.499. Observed latency reached 515.30 ms, while CPU usage was 0.00% and dependency availability was 1.00. The confidence margin over Rollback was 0.006."
2026-09-05T10:34:14.778057+00:00,Application Latency,900.0,1.0,526a06484cc5d50d7c0dc8b8487e4c04f32ee18de6a97eee8ae6965169fe5856,Rollback,1.0,2.6745,0.0,561.5962,0.0,1.0,Rollback,Operator Review,multiplicative,0.397284,0.363769,0.94,0.5,0.510512,0.023703,1,0.30492,0,0,1,operator_escalation,confidence 0.511 is below the autonomous threshold 0.550; confidence margin 0.024 is below the ambiguity threshold 0.030,prototype_fault_reset,0.0,0,1.0,1.0,0.0,"Rollback was selected with confidence 0.511. Observed latency reached 561.60 ms, while CPU usage was 1.00% and dependency availability was 1.00. The confidence margin over Do Nothing was 0.024."
2026-09-05T10:34:42.825891+00:00,Application Latency,900.0,1.0,526a06484cc5d50d7c0dc8b8487e4c04f32ee18de6a97eee8ae6965169fe5856,Rollback,0.0,2.6745,0.0,586.7607,0.0,1.0,Rollback,Operator Review,multiplicative,0.410765,0.378149,0.94,0.5,0.519803,0.039565,1,0.260719,0,0,1,operator_escalation,confidence 0.520 is below the autonomous threshold 0.550,prototype_fault_reset,0.0,0,1.0,1.0,0.0,"Rollback was selected with confidence 0.520. Observed latency reached 586.76 ms, while CPU usage was 0.00% and dependency availability was 1.00. The confidence margin over Do Nothing was 0.040."
2026-09-05T10:35:10.918951+00:00,Application Latency,900.0,1.0,526a06484cc5d50d7c0dc8b8487e4c04f32ee18de6a97eee8ae6965169fe5856,Rollback,0.0,2.6745,0.0,586.6998,0.0,1.0,Rollback,Operator Review,multiplicative,0.410732,0.378114,0.94,0.5,0.51978,0.039527,1,0.448843,0,0,1,operator_escalation,confidence 0.520 is below the autonomous threshold 0.550,prototype_fault_reset,0.0,0,1.0,1.0,0.0,"Rollback was selected with confidence 0.520. Observed latency reached 586.70 ms, while CPU usage was 0.00% and dependency availability was 1.00. The confidence margin over Do Nothing was 0.040."
2026-09-05T10:35:38.964652+00:00,Application Latency,900.0,1.0,526a06484cc5d50d7c0dc8b8487e4c04f32ee18de6a97eee8ae6965169fe5856,Rollback,0.0,2.6745,0.0,587.2393,0.0,1.0,Rollback,Operator Review,multiplicative,0.411021,0.378422,0.94,0.5,0.519978,0.039866,1,0.296898,0,0,1,operator_escalation,confidence 0.520 is below the autonomous threshold 0.550,prototype_fault_reset,0.0,0,1.0,1.0,0.0,"Rollback was selected with confidence 0.520. Observed latency reached 587.24 ms, while CPU usage was 0.00% and dependency availability was 1.00. The confidence margin over Do Nothing was 0.040."
2026-09-05T10:36:07.559960+00:00,Application Latency,1200.0,1.0,526a06484cc5d50d7c0dc8b8487e4c04f32ee18de6a97eee8ae6965169fe5856,Rollback,0.0,2.6745,0.0,636.1737,0.0,1.0,Rollback,Operator Review,multiplicative,0.437236,0.406385,0.94,0.5,0.537573,0.070509,1,0.24238,0,0,1,operator_escalation,confidence 0.538 is below the autonomous threshold 0.550,prototype_fault_reset,0.0,0,1.0,1.0,0.0,"Rollback was selected with confidence 0.538. Observed latency reached 636.17 ms, while CPU usage was 0.00% and dependency availability was 1.00. The confidence margin over Do Nothing was 0.071."
2026-09-05T10:36:36.151865+00:00,Application Latency,1200.0,1.0,526a06484cc5d50d7c0dc8b8487e4c04f32ee18de6a97eee8ae6965169fe5856,Rollback,0.0,2.6745,0.0,696.4948,0.0,1.0,Rollback,Rollback,multiplicative,0.469551,0.440854,0.94,0.5,0.558494,0.108033,1,0.406793,1,1,0,autonomous,,prototype_fault_reset,1039.7984,3,1.0,1.0,0.0,"Rollback was selected with confidence 0.558. Observed latency reached 696.49 ms, while CPU usage was 0.00% and dependency availability was 1.00. The confidence margin over Do Nothing was 0.108."
2026-09-05T10:37:04.755107+00:00,Application Latency,1200.0,1.0,526a06484cc5d50d7c0dc8b8487e4c04f32ee18de6a97eee8ae6965169fe5856,Rollback,0.0,2.6745,0.0,434.0321,0.0,1.0,Do Nothing,Operator Review,multiplicative,0.761406,0.761406,0.25,0.5,0.518842,0.024,0,0.391372,0,0,1,operator_escalation,confidence 0.519 is below the autonomous threshold 0.550; confidence margin 0.024 is below the ambiguity threshold 0.030,prototype_fault_reset,0.0,0,1.0,1.0,0.0,"Do Nothing was selected with confidence 0.519. Observed latency reached 434.03 ms, while CPU usage was 0.00% and dependency availability was 1.00. The confidence margin over Rollback was 0.024."
2026-09-05T10:37:33.349804+00:00,Application Latency,1200.0,1.0,526a06484cc5d50d7c0dc8b8487e4c04f32ee18de6a97eee8ae6965169fe5856,Rollback,0.0,2.6745,0.0,434.0313,0.0,1.0,Do Nothing,Operator Review,multiplicative,0.761406,0.761406,0.25,0.5,0.518843,0.024001,0,1.07953,0,0,1,operator_escalation,confidence 0.519 is below the autonomous threshold 0.550; confidence margin 0.024 is below the ambiguity threshold 0.030,prototype_fault_reset,0.0,0,1.0,1.0,0.0,"Do Nothing was selected with confidence 0.519. Observed latency reached 434.03 ms, while CPU usage was 0.00% and dependency availability was 1.00. The confidence margin over Rollback was 0.024."
2026-09-05T10:38:01.938758+00:00,Application Latency,1200.0,1.0,526a06484cc5d50d7c0dc8b8487e4c04f32ee18de6a97eee8ae6965169fe5856,Rollback,0.0,2.6745,0.0,708.113,0.0,1.0,Rollback,Rollback,multiplicative,0.475775,0.447493,0.94,0.666667,0.604374,0.157181,1,0.269704,1,1,0,autonomous,,prototype_fault_reset,1039.1902,3,1.0,1.0,0.0,"Rollback was selected with confidence 0.604. Observed latency reached 708.11 ms, while CPU usage was 0.00% and dependency availability was 1.00. The confidence margin over Do Nothing was 0.157."
2026-09-05T10:38:24.993236+00:00,Application Error Injection,0.1,1.0,526a06484cc5d50d7c0dc8b8487e4c04f32ee18de6a97eee8ae6965169fe5856,Do Nothing,0.0,2.6745,0.0,161.9298,6.0,1.0,Do Nothing,Operator Review,multiplicative,0.85,0.85,0.2,0.5,0.518453,0.065012,1,0.384945,0,0,1,operator_escalation,confidence 0.518 is below the autonomous threshold 0.550,prototype_fault_reset,0.0,0,0.925,0.766667,-0.158333,"Do Nothing was selected with confidence 0.518. The observed error rate was 6.00% with latency of 161.93 ms. CPU usage was 0.00%, and dependency availability was 1.00. The confidence margin over Rollback was 0.065."
2026-09-05T10:38:48.030786+00:00,Application Error Injection,0.1,1.0,526a06484cc5d50d7c0dc8b8487e4c04f32ee18de6a97eee8ae6965169fe5856,Do Nothing,0.0,2.6745,0.0,42.2621,10.0,1.0,Rollback,Operator Review,multiplicative,0.3375,0.3,0.95,0.75,0.518257,0.031255,0,0.276241,0,0,1,operator_escalation,confidence 0.518 is below the autonomous threshold 0.550,prototype_fault_reset,0.0,0,0.9125,0.866667,-0.045833,"Rollback was selected with confidence 0.518. The observed error rate was 10.00% with latency of 42.26 ms. CPU usage was 0.00%, and dependency availability was 1.00. The confidence margin over Do Nothing was 0.031."
2026-09-05T10:39:11.078138+00:00,Application Error Injection,0.1,1.0,526a06484cc5d50d7c0dc8b8487e4c04f32ee18de6a97eee8ae6965169fe5856,Do Nothing,1.0,2.6745,0.0,3.8494,10.0,1.0,Rollback,Operator Review,multiplicative,0.3375,0.3,0.95,0.75,0.518257,0.031255,0,0.289433,0,0,1,operator_escalation,confidence 0.518 is below the autonomous threshold 0.550,prototype_fault_reset,0.0,0,0.8875,0.833333,-0.054167,"Rollback was selected with confidence 0.518. The observed error rate was 10.00% with latency of 3.85 ms. CPU usage was 1.00%, and dependency availability was 1.00. The confidence margin over Do Nothing was 0.031."
2026-09-05T10:39:34.116993+00:00,Application Error Injection,0.1,1.0,526a06484cc5d50d7c0dc8b8487e4c04f32ee18de6a97eee8ae6965169fe5856,Do Nothing,0.0,2.6745,0.0,3.8486,12.0,1.0,Rollback,Operator Review,multiplicative,0.375,0.34,0.95,0.75,0.549002,0.078513,0,0.321086,0,0,1,operator_escalation,confidence 0.549 is below the autonomous threshold 0.550,prototype_fault_reset,0.0,0,0.8625,0.933333,0.070833,"Rollback was selected with confidence 0.549. The observed error rate was 12.00% with latency of 3.85 ms. CPU usage was 0.00%, and dependency availability was 1.00. The confidence margin over Do Nothing was 0.079."
2026-09-05T10:39:57.159715+00:00,Application Error Injection,0.1,1.0,526a06484cc5d50d7c0dc8b8487e4c04f32ee18de6a97eee8ae6965169fe5856,Do Nothing,0.0,2.6745,0.0,3.7995,7.0,1.0,Do Nothing,Operator Review,multiplicative,0.825,0.825,0.2,0.5,0.510772,0.042474,1,0.368167,0,0,1,operator_escalation,confidence 0.511 is below the autonomous threshold 0.550,prototype_fault_reset,0.0,0,0.925,0.966667,0.041667,"Do Nothing was selected with confidence 0.511. The observed error rate was 7.00% with latency of 3.80 ms. CPU usage was 0.00%, and dependency availability was 1.00. The confidence margin over Rollback was 0.042."
2026-09-05T10:40:21.282427+00:00,Application Error Injection,0.2,1.0,526a06484cc5d50d7c0dc8b8487e4c04f32ee18de6a97eee8ae6965169fe5856,Rollback,0.0,2.6745,0.0,4.1051,18.0,1.0,Rollback,Rollback,multiplicative,0.4875,0.46,0.95,0.75,0.632236,0.202957,1,0.496993,1,1,0,autonomous,,prototype_fault_reset,1055.4945,3,0.775,1.0,0.225,"Rollback was selected with confidence 0.632. The observed error rate was 18.00% with latency of 4.11 ms. CPU usage was 0.00%, and dependency availability was 1.00. The confidence margin over Restart Service was 0.203."
2026-09-05T10:40:45.362177+00:00,Application Error Injection,0.2,1.0,526a06484cc5d50d7c0dc8b8487e4c04f32ee18de6a97eee8ae6965169fe5856,Rollback,0.0,2.6745,0.0,4.1463,16.0,1.0,Rollback,Rollback,multiplicative,0.45,0.42,0.95,0.8,0.615629,0.180041,1,0.345412,1,1,0,autonomous,,prototype_fault_reset,1040.6306,3,0.8,1.0,0.2,"Rollback was selected with confidence 0.616. The observed error rate was 16.00% with latency of 4.15 ms. CPU usage was 0.00%, and dependency availability was 1.00. The confidence margin over Do Nothing was 0.180."
2026-09-05T10:41:09.447872+00:00,Application Error Injection,0.2,1.0,526a06484cc5d50d7c0dc8b8487e4c04f32ee18de6a97eee8ae6965169fe5856,Rollback,0.0,2.6745,0.0,3.7643,18.0,1.0,Rollback,Rollback,multiplicative,0.4875,0.46,0.95,0.833333,0.649111,0.219832,1,0.290978,1,1,0,autonomous,,prototype_fault_reset,1039.363,3,0.775,1.0,0.225,"Rollback was selected with confidence 0.649. The observed error rate was 18.00% with latency of 3.76 ms. CPU usage was 0.00%, and dependency availability was 1.00. The confidence margin over Restart Service was 0.220."
2026-09-05T10:41:33.519237+00:00,Application Error Injection,0.2,1.0,526a06484cc5d50d7c0dc8b8487e4c04f32ee18de6a97eee8ae6965169fe5856,Rollback,0.0,2.6747,0.0,3.3383,11.0,1.0,Rollback,Rollback,multiplicative,0.35625,0.32,0.95,0.857143,0.551976,0.07316,1,0.291499,1,1,0,autonomous,,prototype_fault_reset,1037.1095,3,0.8625,1.0,0.1375,"Rollback was selected with confidence 0.552. The observed error rate was 11.00% with latency of 3.34 ms. CPU usage was 0.00%, and dependency availability was 1.00. The confidence margin over Do Nothing was 0.073."
2026-09-05T10:41:57.598924+00:00,Application Error Injection,0.2,1.0,526a06484cc5d50d7c0dc8b8487e4c04f32ee18de6a97eee8ae6965169fe5856,Rollback,0.0,2.6747,0.0,3.2947,17.0,1.0,Rollback,Rollback,multiplicative,0.46875,0.44,0.95,0.875,0.643475,0.217058,1,0.284944,1,1,0,autonomous,,prototype_fault_reset,1037.997,3,0.7875,1.0,0.2125,"Rollback was selected with confidence 0.643. The observed error rate was 17.00% with latency of 3.29 ms. CPU usage was 0.00%, and dependency availability was 1.00. The confidence margin over Do Nothing was 0.217."
2026-09-05T10:42:21.687848+00:00,Application Error Injection,0.3,1.0,526a06484cc5d50d7c0dc8b8487e4c04f32ee18de6a97eee8ae6965169fe5856,Rollback,0.0,2.6747,0.0,3.0626,28.0,1.0,Rollback,Rollback,multiplicative,0.675,0.66,0.95,0.888889,0.783168,0.247763,1,0.474417,1,1,0,autonomous,,prototype_fault_reset,1043.4617,3,0.65,1.0,0.35,"Rollback was selected with confidence 0.783. The observed error rate was 28.00% with latency of 3.06 ms. CPU usage was 0.00%, and dependency availability was 1.00. The confidence margin over Restart Service was 0.248."
2026-09-05T10:42:45.765887+00:00,Application Error Injection,0.3,1.0,526a06484cc5d50d7c0dc8b8487e4c04f32ee18de6a97eee8ae6965169fe5856,Rollback,0.0,2.6747,0.0,2.867,34.0,1.0,Rollback,Rollback,multiplicative,0.7875,0.78,0.95,0.9,0.851291,0.261303,1,0.255425,1,1,0,autonomous,,prototype_fault_reset,1045.3253,3,0.575,1.0,0.425,"Rollback was selected with confidence 0.851. The observed error rate was 34.00% with latency of 2.87 ms. CPU usage was 0.00%, and dependency availability was 1.00. The confidence margin over Restart Service was 0.261."
2026-09-05T10:43:09.836739+00:00,Application Error Injection,0.3,1.0,526a06484cc5d50d7c0dc8b8487e4c04f32ee18de6a97eee8ae6965169fe5856,Rollback,0.0,2.6747,0.0,2.7157,33.0,1.0,Rollback,Rollback,multiplicative,0.76875,0.76,0.95,0.909091,0.842815,0.261569,1,0.395688,1,1,0,autonomous,,prototype_fault_reset,1037.6057,3,0.5875,1.0,0.4125,"Rollback was selected with confidence 0.843. The observed error rate was 33.00% with latency of 2.72 ms. CPU usage was 0.00%, and dependency availability was 1.00. The confidence margin over Restart Service was 0.262."
2026-09-05T10:43:33.917714+00:00,Application Error Injection,0.3,1.0,526a06484cc5d50d7c0dc8b8487e4c04f32ee18de6a97eee8ae6965169fe5856,Rollback,1.0,2.6747,0.0,2.6508,30.0,1.0,Rollback,Rollback,multiplicative,0.7125,0.7,0.95,0.916667,0.81181,0.257614,1,0.272793,1,1,0,autonomous,,prototype_fault_reset,1037.5117,3,0.625,1.0,0.375,"Rollback was selected with confidence 0.812. The observed error rate was 30.00% with latency of 2.65 ms. CPU usage was 1.00%, and dependency availability was 1.00. The confidence margin over Restart Service was 0.258."
2026-09-05T10:43:58.003845+00:00,Application Error Injection,0.3,1.0,526a06484cc5d50d7c0dc8b8487e4c04f32ee18de6a97eee8ae6965169fe5856,Rollback,0.0,2.6747,0.0,2.6438,23.0,1.0,Rollback,Rollback,multiplicative,0.58125,0.56,0.95,0.923077,0.730934,0.245682,1,0.276598,1,1,0,autonomous,,prototype_fault_reset,1048.293,3,0.7125,1.0,0.2875,"Rollback was selected with confidence 0.731. The observed error rate was 23.00% with latency of 2.64 ms. CPU usage was 0.00%, and dependency availability was 1.00. The confidence margin over Restart Service was 0.246."
2026-09-05T10:44:22.072880+00:00,Application Error Injection,0.35,1.0,526a06484cc5d50d7c0dc8b8487e4c04f32ee18de6a97eee8ae6965169fe5856,Rollback,0.0,2.6747,0.0,2.7789,31.0,1.0,Rollback,Rollback,multiplicative,0.73125,0.72,0.95,0.928571,0.825533,0.262175,1,0.266877,1,1,0,autonomous,,prototype_fault_reset,1036.0847,3,0.6125,1.0,0.3875,"Rollback was selected with confidence 0.826. The observed error rate was 31.00% with latency of 2.78 ms. CPU usage was 0.00%, and dependency availability was 1.00. The confidence margin over Restart Service was 0.262."
2026-09-05T10:44:46.152834+00:00,Application Error Injection,0.35,1.0,526a06484cc5d50d7c0dc8b8487e4c04f32ee18de6a97eee8ae6965169fe5856,Rollback,0.0,2.6747,0.0,2.7639,27.0,1.0,Rollback,Rollback,multiplicative,0.65625,0.64,0.95,0.933333,0.781182,0.255425,1,0.452822,1,1,0,autonomous,,prototype_fault_reset,1037.0725,3,0.6625,1.0,0.3375,"Rollback was selected with confidence 0.781. The observed error rate was 27.00% with latency of 2.76 ms. CPU usage was 0.00%, and dependency availability was 1.00. The confidence margin over Restart Service was 0.255."
2026-09-05T10:45:10.250978+00:00,Application Error Injection,0.35,1.0,526a06484cc5d50d7c0dc8b8487e4c04f32ee18de6a97eee8ae6965169fe5856,Rollback,0.0,2.6747,0.0,2.8964,24.0,1.0,Rollback,Rollback,multiplicative,0.6,0.58,0.95,0.9375,0.746137,0.250448,1,0.695384,1,1,0,autonomous,,prototype_fault_reset,1055.5945,3,0.7,1.0,0.3,"Rollback was selected with confidence 0.746. The observed error rate was 24.00% with latency of 2.90 ms. CPU usage was 0.00%, and dependency availability was 1.00. The confidence margin over Restart Service was 0.250."
2026-09-05T10:45:34.333980+00:00,Application Error Injection,0.35,1.0,526a06484cc5d50d7c0dc8b8487e4c04f32ee18de6a97eee8ae6965169fe5856,Rollback,0.0,2.6747,0.0,3.0613,28.0,1.0,Rollback,Rollback,multiplicative,0.675,0.66,0.95,0.941176,0.794439,0.259034,1,0.306542,1,1,0,autonomous,,prototype_fault_reset,1036.932,3,0.65,1.0,0.35,"Rollback was selected with confidence 0.794. The observed error rate was 28.00% with latency of 3.06 ms. CPU usage was 0.00%, and dependency availability was 1.00. The confidence margin over Restart Service was 0.259."
2026-09-05T10:45:58.411731+00:00,Application Error Injection,0.35,1.0,526a06484cc5d50d7c0dc8b8487e4c04f32ee18de6a97eee8ae6965169fe5856,Rollback,0.0,2.6747,0.0,3.0132,23.0,1.0,Rollback,Rollback,multiplicative,0.58125,0.56,0.95,0.944444,0.735128,0.249876,1,0.307321,1,1,0,autonomous,,prototype_fault_reset,1039.5023,3,0.7125,1.0,0.2875,"Rollback was selected with confidence 0.735. The observed error rate was 23.00% with latency of 3.01 ms. CPU usage was 0.00%, and dependency availability was 1.00. The confidence margin over Restart Service was 0.250."
2026-09-05T10:46:22.490188+00:00,Application Error Injection,0.4,1.0,526a06484cc5d50d7c0dc8b8487e4c04f32ee18de6a97eee8ae6965169fe5856,Rollback,0.0,2.6747,0.0,2.9169,32.0,1.0,Rollback,Rollback,multiplicative,0.75,0.74,0.95,0.947368,0.840686,0.268314,1,0.471964,1,1,0,autonomous,,prototype_fault_reset,1037.2506,3,0.6,1.0,0.4,"Rollback was selected with confidence 0.841. The observed error rate was 32.00% with latency of 2.92 ms. CPU usage was 0.00%, and dependency availability was 1.00. The confidence margin over Restart Service was 0.268."
2026-09-05T10:46:46.576186+00:00,Application Error Injection,0.4,1.0,526a06484cc5d50d7c0dc8b8487e4c04f32ee18de6a97eee8ae6965169fe5856,Rollback,0.0,2.6747,0.0,2.8796,31.0,1.0,Rollback,Rollback,multiplicative,0.73125,0.72,0.95,0.95,0.830255,0.266897,1,0.291987,1,1,0,autonomous,,prototype_fault_reset,1043.7016,3,0.6125,1.0,0.3875,"Rollback was selected with confidence 0.830. The observed error rate was 31.00% with latency of 2.88 ms. CPU usage was 0.00%, and dependency availability was 1.00. The confidence margin over Restart Service was 0.267."
2026-09-05T10:47:10.659772+00:00,Application Error Injection,0.4,1.0,526a06484cc5d50d7c0dc8b8487e4c04f32ee18de6a97eee8ae6965169fe5856,Rollback,1.0,2.6747,0.0,2.8561,37.0,1.0,Rollback,Rollback,multiplicative,0.84375,0.84,0.95,0.952381,0.894864,0.279398,1,0.386741,1,1,0,autonomous,,prototype_fault_reset,1043.1694,3,0.5375,1.0,0.4625,"Rollback was selected with confidence 0.895. The observed error rate was 37.00% with latency of 2.86 ms. CPU usage was 1.00%, and dependency availability was 1.00. The confidence margin over Restart Service was 0.279."
2026-09-05T10:47:34.740995+00:00,Application Error Injection,0.4,1.0,526a06484cc5d50d7c0dc8b8487e4c04f32ee18de6a97eee8ae6965169fe5856,Rollback,0.0,2.6747,0.0,2.8399,33.0,1.0,Rollback,Rollback,multiplicative,0.76875,0.76,0.95,0.954545,0.853159,0.271912,1,0.276568,1,1,0,autonomous,,prototype_fault_reset,1036.5444,3,0.5875,1.0,0.4125,"Rollback was selected with confidence 0.853. The observed error rate was 33.00% with latency of 2.84 ms. CPU usage was 0.00%, and dependency availability was 1.00. The confidence margin over Restart Service was 0.272."
2026-09-05T10:47:58.827828+00:00,Application Error Injection,0.4,1.0,526a06484cc5d50d7c0dc8b8487e4c04f32ee18de6a97eee8ae6965169fe5856,Rollback,0.0,2.6747,0.0,2.8259,28.0,1.0,Rollback,Rollback,multiplicative,0.675,0.66,0.95,0.956522,0.797658,0.262253,1,0.60145,1,1,0,autonomous,,prototype_fault_reset,1047.4787,3,0.65,1.0,0.35,"Rollback was selected with confidence 0.798. The observed error rate was 28.00% with latency of 2.83 ms. CPU usage was 0.00%, and dependency availability was 1.00. The confidence margin over Restart Service was 0.262."
2026-09-05T10:48:21.877376+00:00,Service Dependency Failure,1.0,1.0,526a06484cc5d50d7c0dc8b8487e4c04f32ee18de6a97eee8ae6965169fe5856,Restart Dependency,0.0,2.6747,0.0,2.4084,60.0,0.0,Restart Dependency,Operator Review,multiplicative,0.9,1.0,0.94,0.5,0.806464,0.006513,1,0.305596,0,0,1,operator_escalation,confidence margin 0.007 is below the ambiguity threshold 0.030,prototype_fault_reset,0.0,0,0.0,0.0,0.0,"Restart Dependency was selected with confidence 0.806. Dependency availability was 0.00, error rate was 60.00%, and latency was 2.41 ms. The confidence margin over Circuit Breaker was 0.007."
2026-09-05T10:48:44.914105+00:00,Service Dependency Failure,1.0,1.0,526a06484cc5d50d7c0dc8b8487e4c04f32ee18de6a97eee8ae6965169fe5856,Restart Dependency,1.0,2.6748,0.0,1.5738,88.0,0.0,Restart Dependency,Operator Review,multiplicative,0.9,1.0,0.94,0.5,0.806464,0.006513,1,0.423886,0,0,1,operator_escalation,confidence margin 0.007 is below the ambiguity threshold 0.030,prototype_fault_reset,0.0,0,0.0,0.0,0.0,"Restart Dependency was selected with confidence 0.806. Dependency availability was 0.00, error rate was 88.00%, and latency was 1.57 ms. The confidence margin over Circuit Breaker was 0.007."
2026-09-05T10:49:07.967397+00:00,Service Dependency Failure,1.0,1.0,526a06484cc5d50d7c0dc8b8487e4c04f32ee18de6a97eee8ae6965169fe5856,Restart Dependency,0.0,2.6747,0.0,0.5389,88.0,0.0,Restart Dependency,Operator Review,multiplicative,0.9,1.0,0.94,0.5,0.806464,0.006513,1,0.394798,0,0,1,operator_escalation,confidence margin 0.007 is below the ambiguity threshold 0.030,prototype_fault_reset,0.0,0,0.0,0.0,0.0,"Restart Dependency was selected with confidence 0.806. Dependency availability was 0.00, error rate was 88.00%, and latency was 0.54 ms. The confidence margin over Circuit Breaker was 0.007."
2026-09-05T10:49:31.008600+00:00,Service Dependency Failure,1.0,1.0,526a06484cc5d50d7c0dc8b8487e4c04f32ee18de6a97eee8ae6965169fe5856,Restart Dependency,1.0,2.6747,0.0,0.5414,88.0,0.0,Restart Dependency,Operator Review,multiplicative,0.9,1.0,0.94,0.5,0.806464,0.006513,1,1.175512,0,0,1,operator_escalation,confidence margin 0.007 is below the ambiguity threshold 0.030,prototype_fault_reset,0.0,0,0.0,0.0,0.0,"Restart Dependency was selected with confidence 0.806. Dependency availability was 0.00, error rate was 88.00%, and latency was 0.54 ms. The confidence margin over Circuit Breaker was 0.007."
2026-09-05T10:49:54.053206+00:00,Service Dependency Failure,1.0,1.0,526a06484cc5d50d7c0dc8b8487e4c04f32ee18de6a97eee8ae6965169fe5856,Restart Dependency,0.0,2.6747,0.0,0.547,88.0,0.0,Restart Dependency,Operator Review,multiplicative,0.9,1.0,0.94,0.5,0.806464,0.006513,1,0.350434,0,0,1,operator_escalation,confidence margin 0.007 is below the ambiguity threshold 0.030,prototype_fault_reset,0.0,0,0.0,0.0,0.0,"Restart Dependency was selected with confidence 0.806. Dependency availability was 0.00, error rate was 88.00%, and latency was 0.55 ms. The confidence margin over Circuit Breaker was 0.007."
2026-09-06T17:43:40.849905+00:00,CPU Resource Exhaustion,0.95,1.0,526a06484cc5d50d7c0dc8b8487e4c04f32ee18de6a97eee8ae6965169fe5856,Scale Out,94.5,2.6842,0.0,17.8407,4.0,1.0,Scale Out,Scale Out,multiplicative,0.6675,0.623,0.95,0.928571,0.778251,0.209788,1,0.363119,1,1,0,autonomous,,prototype_fault_reset,1096.6484,3,1.0,1.0,0.0,Scale Out was selected with confidence 0.778. CPU usage was 94.50% and latency was 17.84 ms. The confidence margin over Restart Service was 0.210.
2026-09-06T17:44:13.252549+00:00,Memory Pressure,300.0,1.0,526a06484cc5d50d7c0dc8b8487e4c04f32ee18de6a97eee8ae6965169fe5856,Restart Service,0.0,17.923,300.0,10.7505,0.0,1.0,Restart Service,Operator Review,multiplicative,0.87923,0.884423,0.92,0.5,0.773357,0.009164,1,0.446438,0,0,1,operator_escalation,confidence margin 0.009 is below the ambiguity threshold 0.030,prototype_fault_reset,0.0,0,1.0,1.0,0.0,Restart Service was selected with confidence 0.773. Injected memory was 300.00 MB and process memory usage was 17.92%.
2026-09-06T18:43:36.859801+00:00,CPU Resource Exhaustion,0.95,1.0,526a06484cc5d50d7c0dc8b8487e4c04f32ee18de6a97eee8ae6965169fe5856,Scale Out,94.9,2.1494,0.0,17.4641,0.0,1.0,Scale Out,Scale Out,multiplicative,0.6735,0.6286,0.95,0.933333,0.782741,0.251188,1,0.276951,1,1,0,autonomous,,prototype_fault_reset,1068.5958,3,1.0,1.0,0.0,Scale Out was selected with confidence 0.783. CPU usage was 94.90% and latency was 17.46 ms. The confidence margin over Restart Service was 0.251.
2026-09-06T18:45:32.156931+00:00,CPU Resource Exhaustion,0.6,1.0,526a06484cc5d50d7c0dc8b8487e4c04f32ee18de6a97eee8ae6965169fe5856,Do Nothing,60.7,2.1504,0.0,10.6318,0.0,1.0,Do Nothing,Do Nothing,multiplicative,0.786,0.786,0.45,0.5,0.6106,0.283696,1,0.338528,,0,0,autonomous_observation,,prototype_fault_reset,,0,1.0,1.0,0.0,Do Nothing was selected with confidence 0.611. CPU usage was 60.70% and latency was 10.63 ms. The confidence margin over Scale Out was 0.284.
2026-09-06T18:45:54.216984+00:00,CPU Resource Exhaustion,0.6,1.0,526a06484cc5d50d7c0dc8b8487e4c04f32ee18de6a97eee8ae6965169fe5856,Do Nothing,58.8,2.1516,0.0,9.3026,0.0,1.0,Do Nothing,Do Nothing,multiplicative,0.824,0.824,0.45,0.5,0.625186,0.328724,1,0.284937,,0,0,autonomous_observation,,prototype_fault_reset,,0,1.0,1.0,0.0,Do Nothing was selected with confidence 0.625. CPU usage was 58.80% and latency was 9.30 ms. The confidence margin over Scale Out was 0.329.
2026-09-06T18:46:16.270670+00:00,CPU Resource Exhaustion,0.6,1.0,526a06484cc5d50d7c0dc8b8487e4c04f32ee18de6a97eee8ae6965169fe5856,Do Nothing,59.8,2.1524,0.0,8.9288,0.0,1.0,Do Nothing,Do Nothing,multiplicative,0.804,0.804,0.45,0.5,0.617552,0.304698,1,0.234975,,0,0,autonomous_observation,,prototype_fault_reset,,0,1.0,1.0,0.0,Do Nothing was selected with confidence 0.618. CPU usage was 59.80% and latency was 8.93 ms. The confidence margin over Scale Out was 0.305.
2026-09-06T18:46:38.338599+00:00,CPU Resource Exhaustion,0.6,1.0,526a06484cc5d50d7c0dc8b8487e4c04f32ee18de6a97eee8ae6965169fe5856,Do Nothing,58.8,2.1528,0.0,7.9438,0.0,1.0,Do Nothing,Do Nothing,multiplicative,0.824,0.824,0.45,0.5,0.625186,0.328724,1,0.905466,,0,0,autonomous_observation,,prototype_fault_reset,,0,1.0,1.0,0.0,Do Nothing was selected with confidence 0.625. CPU usage was 58.80% and latency was 7.94 ms. The confidence margin over Scale Out was 0.329.
2026-09-06T18:47:00.407472+00:00,CPU Resource Exhaustion,0.6,1.0,526a06484cc5d50d7c0dc8b8487e4c04f32ee18de6a97eee8ae6965169fe5856,Do Nothing,58.9,2.153,0.0,8.0012,0.0,1.0,Do Nothing,Do Nothing,multiplicative,0.822,0.822,0.45,0.5,0.624427,0.326285,1,0.2681,,0,0,autonomous_observation,,prototype_fault_reset,,0,1.0,1.0,0.0,Do Nothing was selected with confidence 0.624. CPU usage was 58.90% and latency was 8.00 ms. The confidence margin over Scale Out was 0.326.
2026-09-06T18:47:22.482783+00:00,CPU Resource Exhaustion,0.6,1.0,526a06484cc5d50d7c0dc8b8487e4c04f32ee18de6a97eee8ae6965169fe5856,Do Nothing,59.8,2.1532,0.0,8.2086,0.0,1.0,Do Nothing,Do Nothing,multiplicative,0.804,0.804,0.45,0.5,0.617552,0.304698,1,0.413932,,0,0,autonomous_observation,,prototype_fault_reset,,0,1.0,1.0,0.0,Do Nothing was selected with confidence 0.618. CPU usage was 59.80% and latency was 8.21 ms. The confidence margin over Scale Out was 0.305.
2026-09-06T18:47:44.552939+00:00,CPU Resource Exhaustion,0.7,1.0,526a06484cc5d50d7c0dc8b8487e4c04f32ee18de6a97eee8ae6965169fe5856,Do Nothing,70.8,2.1538,0.0,8.1882,0.0,1.0,Do Nothing,Operator Review,multiplicative,0.584,0.584,0.45,0.5,0.526323,0.070538,1,0.243125,0,0,1,operator_escalation,confidence 0.526 is below the autonomous threshold 0.550,prototype_fault_reset,0.0,0,1.0,1.0,0.0,Do Nothing was selected with confidence 0.526. CPU usage was 70.80% and latency was 8.19 ms. The confidence margin over Scale Out was 0.071.
2026-09-06T18:48:06.642742+00:00,CPU Resource Exhaustion,0.7,1.0,526a06484cc5d50d7c0dc8b8487e4c04f32ee18de6a97eee8ae6965169fe5856,Do Nothing,69.7,2.1542,0.0,9.0207,0.0,1.0,Do Nothing,Operator Review,multiplicative,0.606,0.606,0.45,0.5,0.536145,0.092575,1,0.392694,0,0,1,operator_escalation,confidence 0.536 is below the autonomous threshold 0.550,prototype_fault_reset,0.0,0,1.0,1.0,0.0,Do Nothing was selected with confidence 0.536. CPU usage was 69.70% and latency was 9.02 ms. The confidence margin over Scale Out was 0.093.
2026-09-06T18:48:28.702547+00:00,CPU Resource Exhaustion,0.7,1.0,526a06484cc5d50d7c0dc8b8487e4c04f32ee18de6a97eee8ae6965169fe5856,Do Nothing,69.8,2.1546,0.0,9.2306,0.0,1.0,Do Nothing,Operator Review,multiplicative,0.604,0.604,0.45,0.5,0.535259,0.090566,1,0.956272,0,0,1,operator_escalation,confidence 0.535 is below the autonomous threshold 0.550,prototype_fault_reset,0.0,0,1.0,1.0,0.0,Do Nothing was selected with confidence 0.535. CPU usage was 69.80% and latency was 9.23 ms. The confidence margin over Scale Out was 0.091.
2026-09-06T18:48:50.789388+00:00,CPU Resource Exhaustion,0.7,1.0,526a06484cc5d50d7c0dc8b8487e4c04f32ee18de6a97eee8ae6965169fe5856,Do Nothing,69.8,2.1548,0.0,9.0328,0.0,1.0,Do Nothing,Operator Review,multiplicative,0.604,0.604,0.45,0.5,0.535259,0.090566,1,0.400445,0,0,1,operator_escalation,confidence 0.535 is below the autonomous threshold 0.550,prototype_fault_reset,0.0,0,1.0,1.0,0.0,Do Nothing was selected with confidence 0.535. CPU usage was 69.80% and latency was 9.03 ms. The confidence margin over Scale Out was 0.091.
2026-09-06T18:49:12.850003+00:00,CPU Resource Exhaustion,0.7,1.0,526a06484cc5d50d7c0dc8b8487e4c04f32ee18de6a97eee8ae6965169fe5856,Do Nothing,69.8,2.1554,0.0,8.8834,0.0,1.0,Do Nothing,Operator Review,multiplicative,0.604,0.604,0.45,0.5,0.535259,0.090566,1,0.257659,0,0,1,operator_escalation,confidence 0.535 is below the autonomous threshold 0.550,prototype_fault_reset,0.0,0,1.0,1.0,0.0,Do Nothing was selected with confidence 0.535. CPU usage was 69.80% and latency was 8.88 ms. The confidence margin over Scale Out was 0.091.
2026-09-06T18:49:40.615669+00:00,CPU Resource Exhaustion,0.7,1.0,526a06484cc5d50d7c0dc8b8487e4c04f32ee18de6a97eee8ae6965169fe5856,Do Nothing,1.0,2.159,0.0,85.4825,0.0,1.0,Do Nothing,Do Nothing,multiplicative,1.0,1.0,0.45,0.5,0.688725,0.688698,1,0.229853,,0,0,autonomous_observation,,prototype_fault_reset,,0,1.0,1.0,0.0,Do Nothing was selected with confidence 0.689. CPU usage was 1.00% and latency was 85.48 ms. The confidence margin over Scale Out was 0.689.
2026-09-06T18:49:44.014239+00:00,Application Latency,1200.0,1.0,526a06484cc5d50d7c0dc8b8487e4c04f32ee18de6a97eee8ae6965169fe5856,Rollback,1.0,2.159,0.0,112.9601,0.0,1.0,Do Nothing,Do Nothing,multiplicative,0.990743,0.990743,0.25,0.5,0.591845,0.293501,0,0.27477,,0,0,autonomous_observation,,prototype_fault_reset,,0,1.0,1.0,0.0,"Do Nothing was selected with confidence 0.592. Observed latency reached 112.96 ms, while CPU usage was 1.00% and dependency availability was 1.00. The confidence margin over Rollback was 0.294."
2026-09-06T18:50:02.657750+00:00,CPU Resource Exhaustion,0.8,1.0,526a06484cc5d50d7c0dc8b8487e4c04f32ee18de6a97eee8ae6965169fe5856,Scale Out,79.8,2.1592,0.0,123.902,0.0,1.0,Scale Out,Operator Review,multiplicative,0.450145,0.420974,0.95,0.5,0.547741,0.109981,1,0.237334,0,0,1,operator_escalation,confidence 0.548 is below the autonomous threshold 0.550,prototype_fault_reset,0.0,0,1.0,1.0,0.0,Scale Out was selected with confidence 0.548. CPU usage was 79.80% and latency was 123.90 ms. The confidence margin over Do Nothing was 0.110.
2026-09-06T18:50:24.768004+00:00,CPU Resource Exhaustion,0.8,1.0,526a06484cc5d50d7c0dc8b8487e4c04f32ee18de6a97eee8ae6965169fe5856,Scale Out,78.7,2.1594,0.0,130.3721,0.0,1.0,Scale Out,Operator Review,multiplicative,0.434496,0.406596,0.95,0.5,0.538221,0.088699,1,0.239078,0,0,1,operator_escalation,confidence 0.538 is below the autonomous threshold 0.550,prototype_fault_reset,0.0,0,1.0,1.0,0.0,Scale Out was selected with confidence 0.538. CPU usage was 78.70% and latency was 130.37 ms. The confidence margin over Do Nothing was 0.089.
2026-09-06T18:50:46.833200+00:00,CPU Resource Exhaustion,0.8,1.0,526a06484cc5d50d7c0dc8b8487e4c04f32ee18de6a97eee8ae6965169fe5856,Scale Out,78.8,2.1596,0.0,12.8849,0.0,1.0,Scale Out,Operator Review,multiplicative,0.432,0.4032,0.95,0.5,0.536321,0.087856,1,1.409506,0,0,1,operator_escalation,confidence 0.536 is below the autonomous threshold 0.550,prototype_fault_reset,0.0,0,1.0,1.0,0.0,Scale Out was selected with confidence 0.536. CPU usage was 78.80% and latency was 12.88 ms. The confidence margin over Do Nothing was 0.088.
2026-09-06T18:51:08.891239+00:00,CPU Resource Exhaustion,0.8,1.0,526a06484cc5d50d7c0dc8b8487e4c04f32ee18de6a97eee8ae6965169fe5856,Scale Out,78.8,2.16,0.0,13.083,0.0,1.0,Scale Out,Operator Review,multiplicative,0.432,0.4032,0.95,0.5,0.536321,0.087856,1,0.569636,0,0,1,operator_escalation,confidence 0.536 is below the autonomous threshold 0.550,prototype_fault_reset,0.0,0,1.0,1.0,0.0,Scale Out was selected with confidence 0.536. CPU usage was 78.80% and latency was 13.08 ms. The confidence margin over Do Nothing was 0.088.
2026-09-06T18:51:30.980543+00:00,CPU Resource Exhaustion,0.8,1.0,526a06484cc5d50d7c0dc8b8487e4c04f32ee18de6a97eee8ae6965169fe5856,Scale Out,79.8,2.16,0.0,12.514,0.0,1.0,Scale Out,Operator Review,multiplicative,0.447,0.4172,0.95,0.5,0.545552,0.107792,1,0.222675,0,0,1,operator_escalation,confidence 0.546 is below the autonomous threshold 0.550,prototype_fault_reset,0.0,0,1.0,1.0,0.0,Scale Out was selected with confidence 0.546. CPU usage was 79.80% and latency was 12.51 ms. The confidence margin over Do Nothing was 0.108.
2026-09-06T18:51:54.096365+00:00,CPU Resource Exhaustion,0.8,1.0,526a06484cc5d50d7c0dc8b8487e4c04f32ee18de6a97eee8ae6965169fe5856,Scale Out,80.8,2.16,0.0,12.93,0.0,1.0,Scale Out,Scale Out,multiplicative,0.462,0.4312,0.95,0.5,0.55463,0.114381,1,0.24695,1,1,0,autonomous,,prototype_fault_reset,1044.9812,3,1.0,1.0,0.0,Scale Out was selected with confidence 0.555. CPU usage was 80.80% and latency was 12.93 ms. The confidence margin over Restart Service was 0.114.
2026-09-06T18:52:17.252159+00:00,CPU Resource Exhaustion,0.9,1.0,526a06484cc5d50d7c0dc8b8487e4c04f32ee18de6a97eee8ae6965169fe5856,Scale Out,89.8,2.16,0.0,12.9076,0.0,1.0,Scale Out,Scale Out,multiplicative,0.597,0.5572,0.95,0.666667,0.677492,0.177037,1,0.29461,1,1,0,autonomous,,prototype_fault_reset,1091.9258,3,1.0,1.0,0.0,Scale Out was selected with confidence 0.677. CPU usage was 89.80% and latency was 12.91 ms. The confidence margin over Restart Service was 0.177.
2026-09-06T18:52:40.405706+00:00,CPU Resource Exhaustion,0.9,1.0,526a06484cc5d50d7c0dc8b8487e4c04f32ee18de6a97eee8ae6965169fe5856,Scale Out,89.8,2.16,0.0,13.194,0.0,1.0,Scale Out,Scale Out,multiplicative,0.597,0.5572,0.95,0.75,0.697738,0.197283,1,0.324589,1,1,0,autonomous,,prototype_fault_reset,1092.2917,3,1.0,1.0,0.0,Scale Out was selected with confidence 0.698. CPU usage was 89.80% and latency was 13.19 ms. The confidence margin over Restart Service was 0.197.
2026-09-06T18:53:03.561649+00:00,CPU Resource Exhaustion,0.9,1.0,526a06484cc5d50d7c0dc8b8487e4c04f32ee18de6a97eee8ae6965169fe5856,Scale Out,89.6,2.16,0.0,14.4774,0.0,1.0,Scale Out,Scale Out,multiplicative,0.594,0.5544,0.95,0.8,0.707304,0.208107,1,0.260712,1,1,0,autonomous,,prototype_fault_reset,1110.2504,3,1.0,1.0,0.0,Scale Out was selected with confidence 0.707. CPU usage was 89.60% and latency was 14.48 ms. The confidence margin over Restart Service was 0.208.
2026-09-06T18:53:26.717059+00:00,CPU Resource Exhaustion,0.9,1.0,526a06484cc5d50d7c0dc8b8487e4c04f32ee18de6a97eee8ae6965169fe5856,Scale Out,89.8,2.16,0.0,14.2361,0.0,1.0,Scale Out,Scale Out,multiplicative,0.597,0.5572,0.95,0.833333,0.716361,0.215906,1,0.258708,1,1,0,autonomous,,prototype_fault_reset,1095.6107,3,1.0,1.0,0.0,Scale Out was selected with confidence 0.716. CPU usage was 89.80% and latency was 14.24 ms. The confidence margin over Restart Service was 0.216.
2026-09-06T18:53:49.873677+00:00,CPU Resource Exhaustion,0.9,1.0,526a06484cc5d50d7c0dc8b8487e4c04f32ee18de6a97eee8ae6965169fe5856,Scale Out,89.8,2.16,0.0,13.8949,0.0,1.0,Scale Out,Scale Out,multiplicative,0.597,0.5572,0.95,0.857143,0.721424,0.220969,1,0.268544,1,1,0,autonomous,,prototype_fault_reset,1110.347,3,1.0,1.0,0.0,Scale Out was selected with confidence 0.721. CPU usage was 89.80% and latency was 13.89 ms. The confidence margin over Restart Service was 0.221.
2026-09-06T18:54:13.032952+00:00,CPU Resource Exhaustion,0.9,1.0,526a06484cc5d50d7c0dc8b8487e4c04f32ee18de6a97eee8ae6965169fe5856,Scale Out,89.7,2.16,0.0,13.7995,0.0,1.0,Scale Out,Scale Out,multiplicative,0.5955,0.5558,0.95,0.875,0.724241,0.224415,1,0.341722,1,1,0,autonomous,,prototype_fault_reset,1093.4157,3,1.0,1.0,0.0,Scale Out was selected with confidence 0.724. CPU usage was 89.70% and latency was 13.80 ms. The confidence margin over Restart Service was 0.224.
2026-09-06T18:54:36.186281+00:00,CPU Resource Exhaustion,0.95,1.0,526a06484cc5d50d7c0dc8b8487e4c04f32ee18de6a97eee8ae6965169fe5856,Scale Out,93.8,2.16,0.0,14.8675,0.0,1.0,Scale Out,Scale Out,multiplicative,0.657,0.6132,0.95,0.888889,0.763721,0.238719,1,1.395044,1,1,0,autonomous,,prototype_fault_reset,1089.1986,3,1.0,1.0,0.0,Scale Out was selected with confidence 0.764. CPU usage was 93.80% and latency was 14.87 ms. The confidence margin over Restart Service was 0.239.
2026-09-06T18:54:59.344719+00:00,CPU Resource Exhaustion,0.95,1.0,526a06484cc5d50d7c0dc8b8487e4c04f32ee18de6a97eee8ae6965169fe5856,Scale Out,94.8,2.16,0.0,15.8458,0.0,1.0,Scale Out,Scale Out,multiplicative,0.672,0.6272,0.95,0.9,0.774792,0.243831,1,0.289637,1,1,0,autonomous,,prototype_fault_reset,1104.8582,3,1.0,1.0,0.0,Scale Out was selected with confidence 0.775. CPU usage was 94.80% and latency was 15.85 ms. The confidence margin over Restart Service was 0.244.
2026-09-06T18:55:22.520081+00:00,CPU Resource Exhaustion,0.95,1.0,526a06484cc5d50d7c0dc8b8487e4c04f32ee18de6a97eee8ae6965169fe5856,Scale Out,93.7,2.16,0.0,17.4944,0.0,1.0,Scale Out,Scale Out,multiplicative,0.6555,0.6118,0.95,0.909091,0.767146,0.242744,1,0.277439,1,1,0,autonomous,,prototype_fault_reset,1105.5011,3,1.0,1.0,0.0,Scale Out was selected with confidence 0.767. CPU usage was 93.70% and latency was 17.49 ms. The confidence margin over Restart Service was 0.243.
2026-09-06T18:55:45.708420+00:00,CPU Resource Exhaustion,0.95,1.0,526a06484cc5d50d7c0dc8b8487e4c04f32ee18de6a97eee8ae6965169fe5856,Scale Out,93.8,2.16,0.0,17.8055,0.0,1.0,Scale Out,Scale Out,multiplicative,0.657,0.6132,0.95,0.916667,0.769619,0.244617,1,0.260289,1,1,0,autonomous,,prototype_fault_reset,1114.2067,3,1.0,1.0,0.0,Scale Out was selected with confidence 0.770. CPU usage was 93.80% and latency was 17.81 ms. The confidence margin over Restart Service was 0.245.
2026-09-06T18:56:08.852329+00:00,CPU Resource Exhaustion,0.95,1.0,526a06484cc5d50d7c0dc8b8487e4c04f32ee18de6a97eee8ae6965169fe5856,Scale Out,94.9,2.16,0.0,16.9692,0.0,1.0,Scale Out,Scale Out,multiplicative,0.6735,0.6286,0.95,0.923077,0.780582,0.249028,1,0.403143,1,1,0,autonomous,,prototype_fault_reset,1071.9189,3,1.0,1.0,0.0,Scale Out was selected with confidence 0.781. CPU usage was 94.90% and latency was 16.97 ms. The confidence margin over Restart Service was 0.249.
2026-09-06T18:56:32.009883+00:00,CPU Resource Exhaustion,0.95,1.0,526a06484cc5d50d7c0dc8b8487e4c04f32ee18de6a97eee8ae6965169fe5856,Scale Out,92.8,2.16,0.0,16.0202,0.0,1.0,Scale Out,Scale Out,multiplicative,0.642,0.5992,0.95,0.928571,0.763241,0.244266,1,0.239654,1,1,0,autonomous,,prototype_fault_reset,1097.1683,3,1.0,1.0,0.0,Scale Out was selected with confidence 0.763. CPU usage was 92.80% and latency was 16.02 ms. The confidence margin over Restart Service was 0.244.
2026-09-06T18:56:52.208715+00:00,Memory Pressure,100.0,1.0,526a06484cc5d50d7c0dc8b8487e4c04f32ee18de6a97eee8ae6965169fe5856,Do Nothing,1.0,7.205,100.0,12.3475,0.0,1.0,Do Nothing,Operator Review,multiplicative,0.639751,0.666667,0.35,0.5,0.522684,0.064187,1,0.997979,0,0,1,operator_escalation,confidence 0.523 is below the autonomous threshold 0.550,prototype_fault_reset,0.0,0,1.0,1.0,0.0,Do Nothing was selected with confidence 0.523. Injected memory was 100.00 MB and process memory usage was 7.20%.
2026-09-06T18:57:12.339334+00:00,Memory Pressure,100.0,1.0,526a06484cc5d50d7c0dc8b8487e4c04f32ee18de6a97eee8ae6965169fe5856,Do Nothing,0.0,7.2008,100.0,8.6329,0.0,1.0,Do Nothing,Operator Review,multiplicative,0.639959,0.666667,0.35,0.5,0.522727,0.064287,1,0.374898,0,0,1,operator_escalation,confidence 0.523 is below the autonomous threshold 0.550,prototype_fault_reset,0.0,0,1.0,1.0,0.0,Do Nothing was selected with confidence 0.523. Injected memory was 100.00 MB and process memory usage was 7.20%.
2026-09-06T18:57:32.448467+00:00,Memory Pressure,100.0,1.0,526a06484cc5d50d7c0dc8b8487e4c04f32ee18de6a97eee8ae6965169fe5856,Do Nothing,0.0,7.2008,100.0,4.227,0.0,1.0,Do Nothing,Operator Review,multiplicative,0.639959,0.666667,0.35,0.5,0.522727,0.064287,1,0.487546,0,0,1,operator_escalation,confidence 0.523 is below the autonomous threshold 0.550,prototype_fault_reset,0.0,0,1.0,1.0,0.0,Do Nothing was selected with confidence 0.523. Injected memory was 100.00 MB and process memory usage was 7.20%.
2026-09-06T18:57:52.576560+00:00,Memory Pressure,100.0,1.0,526a06484cc5d50d7c0dc8b8487e4c04f32ee18de6a97eee8ae6965169fe5856,Do Nothing,0.0,7.201,100.0,4.2292,0.0,1.0,Do Nothing,Operator Review,multiplicative,0.639949,0.666667,0.35,0.5,0.522725,0.064282,1,0.289786,0,0,1,operator_escalation,confidence 0.523 is below the autonomous threshold 0.550,prototype_fault_reset,0.0,0,1.0,1.0,0.0,Do Nothing was selected with confidence 0.523. Injected memory was 100.00 MB and process memory usage was 7.20%.
2026-09-06T18:58:12.718277+00:00,Memory Pressure,100.0,1.0,526a06484cc5d50d7c0dc8b8487e4c04f32ee18de6a97eee8ae6965169fe5856,Do Nothing,0.0,7.201,100.0,4.3983,0.0,1.0,Do Nothing,Operator Review,multiplicative,0.639949,0.666667,0.35,0.5,0.522725,0.064282,1,0.281793,0,0,1,operator_escalation,confidence 0.523 is below the autonomous threshold 0.550,prototype_fault_reset,0.0,0,1.0,1.0,0.0,Do Nothing was selected with confidence 0.523. Injected memory was 100.00 MB and process memory usage was 7.20%.
2026-09-06T18:58:32.889700+00:00,Memory Pressure,150.0,1.0,526a06484cc5d50d7c0dc8b8487e4c04f32ee18de6a97eee8ae6965169fe5856,Do Nothing,0.0,9.7391,150.0,4.6371,0.0,1.0,Restart Service,Operator Review,multiplicative,0.447391,0.448043,0.92,0.5,0.55105,0.001664,0,0.235159,0,0,1,operator_escalation,confidence margin 0.002 is below the ambiguity threshold 0.030,prototype_fault_reset,0.0,0,1.0,1.0,0.0,Restart Service was selected with confidence 0.551. Injected memory was 150.00 MB and process memory usage was 9.74%.
2026-09-06T18:58:53.052147+00:00,Memory Pressure,150.0,1.0,526a06484cc5d50d7c0dc8b8487e4c04f32ee18de6a97eee8ae6965169fe5856,Do Nothing,0.0,9.7391,150.0,4.6038,0.0,1.0,Restart Service,Operator Review,multiplicative,0.447391,0.448043,0.92,0.5,0.55105,0.001664,0,0.263511,0,0,1,operator_escalation,confidence margin 0.002 is below the ambiguity threshold 0.030,prototype_fault_reset,0.0,0,1.0,1.0,0.0,Restart Service was selected with confidence 0.551. Injected memory was 150.00 MB and process memory usage was 9.74%.
2026-09-06T18:59:13.196712+00:00,Memory Pressure,150.0,1.0,526a06484cc5d50d7c0dc8b8487e4c04f32ee18de6a97eee8ae6965169fe5856,Do Nothing,1.0,9.7391,150.0,4.4177,0.0,1.0,Restart Service,Operator Review,multiplicative,0.447391,0.448043,0.92,0.5,0.55105,0.001664,0,0.26184,0,0,1,operator_escalation,confidence margin 0.002 is below the ambiguity threshold 0.030,prototype_fault_reset,0.0,0,1.0,1.0,0.0,Restart Service was selected with confidence 0.551. Injected memory was 150.00 MB and process memory usage was 9.74%.
2026-09-06T18:59:33.334597+00:00,Memory Pressure,150.0,1.0,526a06484cc5d50d7c0dc8b8487e4c04f32ee18de6a97eee8ae6965169fe5856,Do Nothing,0.0,9.7393,150.0,4.3737,0.0,1.0,Restart Service,Operator Review,multiplicative,0.447393,0.448045,0.92,0.5,0.551051,0.001663,0,0.199247,0,0,1,operator_escalation,confidence margin 0.002 is below the ambiguity threshold 0.030,prototype_fault_reset,0.0,0,1.0,1.0,0.0,Restart Service was selected with confidence 0.551. Injected memory was 150.00 MB and process memory usage was 9.74%.
2026-09-06T18:59:53.488568+00:00,Memory Pressure,150.0,1.0,526a06484cc5d50d7c0dc8b8487e4c04f32ee18de6a97eee8ae6965169fe5856,Do Nothing,0.0,9.7395,150.0,4.146,0.0,1.0,Restart Service,Operator Review,multiplicative,0.447395,0.448046,0.92,0.5,0.551052,0.001662,0,0.254227,0,0,1,operator_escalation,confidence margin 0.002 is below the ambiguity threshold 0.030,prototype_fault_reset,0.0,0,1.0,1.0,0.0,Restart Service was selected with confidence 0.551. Injected memory was 150.00 MB and process memory usage was 9.74%.
2026-09-06T19:00:13.698153+00:00,Memory Pressure,200.0,1.0,526a06484cc5d50d7c0dc8b8487e4c04f32ee18de6a97eee8ae6965169fe5856,Restart Service,0.0,12.2804,200.0,5.0046,0.0,1.0,Restart Service,Operator Review,multiplicative,0.58947,0.592103,0.92,0.5,0.633001,0.005689,1,0.383588,0,0,1,operator_escalation,confidence margin 0.006 is below the ambiguity threshold 0.030,prototype_fault_reset,0.0,0,1.0,1.0,0.0,Restart Service was selected with confidence 0.633. Injected memory was 200.00 MB and process memory usage was 12.28%.
2026-09-06T19:00:33.912308+00:00,Memory Pressure,200.0,1.0,526a06484cc5d50d7c0dc8b8487e4c04f32ee18de6a97eee8ae6965169fe5856,Restart Service,0.0,12.7925,200.0,5.3325,0.0,1.0,Restart Service,Operator Review,multiplicative,0.594591,0.595944,0.92,0.5,0.635397,0.002947,1,0.221708,0,0,1,operator_escalation,confidence margin 0.003 is below the ambiguity threshold 0.030,prototype_fault_reset,0.0,0,1.0,1.0,0.0,Restart Service was selected with confidence 0.635. Injected memory was 200.00 MB and process memory usage was 12.79%.
2026-09-06T19:00:54.108704+00:00,Memory Pressure,200.0,1.0,526a06484cc5d50d7c0dc8b8487e4c04f32ee18de6a97eee8ae6965169fe5856,Restart Service,0.0,12.7925,200.0,5.5775,0.0,1.0,Restart Service,Operator Review,multiplicative,0.594591,0.595944,0.92,0.5,0.635397,0.002947,1,0.467829,0,0,1,operator_escalation,confidence margin 0.003 is below the ambiguity threshold 0.030,prototype_fault_reset,0.0,0,1.0,1.0,0.0,Restart Service was selected with confidence 0.635. Injected memory was 200.00 MB and process memory usage was 12.79%.
2026-09-06T19:01:14.295589+00:00,Memory Pressure,200.0,1.0,526a06484cc5d50d7c0dc8b8487e4c04f32ee18de6a97eee8ae6965169fe5856,Restart Service,1.0,12.7925,200.0,4.5198,0.0,1.0,Restart Service,Operator Review,multiplicative,0.594591,0.595944,0.92,0.5,0.635397,0.002947,1,1.536744,0,0,1,operator_escalation,confidence margin 0.003 is below the ambiguity threshold 0.030,prototype_fault_reset,0.0,0,1.0,1.0,0.0,Restart Service was selected with confidence 0.635. Injected memory was 200.00 MB and process memory usage was 12.79%.
2026-09-06T19:01:34.480192+00:00,Memory Pressure,200.0,1.0,526a06484cc5d50d7c0dc8b8487e4c04f32ee18de6a97eee8ae6965169fe5856,Restart Service,0.0,12.7925,200.0,4.2226,0.0,1.0,Restart Service,Operator Review,multiplicative,0.594591,0.595944,0.92,0.5,0.635397,0.002947,1,0.219139,0,0,1,operator_escalation,confidence margin 0.003 is below the ambiguity threshold 0.030,prototype_fault_reset,0.0,0,1.0,1.0,0.0,Restart Service was selected with confidence 0.635. Injected memory was 200.00 MB and process memory usage was 12.79%.
2026-09-06T19:01:54.743442+00:00,Memory Pressure,250.0,1.0,526a06484cc5d50d7c0dc8b8487e4c04f32ee18de6a97eee8ae6965169fe5856,Restart Service,0.0,15.3333,250.0,4.1714,0.0,1.0,Restart Service,Operator Review,multiplicative,0.736667,0.74,0.92,0.5,0.707645,0.006443,1,0.387695,0,0,1,operator_escalation,confidence margin 0.006 is below the ambiguity threshold 0.030,prototype_fault_reset,0.0,0,1.0,1.0,0.0,Restart Service was selected with confidence 0.708. Injected memory was 250.00 MB and process memory usage was 15.33%.
2026-09-06T19:02:15.022090+00:00,Memory Pressure,250.0,1.0,526a06484cc5d50d7c0dc8b8487e4c04f32ee18de6a97eee8ae6965169fe5856,Restart Service,1.0,15.3333,250.0,4.3266,0.0,1.0,Restart Service,Operator Review,multiplicative,0.736667,0.74,0.92,0.5,0.707645,0.006443,1,0.422834,0,0,1,operator_escalation,confidence margin 0.006 is below the ambiguity threshold 0.030,prototype_fault_reset,0.0,0,1.0,1.0,0.0,Restart Service was selected with confidence 0.708. Injected memory was 250.00 MB and process memory usage was 15.33%.
2026-09-06T19:02:35.308413+00:00,Memory Pressure,250.0,1.0,526a06484cc5d50d7c0dc8b8487e4c04f32ee18de6a97eee8ae6965169fe5856,Restart Service,0.0,15.3337,250.0,4.4756,0.0,1.0,Restart Service,Operator Review,multiplicative,0.736671,0.740003,0.92,0.5,0.707646,0.006441,1,0.276673,0,0,1,operator_escalation,confidence margin 0.006 is below the ambiguity threshold 0.030,prototype_fault_reset,0.0,0,1.0,1.0,0.0,Restart Service was selected with confidence 0.708. Injected memory was 250.00 MB and process memory usage was 15.33%.
2026-09-06T19:02:55.539296+00:00,Memory Pressure,250.0,1.0,526a06484cc5d50d7c0dc8b8487e4c04f32ee18de6a97eee8ae6965169fe5856,Restart Service,0.0,15.3333,250.0,4.5179,0.0,1.0,Restart Service,Operator Review,multiplicative,0.736667,0.74,0.92,0.5,0.707645,0.006443,1,1.294362,0,0,1,operator_escalation,confidence margin 0.006 is below the ambiguity threshold 0.030,prototype_fault_reset,0.0,0,1.0,1.0,0.0,Restart Service was selected with confidence 0.708. Injected memory was 250.00 MB and process memory usage was 15.33%.
2026-09-06T19:03:15.739489+00:00,Memory Pressure,250.0,1.0,526a06484cc5d50d7c0dc8b8487e4c04f32ee18de6a97eee8ae6965169fe5856,Restart Service,0.0,15.3333,250.0,4.4983,0.0,1.0,Restart Service,Operator Review,multiplicative,0.736667,0.74,0.92,0.5,0.707645,0.006443,1,0.409137,0,0,1,operator_escalation,confidence margin 0.006 is below the ambiguity threshold 0.030,prototype_fault_reset,0.0,0,1.0,1.0,0.0,Restart Service was selected with confidence 0.708. Injected memory was 250.00 MB and process memory usage was 15.33%.
2026-09-06T19:03:36.008731+00:00,Memory Pressure,300.0,1.0,526a06484cc5d50d7c0dc8b8487e4c04f32ee18de6a97eee8ae6965169fe5856,Restart Service,0.0,17.8738,300.0,4.3184,0.0,1.0,Restart Service,Operator Review,multiplicative,0.878738,0.884054,0.92,0.5,0.773168,0.009383,1,0.362496,0,0,1,operator_escalation,confidence margin 0.009 is below the ambiguity threshold 0.030,prototype_fault_reset,0.0,0,1.0,1.0,0.0,Restart Service was selected with confidence 0.773. Injected memory was 300.00 MB and process memory usage was 17.87%.
2026-09-06T19:03:56.259071+00:00,Memory Pressure,300.0,1.0,526a06484cc5d50d7c0dc8b8487e4c04f32ee18de6a97eee8ae6965169fe5856,Restart Service,1.0,17.8738,300.0,4.2155,0.0,1.0,Restart Service,Operator Review,multiplicative,0.878738,0.884054,0.92,0.5,0.773168,0.009383,1,0.256957,0,0,1,operator_escalation,confidence margin 0.009 is below the ambiguity threshold 0.030,prototype_fault_reset,0.0,0,1.0,1.0,0.0,Restart Service was selected with confidence 0.773. Injected memory was 300.00 MB and process memory usage was 17.87%.
2026-09-06T19:04:16.530018+00:00,Memory Pressure,300.0,1.0,526a06484cc5d50d7c0dc8b8487e4c04f32ee18de6a97eee8ae6965169fe5856,Restart Service,0.0,17.8738,300.0,4.0163,0.0,1.0,Restart Service,Operator Review,multiplicative,0.878738,0.884054,0.92,0.5,0.773168,0.009383,1,0.200341,0,0,1,operator_escalation,confidence margin 0.009 is below the ambiguity threshold 0.030,prototype_fault_reset,0.0,0,1.0,1.0,0.0,Restart Service was selected with confidence 0.773. Injected memory was 300.00 MB and process memory usage was 17.87%.
2026-09-06T19:04:34.000610+00:00,Service Dependency Failure,1.0,1.0,526a06484cc5d50d7c0dc8b8487e4c04f32ee18de6a97eee8ae6965169fe5856,Restart Dependency,3.0,17.3661,300.0,4.0063,0.0,1.0,Do Nothing,Do Nothing,multiplicative,1.0,1.0,0.25,0.5,0.594604,0.594577,0,0.651893,,0,0,autonomous_observation,,prototype_fault_reset,,0,0.9,1.0,0.1,"Do Nothing was selected with confidence 0.595. Dependency availability was 1.00, error rate was 0.00%, and latency was 4.01 ms. The confidence margin over Scale Out was 0.595."
2026-09-06T19:04:36.749713+00:00,Memory Pressure,300.0,1.0,526a06484cc5d50d7c0dc8b8487e4c04f32ee18de6a97eee8ae6965169fe5856,Restart Service,1.0,17.3661,300.0,4.0089,0.0,1.0,Restart Service,Operator Review,multiplicative,0.873661,0.880246,0.92,0.5,0.771216,0.011644,1,0.227687,0,0,1,operator_escalation,confidence margin 0.012 is below the ambiguity threshold 0.030,prototype_fault_reset,0.0,0,1.0,1.0,0.0,Restart Service was selected with confidence 0.771. Injected memory was 300.00 MB and process memory usage was 17.37%.
2026-09-06T19:04:57.026691+00:00,Memory Pressure,300.0,1.0,526a06484cc5d50d7c0dc8b8487e4c04f32ee18de6a97eee8ae6965169fe5856,Restart Service,0.0,17.8738,300.0,4.0275,0.0,1.0,Restart Service,Operator Review,multiplicative,0.878738,0.884054,0.92,0.5,0.773168,0.009383,1,0.234857,0,0,1,operator_escalation,confidence margin 0.009 is below the ambiguity threshold 0.030,prototype_fault_reset,0.0,0,1.0,1.0,0.0,Restart Service was selected with confidence 0.773. Injected memory was 300.00 MB and process memory usage was 17.87%.
2026-09-06T19:05:22.441014+00:00,Application Latency,300.0,1.0,526a06484cc5d50d7c0dc8b8487e4c04f32ee18de6a97eee8ae6965169fe5856,Do Nothing,1.0,2.6348,0.0,37.4336,0.0,1.0,Do Nothing,Do Nothing,multiplicative,1.0,1.0,0.25,0.5,0.594604,0.304838,1,0.42918,,0,0,autonomous_observation,,prototype_fault_reset,,0,1.0,1.0,0.0,"Do Nothing was selected with confidence 0.595. Observed latency reached 37.43 ms, while CPU usage was 1.00% and dependency availability was 1.00. The confidence margin over Rollback was 0.305."
2026-09-06T19:05:47.765756+00:00,Application Latency,300.0,1.0,526a06484cc5d50d7c0dc8b8487e4c04f32ee18de6a97eee8ae6965169fe5856,Do Nothing,0.0,2.6348,0.0,146.0749,0.0,1.0,Do Nothing,Do Nothing,multiplicative,0.967089,0.967089,0.25,0.5,0.584737,0.265611,1,0.257789,,0,0,autonomous_observation,,prototype_fault_reset,,0,1.0,1.0,0.0,"Do Nothing was selected with confidence 0.585. Observed latency reached 146.07 ms, while CPU usage was 0.00% and dependency availability was 1.00. The confidence margin over Rollback was 0.266."
2026-09-06T19:06:13.078924+00:00,Application Latency,300.0,1.0,526a06484cc5d50d7c0dc8b8487e4c04f32ee18de6a97eee8ae6965169fe5856,Do Nothing,0.0,2.6348,0.0,257.5724,0.0,1.0,Do Nothing,Do Nothing,multiplicative,0.887448,0.887448,0.25,0.5,0.560143,0.17975,1,0.241207,,0,0,autonomous_observation,,prototype_fault_reset,,0,1.0,1.0,0.0,"Do Nothing was selected with confidence 0.560. Observed latency reached 257.57 ms, while CPU usage was 0.00% and dependency availability was 1.00. The confidence margin over Rollback was 0.180."
2026-09-06T19:06:38.419850+00:00,Application Latency,300.0,1.0,526a06484cc5d50d7c0dc8b8487e4c04f32ee18de6a97eee8ae6965169fe5856,Do Nothing,0.0,2.6348,0.0,256.8703,0.0,1.0,Do Nothing,Do Nothing,multiplicative,0.88795,0.88795,0.25,0.5,0.560301,0.180262,1,0.396073,,0,0,autonomous_observation,,prototype_fault_reset,,0,1.0,1.0,0.0,"Do Nothing was selected with confidence 0.560. Observed latency reached 256.87 ms, while CPU usage was 0.00% and dependency availability was 1.00. The confidence margin over Rollback was 0.180."
2026-09-06T19:07:03.744784+00:00,Application Latency,300.0,1.0,526a06484cc5d50d7c0dc8b8487e4c04f32ee18de6a97eee8ae6965169fe5856,Do Nothing,0.0,2.6348,0.0,258.4173,0.0,1.0,Do Nothing,Do Nothing,multiplicative,0.886845,0.886845,0.25,0.5,0.559953,0.179135,1,0.298129,,0,0,autonomous_observation,,prototype_fault_reset,,0,1.0,1.0,0.0,"Do Nothing was selected with confidence 0.560. Observed latency reached 258.42 ms, while CPU usage was 0.00% and dependency availability was 1.00. The confidence margin over Rollback was 0.179."
2026-09-06T19:07:27.048771+00:00,Application Latency,500.0,1.0,526a06484cc5d50d7c0dc8b8487e4c04f32ee18de6a97eee8ae6965169fe5856,Do Nothing,0.0,2.6348,0.0,282.327,0.0,1.0,Do Nothing,Do Nothing,multiplicative,0.869766,0.869766,0.25,0.5,0.554535,0.161888,1,0.273993,,0,0,autonomous_observation,,prototype_fault_reset,,0,1.0,1.0,0.0,"Do Nothing was selected with confidence 0.555. Observed latency reached 282.33 ms, while CPU usage was 0.00% and dependency availability was 1.00. The confidence margin over Rollback was 0.162."
2026-09-06T19:07:50.374983+00:00,Application Latency,500.0,1.0,526a06484cc5d50d7c0dc8b8487e4c04f32ee18de6a97eee8ae6965169fe5856,Do Nothing,0.0,2.6348,0.0,327.4007,0.0,1.0,Do Nothing,Operator Review,multiplicative,0.837571,0.837571,0.25,0.5,0.544175,0.130174,1,2.535211,0,0,1,operator_escalation,confidence 0.544 is below the autonomous threshold 0.550,prototype_fault_reset,0.0,0,1.0,1.0,0.0,"Do Nothing was selected with confidence 0.544. Observed latency reached 327.40 ms, while CPU usage was 0.00% and dependency availability was 1.00. The confidence margin over Rollback was 0.130."
2026-09-06T19:08:13.665594+00:00,Application Latency,500.0,1.0,526a06484cc5d50d7c0dc8b8487e4c04f32ee18de6a97eee8ae6965169fe5856,Do Nothing,0.0,2.6348,0.0,386.8057,0.0,1.0,Do Nothing,Operator Review,multiplicative,0.795139,0.795139,0.25,0.5,0.530211,0.089685,1,0.363471,0,0,1,operator_escalation,confidence 0.530 is below the autonomous threshold 0.550,prototype_fault_reset,0.0,0,1.0,1.0,0.0,"Do Nothing was selected with confidence 0.530. Observed latency reached 386.81 ms, while CPU usage was 0.00% and dependency availability was 1.00. The confidence margin over Rollback was 0.090."
2026-09-06T19:08:36.973741+00:00,Application Latency,500.0,1.0,526a06484cc5d50d7c0dc8b8487e4c04f32ee18de6a97eee8ae6965169fe5856,Do Nothing,1.0,2.6348,0.0,389.1077,0.0,1.0,Do Nothing,Operator Review,multiplicative,0.793494,0.793494,0.25,0.5,0.529663,0.088142,1,0.412335,0,0,1,operator_escalation,confidence 0.530 is below the autonomous threshold 0.550,prototype_fault_reset,0.0,0,1.0,1.0,0.0,"Do Nothing was selected with confidence 0.530. Observed latency reached 389.11 ms, while CPU usage was 1.00% and dependency availability was 1.00. The confidence margin over Rollback was 0.088."
2026-09-06T19:09:00.284955+00:00,Application Latency,500.0,1.0,526a06484cc5d50d7c0dc8b8487e4c04f32ee18de6a97eee8ae6965169fe5856,Do Nothing,0.0,2.6348,0.0,387.9709,0.0,1.0,Do Nothing,Operator Review,multiplicative,0.794307,0.794307,0.25,0.5,0.529934,0.088904,1,0.37583,0,0,1,operator_escalation,confidence 0.530 is below the autonomous threshold 0.550,prototype_fault_reset,0.0,0,1.0,1.0,0.0,"Do Nothing was selected with confidence 0.530. Observed latency reached 387.97 ms, while CPU usage was 0.00% and dependency availability was 1.00. The confidence margin over Rollback was 0.089."
2026-09-06T19:09:26.781761+00:00,Application Latency,700.0,1.0,526a06484cc5d50d7c0dc8b8487e4c04f32ee18de6a97eee8ae6965169fe5856,Rollback,0.0,2.6348,0.0,415.0137,0.0,1.0,Do Nothing,Operator Review,multiplicative,0.77499,0.77499,0.25,0.5,0.523451,0.070884,0,0.351071,0,0,1,operator_escalation,confidence 0.523 is below the autonomous threshold 0.550,prototype_fault_reset,0.0,0,1.0,1.0,0.0,"Do Nothing was selected with confidence 0.523. Observed latency reached 415.01 ms, while CPU usage was 0.00% and dependency availability was 1.00. The confidence margin over Rollback was 0.071."
2026-09-06T19:09:53.277259+00:00,Application Latency,700.0,1.0,526a06484cc5d50d7c0dc8b8487e4c04f32ee18de6a97eee8ae6965169fe5856,Rollback,0.0,2.6348,0.0,462.5999,0.0,1.0,Do Nothing,Operator Review,multiplicative,0.741,0.741,0.25,0.5,0.511843,0.039673,0,0.299964,0,0,1,operator_escalation,confidence 0.512 is below the autonomous threshold 0.550,prototype_fault_reset,0.0,0,1.0,1.0,0.0,"Do Nothing was selected with confidence 0.512. Observed latency reached 462.60 ms, while CPU usage was 0.00% and dependency availability was 1.00. The confidence margin over Rollback was 0.040."
2026-09-06T19:10:19.839257+00:00,Application Latency,700.0,1.0,526a06484cc5d50d7c0dc8b8487e4c04f32ee18de6a97eee8ae6965169fe5856,Rollback,0.0,2.6348,0.0,495.109,0.0,1.0,Do Nothing,Operator Review,multiplicative,0.717779,0.717779,0.25,0.5,0.503759,0.018659,0,0.337559,0,0,1,operator_escalation,confidence 0.504 is below the autonomous threshold 0.550; confidence margin 0.019 is below the ambiguity threshold 0.030,prototype_fault_reset,0.0,0,1.0,1.0,0.0,"Do Nothing was selected with confidence 0.504. Observed latency reached 495.11 ms, while CPU usage was 0.00% and dependency availability was 1.00. The confidence margin over Rollback was 0.019."
2026-09-06T19:10:46.323088+00:00,Application Latency,700.0,1.0,526a06484cc5d50d7c0dc8b8487e4c04f32ee18de6a97eee8ae6965169fe5856,Rollback,0.0,2.6348,0.0,497.8665,0.0,1.0,Do Nothing,Operator Review,multiplicative,0.71581,0.71581,0.25,0.5,0.503068,0.016887,0,0.239754,0,0,1,operator_escalation,confidence 0.503 is below the autonomous threshold 0.550; confidence margin 0.017 is below the ambiguity threshold 0.030,prototype_fault_reset,0.0,0,1.0,1.0,0.0,"Do Nothing was selected with confidence 0.503. Observed latency reached 497.87 ms, while CPU usage was 0.00% and dependency availability was 1.00. The confidence margin over Rollback was 0.017."
2026-09-06T19:11:12.804300+00:00,Application Latency,700.0,1.0,526a06484cc5d50d7c0dc8b8487e4c04f32ee18de6a97eee8ae6965169fe5856,Rollback,0.0,2.6348,0.0,500.1986,0.0,1.0,Do Nothing,Operator Review,multiplicative,0.714144,0.714144,0.25,0.5,0.502482,0.015389,0,0.288028,0,0,1,operator_escalation,confidence 0.502 is below the autonomous threshold 0.550; confidence margin 0.015 is below the ambiguity threshold 0.030,prototype_fault_reset,0.0,0,1.0,1.0,0.0,"Do Nothing was selected with confidence 0.502. Observed latency reached 500.20 ms, while CPU usage was 0.00% and dependency availability was 1.00. The confidence margin over Rollback was 0.015."
2026-09-06T19:11:40.833738+00:00,Application Latency,900.0,1.0,526a06484cc5d50d7c0dc8b8487e4c04f32ee18de6a97eee8ae6965169fe5856,Rollback,0.0,2.6348,0.0,520.0741,0.0,1.0,Do Nothing,Operator Review,multiplicative,0.699947,0.699947,0.25,0.5,0.497462,0.002665,0,0.284957,0,0,1,operator_escalation,confidence 0.497 is below the autonomous threshold 0.550; confidence margin 0.003 is below the ambiguity threshold 0.030,prototype_fault_reset,0.0,0,1.0,1.0,0.0,"Do Nothing was selected with confidence 0.497. Observed latency reached 520.07 ms, while CPU usage was 0.00% and dependency availability was 1.00. The confidence margin over Rollback was 0.003."
2026-09-06T19:12:08.892783+00:00,Application Latency,900.0,1.0,526a06484cc5d50d7c0dc8b8487e4c04f32ee18de6a97eee8ae6965169fe5856,Rollback,0.0,2.6348,0.0,565.743,0.0,1.0,Rollback,Operator Review,multiplicative,0.399505,0.366139,0.94,0.5,0.512055,0.026323,1,0.262702,0,0,1,operator_escalation,confidence 0.512 is below the autonomous threshold 0.550; confidence margin 0.026 is below the ambiguity threshold 0.030,prototype_fault_reset,0.0,0,1.0,1.0,0.0,"Rollback was selected with confidence 0.512. Observed latency reached 565.74 ms, while CPU usage was 0.00% and dependency availability was 1.00. The confidence margin over Do Nothing was 0.026."
2026-09-06T19:12:36.929104+00:00,Application Latency,900.0,1.0,526a06484cc5d50d7c0dc8b8487e4c04f32ee18de6a97eee8ae6965169fe5856,Rollback,1.0,2.6348,0.0,591.5498,0.0,1.0,Rollback,Operator Review,multiplicative,0.41333,0.380886,0.94,0.5,0.521552,0.042575,1,0.232409,0,0,1,operator_escalation,confidence 0.522 is below the autonomous threshold 0.550,prototype_fault_reset,0.0,0,1.0,1.0,0.0,"Rollback was selected with confidence 0.522. Observed latency reached 591.55 ms, while CPU usage was 1.00% and dependency availability was 1.00. The confidence margin over Do Nothing was 0.043."
2026-09-06T19:13:04.972264+00:00,Application Latency,900.0,1.0,526a06484cc5d50d7c0dc8b8487e4c04f32ee18de6a97eee8ae6965169fe5856,Rollback,0.0,2.6348,0.0,591.3715,0.0,1.0,Rollback,Operator Review,multiplicative,0.413235,0.380784,0.94,0.5,0.521487,0.042463,1,0.279051,0,0,1,operator_escalation,confidence 0.521 is below the autonomous threshold 0.550,prototype_fault_reset,0.0,0,1.0,1.0,0.0,"Rollback was selected with confidence 0.521. Observed latency reached 591.37 ms, while CPU usage was 0.00% and dependency availability was 1.00. The confidence margin over Do Nothing was 0.042."
2026-09-06T19:13:33.029888+00:00,Application Latency,900.0,1.0,526a06484cc5d50d7c0dc8b8487e4c04f32ee18de6a97eee8ae6965169fe5856,Rollback,1.0,2.6348,0.0,591.5991,0.0,1.0,Rollback,Operator Review,multiplicative,0.413357,0.380914,0.94,0.5,0.52157,0.042606,1,0.446275,0,0,1,operator_escalation,confidence 0.522 is below the autonomous threshold 0.550,prototype_fault_reset,0.0,0,1.0,1.0,0.0,"Rollback was selected with confidence 0.522. Observed latency reached 591.60 ms, while CPU usage was 1.00% and dependency availability was 1.00. The confidence margin over Do Nothing was 0.043."
2026-09-06T19:14:01.617667+00:00,Application Latency,1200.0,1.0,526a06484cc5d50d7c0dc8b8487e4c04f32ee18de6a97eee8ae6965169fe5856,Rollback,0.0,2.6348,0.0,640.0048,0.0,1.0,Rollback,Operator Review,multiplicative,0.439288,0.408574,0.94,0.5,0.538927,0.072899,1,0.279996,0,0,1,operator_escalation,confidence 0.539 is below the autonomous threshold 0.550,prototype_fault_reset,0.0,0,1.0,1.0,0.0,"Rollback was selected with confidence 0.539. Observed latency reached 640.00 ms, while CPU usage was 0.00% and dependency availability was 1.00. The confidence margin over Do Nothing was 0.073."
2026-09-06T19:14:30.210810+00:00,Application Latency,1200.0,1.0,526a06484cc5d50d7c0dc8b8487e4c04f32ee18de6a97eee8ae6965169fe5856,Rollback,0.0,2.635,0.0,692.9247,0.0,1.0,Rollback,Rollback,multiplicative,0.467638,0.438814,0.94,0.5,0.557278,0.105817,1,0.28364,1,1,0,autonomous,,prototype_fault_reset,1044.2977,3,1.0,1.0,0.0,"Rollback was selected with confidence 0.557. Observed latency reached 692.92 ms, while CPU usage was 0.00% and dependency availability was 1.00. The confidence margin over Do Nothing was 0.106."
2026-09-06T19:14:58.832809+00:00,Application Latency,1200.0,1.0,526a06484cc5d50d7c0dc8b8487e4c04f32ee18de6a97eee8ae6965169fe5856,Rollback,1.0,2.635,0.0,434.2179,0.0,1.0,Do Nothing,Operator Review,multiplicative,0.761273,0.761273,0.25,0.5,0.518797,0.023872,0,1.485148,0,0,1,operator_escalation,confidence 0.519 is below the autonomous threshold 0.550; confidence margin 0.024 is below the ambiguity threshold 0.030,prototype_fault_reset,0.0,0,1.0,1.0,0.0,"Do Nothing was selected with confidence 0.519. Observed latency reached 434.22 ms, while CPU usage was 1.00% and dependency availability was 1.00. The confidence margin over Rollback was 0.024."
2026-09-06T19:15:27.461734+00:00,Application Latency,1200.0,1.0,526a06484cc5d50d7c0dc8b8487e4c04f32ee18de6a97eee8ae6965169fe5856,Rollback,0.0,2.635,0.0,435.784,0.0,1.0,Do Nothing,Operator Review,multiplicative,0.760154,0.760154,0.25,0.5,0.518416,0.022795,0,0.41793,0,0,1,operator_escalation,confidence 0.518 is below the autonomous threshold 0.550; confidence margin 0.023 is below the ambiguity threshold 0.030,prototype_fault_reset,0.0,0,1.0,1.0,0.0,"Do Nothing was selected with confidence 0.518. Observed latency reached 435.78 ms, while CPU usage was 0.00% and dependency availability was 1.00. The confidence margin over Rollback was 0.023."
2026-09-06T19:15:56.075386+00:00,Application Latency,1200.0,1.0,526a06484cc5d50d7c0dc8b8487e4c04f32ee18de6a97eee8ae6965169fe5856,Rollback,1.0,2.635,0.0,710.435,0.0,1.0,Rollback,Rollback,multiplicative,0.477019,0.44882,0.94,0.666667,0.605217,0.15868,1,0.313614,1,1,0,autonomous,,prototype_fault_reset,1040.1069,3,1.0,1.0,0.0,"Rollback was selected with confidence 0.605. Observed latency reached 710.44 ms, while CPU usage was 1.00% and dependency availability was 1.00. The confidence margin over Do Nothing was 0.159."
2026-09-06T19:16:19.118534+00:00,Application Error Injection,0.1,1.0,526a06484cc5d50d7c0dc8b8487e4c04f32ee18de6a97eee8ae6965169fe5856,Do Nothing,0.0,2.635,0.0,155.1051,9.0,1.0,Rollback,Operator Review,multiplicative,0.32165,0.2829,0.95,0.75,0.504604,0.009552,0,1.568442,0,0,1,operator_escalation,confidence 0.505 is below the autonomous threshold 0.550; confidence margin 0.010 is below the ambiguity threshold 0.030,prototype_fault_reset,0.0,0,0.8875,0.933333,0.045833,"Rollback was selected with confidence 0.505. The observed error rate was 9.00% with latency of 155.11 ms. CPU usage was 0.00%, and dependency availability was 1.00. The confidence margin over Do Nothing was 0.010."
2026-09-06T19:16:42.159141+00:00,Application Error Injection,0.1,1.0,526a06484cc5d50d7c0dc8b8487e4c04f32ee18de6a97eee8ae6965169fe5856,Do Nothing,1.0,2.635,0.0,42.1295,10.0,1.0,Rollback,Operator Review,multiplicative,0.3375,0.3,0.95,0.75,0.518257,0.031255,0,0.309323,0,0,1,operator_escalation,confidence 0.518 is below the autonomous threshold 0.550,prototype_fault_reset,0.0,0,0.875,0.9,0.025,"Rollback was selected with confidence 0.518. The observed error rate was 10.00% with latency of 42.13 ms. CPU usage was 1.00%, and dependency availability was 1.00. The confidence margin over Do Nothing was 0.031."
2026-09-06T19:17:05.220785+00:00,Application Error Injection,0.1,1.0,526a06484cc5d50d7c0dc8b8487e4c04f32ee18de6a97eee8ae6965169fe5856,Do Nothing,1.0,2.6352,0.0,3.7749,11.0,1.0,Rollback,Operator Review,multiplicative,0.35625,0.32,0.95,0.75,0.533854,0.055038,0,0.569035,0,0,1,operator_escalation,confidence 0.534 is below the autonomous threshold 0.550,prototype_fault_reset,0.0,0,0.8625,0.833333,-0.029167,"Rollback was selected with confidence 0.534. The observed error rate was 11.00% with latency of 3.77 ms. CPU usage was 1.00%, and dependency availability was 1.00. The confidence margin over Do Nothing was 0.055."
2026-09-06T19:17:28.264754+00:00,Application Error Injection,0.1,1.0,526a06484cc5d50d7c0dc8b8487e4c04f32ee18de6a97eee8ae6965169fe5856,Do Nothing,0.0,2.6352,0.0,3.9151,8.0,1.0,Do Nothing,Operator Review,multiplicative,0.8,0.8,0.2,0.5,0.502973,0.017439,1,0.344415,0,0,1,operator_escalation,confidence 0.503 is below the autonomous threshold 0.550; confidence margin 0.017 is below the ambiguity threshold 0.030,prototype_fault_reset,0.0,0,0.9125,0.833333,-0.079167,"Do Nothing was selected with confidence 0.503. The observed error rate was 8.00% with latency of 3.92 ms. CPU usage was 0.00%, and dependency availability was 1.00. The confidence margin over Rollback was 0.017."
2026-09-06T19:17:51.301537+00:00,Application Error Injection,0.1,1.0,526a06484cc5d50d7c0dc8b8487e4c04f32ee18de6a97eee8ae6965169fe5856,Do Nothing,0.0,2.6352,0.0,4.0631,6.0,1.0,Do Nothing,Operator Review,multiplicative,0.85,0.85,0.2,0.5,0.518453,0.068068,1,0.417571,0,0,1,operator_escalation,confidence 0.518 is below the autonomous threshold 0.550,prototype_fault_reset,0.0,0,0.925,1.0,0.075,"Do Nothing was selected with confidence 0.518. The observed error rate was 6.00% with latency of 4.06 ms. CPU usage was 0.00%, and dependency availability was 1.00. The confidence margin over Rollback was 0.068."
2026-09-06T19:18:15.389396+00:00,Application Error Injection,0.2,1.0,526a06484cc5d50d7c0dc8b8487e4c04f32ee18de6a97eee8ae6965169fe5856,Rollback,0.0,2.6352,0.0,3.9651,14.0,1.0,Rollback,Rollback,multiplicative,0.4125,0.38,0.95,0.75,0.578094,0.124719,1,0.254487,1,1,0,autonomous,,prototype_fault_reset,1040.8825,3,0.825,1.0,0.175,"Rollback was selected with confidence 0.578. The observed error rate was 14.00% with latency of 3.97 ms. CPU usage was 0.00%, and dependency availability was 1.00. The confidence margin over Do Nothing was 0.125."
2026-09-06T19:18:39.474102+00:00,Application Error Injection,0.2,1.0,526a06484cc5d50d7c0dc8b8487e4c04f32ee18de6a97eee8ae6965169fe5856,Rollback,0.0,2.6352,0.0,3.8245,13.0,1.0,Rollback,Rollback,multiplicative,0.39375,0.36,0.95,0.8,0.572907,0.110897,1,0.575377,1,1,0,autonomous,,prototype_fault_reset,1043.8704,3,0.8375,1.0,0.1625,"Rollback was selected with confidence 0.573. The observed error rate was 13.00% with latency of 3.82 ms. CPU usage was 0.00%, and dependency availability was 1.00. The confidence margin over Do Nothing was 0.111."
2026-09-06T19:19:02.536367+00:00,Application Error Injection,0.2,1.0,526a06484cc5d50d7c0dc8b8487e4c04f32ee18de6a97eee8ae6965169fe5856,Rollback,0.0,2.6352,0.0,3.7906,10.0,1.0,Rollback,Operator Review,multiplicative,0.3375,0.3,0.95,0.833333,0.532089,0.045087,1,0.293745,0,0,1,operator_escalation,confidence 0.532 is below the autonomous threshold 0.550,prototype_fault_reset,0.0,0,0.875,0.8,-0.075,"Rollback was selected with confidence 0.532. The observed error rate was 10.00% with latency of 3.79 ms. CPU usage was 0.00%, and dependency availability was 1.00. The confidence margin over Do Nothing was 0.045."
2026-09-06T19:19:26.622900+00:00,Application Error Injection,0.2,1.0,526a06484cc5d50d7c0dc8b8487e4c04f32ee18de6a97eee8ae6965169fe5856,Rollback,0.0,2.6352,0.0,3.8162,15.0,1.0,Rollback,Rollback,multiplicative,0.43125,0.4,0.95,0.833333,0.607901,0.163331,1,0.328192,1,1,0,autonomous,,prototype_fault_reset,1043.4697,3,0.825,1.0,0.175,"Rollback was selected with confidence 0.608. The observed error rate was 15.00% with latency of 3.82 ms. CPU usage was 0.00%, and dependency availability was 1.00. The confidence margin over Do Nothing was 0.163."
2026-09-06T19:19:49.668183+00:00,Application Error Injection,0.2,1.0,526a06484cc5d50d7c0dc8b8487e4c04f32ee18de6a97eee8ae6965169fe5856,Rollback,0.0,2.6352,0.0,4.0949,9.0,1.0,Rollback,Operator Review,multiplicative,0.31875,0.28,0.95,0.857143,0.519214,0.024162,1,0.484435,0,0,1,operator_escalation,confidence 0.519 is below the autonomous threshold 0.550; confidence margin 0.024 is below the ambiguity threshold 0.030,prototype_fault_reset,0.0,0,0.8875,0.833333,-0.054167,"Rollback was selected with confidence 0.519. The observed error rate was 9.00% with latency of 4.09 ms. CPU usage was 0.00%, and dependency availability was 1.00. The confidence margin over Do Nothing was 0.024."
2026-09-06T19:20:13.785421+00:00,Application Error Injection,0.3,1.0,526a06484cc5d50d7c0dc8b8487e4c04f32ee18de6a97eee8ae6965169fe5856,Rollback,1.0,2.6352,0.0,4.3671,22.0,1.0,Rollback,Rollback,multiplicative,0.5625,0.54,0.95,0.857143,0.705218,0.230632,1,0.396841,1,1,0,autonomous,,prototype_fault_reset,1056.7819,3,0.7375,1.0,0.2625,"Rollback was selected with confidence 0.705. The observed error rate was 22.00% with latency of 4.37 ms. CPU usage was 1.00%, and dependency availability was 1.00. The confidence margin over Restart Service was 0.231."
2026-09-06T19:20:37.892301+00:00,Application Error Injection,0.3,1.0,526a06484cc5d50d7c0dc8b8487e4c04f32ee18de6a97eee8ae6965169fe5856,Rollback,0.0,2.6352,0.0,4.3965,26.0,1.0,Rollback,Rollback,multiplicative,0.6375,0.62,0.95,0.875,0.757096,0.241167,1,0.818593,1,1,0,autonomous,,prototype_fault_reset,1050.6538,3,0.675,1.0,0.325,"Rollback was selected with confidence 0.757. The observed error rate was 26.00% with latency of 4.40 ms. CPU usage was 0.00%, and dependency availability was 1.00. The confidence margin over Restart Service was 0.241."
2026-09-06T19:21:01.986632+00:00,Application Error Injection,0.3,1.0,526a06484cc5d50d7c0dc8b8487e4c04f32ee18de6a97eee8ae6965169fe5856,Rollback,0.0,2.6352,0.0,4.1479,35.0,1.0,Rollback,Rollback,multiplicative,0.80625,0.8,0.95,0.888889,0.859078,0.260477,1,0.563925,1,1,0,autonomous,,prototype_fault_reset,1043.3745,3,0.5625,1.0,0.4375,"Rollback was selected with confidence 0.859. The observed error rate was 35.00% with latency of 4.15 ms. CPU usage was 0.00%, and dependency availability was 1.00. The confidence margin over Restart Service was 0.260."
2026-09-06T19:21:26.106858+00:00,Application Error Injection,0.3,1.0,526a06484cc5d50d7c0dc8b8487e4c04f32ee18de6a97eee8ae6965169fe5856,Rollback,0.0,2.6352,0.0,3.7543,29.0,1.0,Rollback,Rollback,multiplicative,0.69375,0.68,0.95,0.9,0.796929,0.252047,1,0.548574,1,1,0,autonomous,,prototype_fault_reset,1059.8299,3,0.6375,1.0,0.3625,"Rollback was selected with confidence 0.797. The observed error rate was 29.00% with latency of 3.75 ms. CPU usage was 0.00%, and dependency availability was 1.00. The confidence margin over Restart Service was 0.252."
2026-09-06T19:21:50.196150+00:00,Application Error Injection,0.3,1.0,526a06484cc5d50d7c0dc8b8487e4c04f32ee18de6a97eee8ae6965169fe5856,Rollback,0.0,2.6352,0.0,4.3274,18.0,1.0,Rollback,Rollback,multiplicative,0.4875,0.46,0.95,0.909091,0.663385,0.234106,1,0.305445,1,1,0,autonomous,,prototype_fault_reset,1043.8566,3,0.775,1.0,0.225,"Rollback was selected with confidence 0.663. The observed error rate was 18.00% with latency of 4.33 ms. CPU usage was 0.00%, and dependency availability was 1.00. The confidence margin over Restart Service was 0.234."
2026-09-06T19:22:14.318054+00:00,Application Error Injection,0.35,1.0,526a06484cc5d50d7c0dc8b8487e4c04f32ee18de6a97eee8ae6965169fe5856,Rollback,0.0,2.6352,0.0,4.2823,32.0,1.0,Rollback,Rollback,multiplicative,0.75,0.74,0.95,0.916667,0.833791,0.261419,1,0.321284,1,1,0,autonomous,,prototype_fault_reset,1060.1928,3,0.6,1.0,0.4,"Rollback was selected with confidence 0.834. The observed error rate was 32.00% with latency of 4.28 ms. CPU usage was 0.00%, and dependency availability was 1.00. The confidence margin over Restart Service was 0.261."
2026-09-06T19:22:38.404736+00:00,Application Error Injection,0.35,1.0,526a06484cc5d50d7c0dc8b8487e4c04f32ee18de6a97eee8ae6965169fe5856,Rollback,0.0,2.6352,0.0,3.9565,24.0,1.0,Rollback,Rollback,multiplicative,0.6,0.58,0.95,0.923077,0.74325,0.247562,1,0.323988,1,1,0,autonomous,,prototype_fault_reset,1044.939,3,0.7,1.0,0.3,"Rollback was selected with confidence 0.743. The observed error rate was 24.00% with latency of 3.96 ms. CPU usage was 0.00%, and dependency availability was 1.00. The confidence margin over Restart Service was 0.248."
2026-09-06T19:23:02.522534+00:00,Application Error Injection,0.35,1.0,526a06484cc5d50d7c0dc8b8487e4c04f32ee18de6a97eee8ae6965169fe5856,Rollback,0.0,2.6352,0.0,3.6762,23.0,1.0,Rollback,Rollback,multiplicative,0.58125,0.56,0.95,0.928571,0.732019,0.246767,1,0.435606,1,1,0,autonomous,,prototype_fault_reset,1054.0821,3,0.7125,1.0,0.2875,"Rollback was selected with confidence 0.732. The observed error rate was 23.00% with latency of 3.68 ms. CPU usage was 0.00%, and dependency availability was 1.00. The confidence margin over Restart Service was 0.247."
2026-09-06T19:23:26.607176+00:00,Application Error Injection,0.35,1.0,526a06484cc5d50d7c0dc8b8487e4c04f32ee18de6a97eee8ae6965169fe5856,Rollback,0.0,2.6357,0.0,3.4258,27.0,1.0,Rollback,Rollback,multiplicative,0.65625,0.64,0.95,0.933333,0.781182,0.255425,1,0.304015,1,1,0,autonomous,,prototype_fault_reset,1042.989,3,0.6625,1.0,0.3375,"Rollback was selected with confidence 0.781. The observed error rate was 27.00% with latency of 3.43 ms. CPU usage was 0.00%, and dependency availability was 1.00. The confidence margin over Restart Service was 0.255."
2026-09-06T19:23:50.682523+00:00,Application Error Injection,0.35,1.0,526a06484cc5d50d7c0dc8b8487e4c04f32ee18de6a97eee8ae6965169fe5856,Rollback,0.0,2.6359,0.0,3.1875,23.0,1.0,Rollback,Rollback,multiplicative,0.58125,0.56,0.95,0.9375,0.733773,0.248521,1,0.30023,1,1,0,autonomous,,prototype_fault_reset,1040.9192,3,0.7125,1.0,0.2875,"Rollback was selected with confidence 0.734. The observed error rate was 23.00% with latency of 3.19 ms. CPU usage was 0.00%, and dependency availability was 1.00. The confidence margin over Restart Service was 0.249."
2026-09-06T19:24:14.766108+00:00,Application Error Injection,0.4,1.0,526a06484cc5d50d7c0dc8b8487e4c04f32ee18de6a97eee8ae6965169fe5856,Rollback,0.0,2.6359,0.0,3.0591,31.0,1.0,Rollback,Rollback,multiplicative,0.73125,0.72,0.95,0.941176,0.82832,0.264963,1,0.423596,1,1,0,autonomous,,prototype_fault_reset,1038.1564,3,0.6125,1.0,0.3875,"Rollback was selected with confidence 0.828. The observed error rate was 31.00% with latency of 3.06 ms. CPU usage was 0.00%, and dependency availability was 1.00. The confidence margin over Restart Service was 0.265."
2026-09-06T19:24:38.834984+00:00,Application Error Injection,0.4,1.0,526a06484cc5d50d7c0dc8b8487e4c04f32ee18de6a97eee8ae6965169fe5856,Rollback,0.0,2.6359,0.0,2.9487,34.0,1.0,Rollback,Rollback,multiplicative,0.7875,0.78,0.95,0.944444,0.861611,0.271624,1,0.262301,1,1,0,autonomous,,prototype_fault_reset,1035.6759,3,0.575,1.0,0.425,"Rollback was selected with confidence 0.862. The observed error rate was 34.00% with latency of 2.95 ms. CPU usage was 0.00%, and dependency availability was 1.00. The confidence margin over Restart Service was 0.272."
2026-09-06T19:25:02.917111+00:00,Application Error Injection,0.4,1.0,526a06484cc5d50d7c0dc8b8487e4c04f32ee18de6a97eee8ae6965169fe5856,Rollback,0.0,2.6359,0.0,2.7707,31.0,1.0,Rollback,Rollback,multiplicative,0.73125,0.72,0.95,0.947368,0.829679,0.266322,1,0.271484,1,1,0,autonomous,,prototype_fault_reset,1037.0718,3,0.6125,1.0,0.3875,"Rollback was selected with confidence 0.830. The observed error rate was 31.00% with latency of 2.77 ms. CPU usage was 0.00%, and dependency availability was 1.00. The confidence margin over Restart Service was 0.266."
2026-09-06T19:25:26.993385+00:00,Application Error Injection,0.4,1.0,526a06484cc5d50d7c0dc8b8487e4c04f32ee18de6a97eee8ae6965169fe5856,Rollback,0.0,2.6359,0.0,2.9744,26.0,1.0,Rollback,Rollback,multiplicative,0.6375,0.62,0.95,0.95,0.772823,0.256894,1,0.447117,1,1,0,autonomous,,prototype_fault_reset,1038.097,3,0.675,1.0,0.325,"Rollback was selected with confidence 0.773. The observed error rate was 26.00% with latency of 2.97 ms. CPU usage was 0.00%, and dependency availability was 1.00. The confidence margin over Restart Service was 0.257."
2026-09-06T19:25:51.066956+00:00,Application Error Injection,0.4,1.0,526a06484cc5d50d7c0dc8b8487e4c04f32ee18de6a97eee8ae6965169fe5856,Rollback,0.0,2.6359,0.0,3.1584,30.0,1.0,Rollback,Rollback,multiplicative,0.7125,0.7,0.95,0.952381,0.819604,0.265408,1,0.296012,1,1,0,autonomous,,prototype_fault_reset,1037.4264,3,0.625,1.0,0.375,"Rollback was selected with confidence 0.820. The observed error rate was 30.00% with latency of 3.16 ms. CPU usage was 0.00%, and dependency availability was 1.00. The confidence margin over Restart Service was 0.265."
2026-09-06T19:26:14.119442+00:00,Service Dependency Failure,1.0,1.0,526a06484cc5d50d7c0dc8b8487e4c04f32ee18de6a97eee8ae6965169fe5856,Restart Dependency,0.0,2.6359,0.0,2.6082,60.0,0.0,Restart Dependency,Operator Review,multiplicative,0.9,1.0,0.94,0.5,0.806464,0.006513,1,0.500777,0,0,1,operator_escalation,confidence margin 0.007 is below the ambiguity threshold 0.030,prototype_fault_reset,0.0,0,0.0,0.0,0.0,"Restart Dependency was selected with confidence 0.806. Dependency availability was 0.00, error rate was 60.00%, and latency was 2.61 ms. The confidence margin over Circuit Breaker was 0.007."
2026-09-06T19:26:37.162463+00:00,Service Dependency Failure,1.0,1.0,526a06484cc5d50d7c0dc8b8487e4c04f32ee18de6a97eee8ae6965169fe5856,Restart Dependency,0.0,2.6359,0.0,1.562,88.0,0.0,Restart Dependency,Operator Review,multiplicative,0.9,1.0,0.94,0.5,0.806464,0.006513,1,1.329463,0,0,1,operator_escalation,confidence margin 0.007 is below the ambiguity threshold 0.030,prototype_fault_reset,0.0,0,0.0,0.0,0.0,"Restart Dependency was selected with confidence 0.806. Dependency availability was 0.00, error rate was 88.00%, and latency was 1.56 ms. The confidence margin over Circuit Breaker was 0.007."
2026-09-06T19:27:00.197406+00:00,Service Dependency Failure,1.0,1.0,526a06484cc5d50d7c0dc8b8487e4c04f32ee18de6a97eee8ae6965169fe5856,Restart Dependency,0.0,2.6359,0.0,0.5017,88.0,0.0,Restart Dependency,Operator Review,multiplicative,0.9,1.0,0.94,0.5,0.806464,0.006513,1,0.481684,0,0,1,operator_escalation,confidence margin 0.007 is below the ambiguity threshold 0.030,prototype_fault_reset,0.0,0,0.0,0.0,0.0,"Restart Dependency was selected with confidence 0.806. Dependency availability was 0.00, error rate was 88.00%, and latency was 0.50 ms. The confidence margin over Circuit Breaker was 0.007."
2026-09-06T19:27:23.250550+00:00,Service Dependency Failure,1.0,1.0,526a06484cc5d50d7c0dc8b8487e4c04f32ee18de6a97eee8ae6965169fe5856,Restart Dependency,0.0,2.6359,0.0,0.5013,88.0,0.0,Restart Dependency,Operator Review,multiplicative,0.9,1.0,0.94,0.5,0.806464,0.006513,1,0.451009,0,0,1,operator_escalation,confidence margin 0.007 is below the ambiguity threshold 0.030,prototype_fault_reset,0.0,0,0.0,0.0,0.0,"Restart Dependency was selected with confidence 0.806. Dependency availability was 0.00, error rate was 88.00%, and latency was 0.50 ms. The confidence margin over Circuit Breaker was 0.007."
2026-09-06T19:27:46.284580+00:00,Service Dependency Failure,1.0,1.0,526a06484cc5d50d7c0dc8b8487e4c04f32ee18de6a97eee8ae6965169fe5856,Restart Dependency,0.0,2.6359,0.0,0.4763,88.0,0.0,Restart Dependency,Operator Review,multiplicative,0.9,1.0,0.94,0.5,0.806464,0.006513,1,0.3414,0,0,1,operator_escalation,confidence margin 0.007 is below the ambiguity threshold 0.030,prototype_fault_reset,0.0,0,0.0,0.0,0.0,"Restart Dependency was selected with confidence 0.806. Dependency availability was 0.00, error rate was 88.00%, and latency was 0.48 ms. The confidence margin over Circuit Breaker was 0.007."
